"../../../Engine/Plugins/2D/Paper2D/Content/PlaceholderTextures/DummySpriteTexture.ubulk" 0
"../../../Engine/Plugins/2D/Paper2D/Content/PlaceholderTextures/DummySpriteTexture.uasset" 1
"../../../Engine/Plugins/2D/Paper2D/Content/PlaceholderTextures/DummySpriteTexture.uexp" 2
"../../../Engine/Plugins/2D/Paper2D/Content/DummySprite.uasset" 3
"../../../Engine/Plugins/2D/Paper2D/Content/DummySprite.uexp" 4
"../../../Engine/Plugins/2D/Paper2D/Content/DefaultPaperTerrainMaterial.uasset" 5
"../../../Engine/Plugins/2D/Paper2D/Content/DefaultPaperTerrainMaterial.uexp" 6
"../../../Engine/Plugins/Animation/ACLPlugin/Content/ACLAnimBoneCompressionSettings.uasset" 7
"../../../Engine/Plugins/Animation/ACLPlugin/Content/ACLAnimBoneCompressionSettings.uexp" 8
"../../../Engine/Content/EngineFonts/Faces/DroidSansFallback.uexp" 9
"../../../Engine/Content/EngineFonts/Faces/DroidSansFallback.uasset" 10
"../../../Engine/Content/EngineFonts/Faces/DroidSansFallback.ufont" 11
"../../../Engine/Content/EngineFonts/Faces/RobotoBold.uexp" 12
"../../../Engine/Content/EngineFonts/Faces/RobotoBold.uasset" 13
"../../../Engine/Content/EngineFonts/Faces/RobotoBold.ufont" 14
"../../../Engine/Content/EngineFonts/Faces/RobotoBoldItalic.uexp" 15
"../../../Engine/Content/EngineFonts/Faces/RobotoBoldItalic.uasset" 16
"../../../Engine/Content/EngineFonts/Faces/RobotoBoldItalic.ufont" 17
"../../../Engine/Content/EngineFonts/Faces/RobotoItalic.uexp" 18
"../../../Engine/Content/EngineFonts/Faces/RobotoItalic.uasset" 19
"../../../Engine/Content/EngineFonts/Faces/RobotoItalic.ufont" 20
"../../../Engine/Content/EngineFonts/Faces/RobotoLight.uexp" 21
"../../../Engine/Content/EngineFonts/Faces/RobotoLight.uasset" 22
"../../../Engine/Content/EngineFonts/Faces/RobotoLight.ufont" 23
"../../../Engine/Content/EngineFonts/Faces/RobotoRegular.uexp" 24
"../../../Engine/Content/EngineFonts/Faces/RobotoRegular.uasset" 25
"../../../Engine/Content/EngineFonts/Faces/RobotoRegular.ufont" 26
"../../../Engine/Content/EngineFonts/Roboto.uasset" 27
"../../../Engine/Content/EngineFonts/Roboto.uexp" 28
"../../../Engine/Content/EngineMaterials/DefaultDestructiblePhysicalMaterial.uasset" 29
"../../../Engine/Content/EngineMaterials/DefaultDestructiblePhysicalMaterial.uexp" 30
"../../../Engine/Content/EngineMaterials/DefaultPhysicalMaterial.uasset" 31
"../../../Engine/Content/EngineMaterials/DefaultPhysicalMaterial.uexp" 32
"../../../Engine/Content/EngineSounds/Master.uasset" 33
"../../../Engine/Content/EngineSounds/Master.uexp" 34
"../../../Engine/Plugins/Experimental/Water/Content/Waves/GerstnerWaves_Lake.uasset" 35
"../../../Engine/Plugins/Experimental/Water/Content/Waves/GerstnerWaves_Lake.uexp" 36
"../../../Engine/Plugins/Experimental/Water/Content/Waves/GerstnerWaves_Ocean.uasset" 37
"../../../Engine/Plugins/Experimental/Water/Content/Waves/GerstnerWaves_Ocean.uexp" 38
"../../../Engine/Content/EngineResources/DefaultTexture.ubulk" 39
"../../../Engine/Content/EngineResources/DefaultTexture.uasset" 40
"../../../Engine/Content/EngineResources/DefaultTexture.uexp" 41
"../../../Engine/Plugins/Animation/DeformerGraph/Content/DeformerFunctions/DG_Function_LinearBlendSkin_Morph_Cloth.uasset" 42
"../../../Engine/Plugins/Animation/DeformerGraph/Content/DeformerFunctions/DG_Function_LinearBlendSkin_Morph_Cloth.uexp" 43
"../../../Engine/Plugins/Animation/DeformerGraph/Content/Deformers/DG_LinearBlendSkin_Morph_Cloth.uasset" 44
"../../../Engine/Plugins/Animation/DeformerGraph/Content/Deformers/DG_LinearBlendSkin_Morph_Cloth.uexp" 45
"../../../Engine/Plugins/Animation/DeformerGraph/Content/DeformerFunctions/DG_Function_ComputeNormalsTangents.uasset" 46
"../../../Engine/Plugins/Animation/DeformerGraph/Content/DeformerFunctions/DG_Function_ComputeNormalsTangents.uexp" 47
"../../../Engine/Plugins/Animation/DeformerGraph/Content/DeformerFunctions/DG_Function_LinearBlendSkin_Morph_Cloth_PositionOnly.uasset" 48
"../../../Engine/Plugins/Animation/DeformerGraph/Content/DeformerFunctions/DG_Function_LinearBlendSkin_Morph_Cloth_PositionOnly.uexp" 49
"../../../Engine/Plugins/Animation/DeformerGraph/Content/Deformers/DG_LinearBlendSkin_Morph_Cloth_RecomputeNormals.uasset" 50
"../../../Engine/Plugins/Animation/DeformerGraph/Content/Deformers/DG_LinearBlendSkin_Morph_Cloth_RecomputeNormals.uexp" 51
"../../../Engine/Content/EngineResources/DefaultTextureCube.uasset" 52
"../../../Engine/Content/EngineResources/DefaultTextureCube.uexp" 53
"../../../Engine/Content/VREditor/LaserPointer/VR_LaserPower_01.ubulk" 54
"../../../Engine/Content/VREditor/LaserPointer/VR_LaserPower_01.uasset" 55
"../../../Engine/Content/VREditor/LaserPointer/VR_LaserPower_01.uexp" 56
"../../../Engine/Content/VREditor/TransformGizmo/TransformGizmoMaterial.uasset" 57
"../../../Engine/Content/VREditor/TransformGizmo/TransformGizmoMaterial.uexp" 58
"../../../Engine/Content/VREditor/TransformGizmo/TranslucentTransformGizmoMaterial.uasset" 59
"../../../Engine/Content/VREditor/TransformGizmo/TranslucentTransformGizmoMaterial.uexp" 60
"../../../Engine/Content/VREditor/TransformGizmo/BoundingBoxCorner.ubulk" 61
"../../../Engine/Content/VREditor/TransformGizmo/BoundingBoxCorner.uasset" 62
"../../../Engine/Content/VREditor/TransformGizmo/BoundingBoxCorner.uexp" 63
"../../../Engine/Content/EngineResources/GradientTexture0.uasset" 64
"../../../Engine/Content/EngineResources/GradientTexture0.uexp" 65
"../../../Engine/Content/VREditor/TransformGizmo/BoundingBoxEdge.ubulk" 66
"../../../Engine/Content/VREditor/TransformGizmo/BoundingBoxEdge.uasset" 67
"../../../Engine/Content/VREditor/TransformGizmo/BoundingBoxEdge.uexp" 68
"C:/Users/djd10/OneDrive/Desktop/Game/The-Immortals-Alpha-build/Content/DemoTemplate/_Core/DevCom/StrT_DevCom.uasset" 69
"C:/Users/djd10/OneDrive/Desktop/Game/The-Immortals-Alpha-build/Content/DemoTemplate/_Core/DevCom/StrT_DevCom.uexp" 70
"C:/Users/djd10/OneDrive/Desktop/Game/The-Immortals-Alpha-build/Content/DemoTemplate/_Core/DevCom/StrT_Titles.uasset" 71
"C:/Users/djd10/OneDrive/Desktop/Game/The-Immortals-Alpha-build/Content/DemoTemplate/_Core/DevCom/StrT_Titles.uexp" 72
"../../../Engine/Content/EngineResources/LandscapeVisibilityLayerInfo.uasset" 73
"../../../Engine/Content/EngineResources/LandscapeVisibilityLayerInfo.uexp" 74
"../../../Engine/Plugins/2D/Paper2D/Content/DefaultSpriteMaterial.uasset" 75
"../../../Engine/Plugins/2D/Paper2D/Content/DefaultSpriteMaterial.uexp" 76
"../../../Engine/Plugins/2D/Paper2D/Content/MaskedUnlitSpriteMaterial.uasset" 77
"../../../Engine/Plugins/2D/Paper2D/Content/MaskedUnlitSpriteMaterial.uexp" 78
"../../../Engine/Plugins/2D/Paper2D/Content/OpaqueUnlitSpriteMaterial.uasset" 79
"../../../Engine/Plugins/2D/Paper2D/Content/OpaqueUnlitSpriteMaterial.uexp" 80
"../../../Engine/Content/Functions/Engine_MaterialFunctions02/WorldPositionOffset/CameraOffset.uasset" 81
"../../../Engine/Content/Functions/Engine_MaterialFunctions02/WorldPositionOffset/CameraOffset.uexp" 82
"../../../Engine/Plugins/Animation/ControlRig/Content/M_Manip.uasset" 83
"../../../Engine/Plugins/Animation/ControlRig/Content/M_Manip.uexp" 84
"../../../Engine/Content/Functions/Engine_MaterialFunctions02/Utility/VectorLength.uasset" 85
"../../../Engine/Content/Functions/Engine_MaterialFunctions02/Utility/VectorLength.uexp" 86
"../../../Engine/Content/Functions/Engine_MaterialFunctions02/WorldPositionOffset/ObjectScale.uasset" 87
"../../../Engine/Content/Functions/Engine_MaterialFunctions02/WorldPositionOffset/ObjectScale.uexp" 88
"../../../Engine/Content/Functions/Engine_MaterialFunctions02/Utility/BreakOutFloat3Components.uasset" 89
"../../../Engine/Content/Functions/Engine_MaterialFunctions02/Utility/BreakOutFloat3Components.uexp" 90
"../../../Engine/Plugins/Editor/SpeedTreeImporter/Content/SpeedTree9/Empty.uasset" 91
"../../../Engine/Plugins/Editor/SpeedTreeImporter/Content/SpeedTree9/Empty.uexp" 92
"../../../Engine/Plugins/Editor/SpeedTreeImporter/Content/SpeedTree9/EmptyNormal.uasset" 93
"../../../Engine/Plugins/Editor/SpeedTreeImporter/Content/SpeedTree9/EmptyNormal.uexp" 94
"../../../Engine/Plugins/Editor/SpeedTreeImporter/Content/SpeedTree9/game_wind_noise.ubulk" 95
"../../../Engine/Plugins/Editor/SpeedTreeImporter/Content/SpeedTree9/game_wind_noise.uasset" 96
"../../../Engine/Plugins/Editor/SpeedTreeImporter/Content/SpeedTree9/game_wind_noise.uexp" 97
"../../../Engine/Plugins/Editor/SpeedTreeImporter/Content/SpeedTree9/SpeedTreeBillboard.uasset" 98
"../../../Engine/Plugins/Editor/SpeedTreeImporter/Content/SpeedTree9/SpeedTreeBillboard.uexp" 99
"../../../Engine/Content/Functions/Engine_MaterialFunctions02/SafeNormalize.uasset" 100
"../../../Engine/Content/Functions/Engine_MaterialFunctions02/SafeNormalize.uexp" 101
"../../../Engine/Plugins/Editor/SpeedTreeImporter/Content/SpeedTree9/SpeedTreeWindMotion.uasset" 102
"../../../Engine/Plugins/Editor/SpeedTreeImporter/Content/SpeedTree9/SpeedTreeWindMotion.uexp" 103
"../../../Engine/Plugins/Editor/SpeedTreeImporter/Content/SpeedTree9/UnpackDirection.uasset" 104
"../../../Engine/Plugins/Editor/SpeedTreeImporter/Content/SpeedTree9/UnpackDirection.uexp" 105
"../../../Engine/Plugins/Editor/SpeedTreeImporter/Content/SpeedTree9/UnpackInteger3.uasset" 106
"../../../Engine/Plugins/Editor/SpeedTreeImporter/Content/SpeedTree9/UnpackInteger3.uexp" 107
"../../../Engine/Plugins/Editor/SpeedTreeImporter/Content/SpeedTree9/SpeedTreeBranchMotion.uasset" 108
"../../../Engine/Plugins/Editor/SpeedTreeImporter/Content/SpeedTree9/SpeedTreeBranchMotion.uexp" 109
"../../../Engine/Content/Functions/Engine_MaterialFunctions02/ObjectLocalBounds.uasset" 110
"../../../Engine/Content/Functions/Engine_MaterialFunctions02/ObjectLocalBounds.uexp" 111
"../../../Engine/Content/Functions/Engine_MaterialFunctions02/UVs/BoundingBoxBased_0-1_UVW.uasset" 112
"../../../Engine/Content/Functions/Engine_MaterialFunctions02/UVs/BoundingBoxBased_0-1_UVW.uexp" 113
"../../../Engine/Plugins/Editor/SpeedTreeImporter/Content/SpeedTree9/SpeedTreeWind.uasset" 114
"../../../Engine/Plugins/Editor/SpeedTreeImporter/Content/SpeedTree9/SpeedTreeWind.uexp" 115
"../../../Engine/Plugins/Editor/SpeedTreeImporter/Content/SpeedTree9/SpeedTreeBillboardMaster.uasset" 116
"../../../Engine/Plugins/Editor/SpeedTreeImporter/Content/SpeedTree9/SpeedTreeBillboardMaster.uexp" 117
"../../../Engine/Plugins/Editor/SpeedTreeImporter/Content/SpeedTree9/SpeedTreeCameraFacing.uasset" 118
"../../../Engine/Plugins/Editor/SpeedTreeImporter/Content/SpeedTree9/SpeedTreeCameraFacing.uexp" 119
"../../../Engine/Plugins/Editor/SpeedTreeImporter/Content/SpeedTree9/SpeedTreeMaster.uasset" 120
"../../../Engine/Plugins/Editor/SpeedTreeImporter/Content/SpeedTree9/SpeedTreeMaster.uexp" 121
"../../../Engine/Content/VREditor/TransformGizmo/Main.uasset" 122
"../../../Engine/Content/VREditor/TransformGizmo/Main.uexp" 123
"../../../Engine/Content/VREditor/TransformGizmo/Xray.uasset" 124
"../../../Engine/Content/VREditor/TransformGizmo/Xray.uexp" 125
"../../../Engine/Content/VREditor/TransformGizmo/SM_Sequencer_Node.ubulk" 126
"../../../Engine/Content/VREditor/TransformGizmo/SM_Sequencer_Node.uasset" 127
"../../../Engine/Content/VREditor/TransformGizmo/SM_Sequencer_Node.uexp" 128
"../../../Engine/Plugins/Interchange/Assets/Content/Functions/MX_AbsorptionVDF.uasset" 129
"../../../Engine/Plugins/Interchange/Assets/Content/Functions/MX_AbsorptionVDF.uexp" 130
"../../../Engine/Plugins/Interchange/Assets/Content/Functions/MX_AnisotropicVDF.uasset" 131
"../../../Engine/Plugins/Interchange/Assets/Content/Functions/MX_AnisotropicVDF.uexp" 132
"../../../Engine/Plugins/Interchange/Assets/Content/Functions/MX_BurleyDiffuseBSDF.uasset" 133
"../../../Engine/Plugins/Interchange/Assets/Content/Functions/MX_BurleyDiffuseBSDF.uexp" 134
"../../../Engine/Plugins/Interchange/Assets/Content/Functions/MX_ChiangHairBSDF.uasset" 135
"../../../Engine/Plugins/Interchange/Assets/Content/Functions/MX_ChiangHairBSDF.uexp" 136
"../../../Engine/Content/EngineSky/M_SimpleSkyDome.uasset" 137
"../../../Engine/Content/EngineSky/M_SimpleSkyDome.uexp" 138
"../../../Engine/Plugins/Interchange/Assets/Content/Functions/MX_ConductorBSDF.uasset" 139
"../../../Engine/Plugins/Interchange/Assets/Content/Functions/MX_ConductorBSDF.uexp" 140
"../../../Engine/Plugins/Interchange/Assets/Content/Functions/MX_ConicalEDF.uasset" 141
"../../../Engine/Plugins/Interchange/Assets/Content/Functions/MX_ConicalEDF.uexp" 142
"../../../Engine/Content/EngineSky/T_Sky_Blue.ubulk" 143
"../../../Engine/Content/EngineSky/T_Sky_Blue.uasset" 144
"../../../Engine/Content/EngineSky/T_Sky_Blue.uexp" 145
"../../../Engine/Content/EngineSky/T_Sky_Clouds_M.ubulk" 146
"../../../Engine/Content/EngineSky/T_Sky_Clouds_M.uasset" 147
"../../../Engine/Content/EngineSky/T_Sky_Clouds_M.uexp" 148
"../../../Engine/Content/EngineSky/T_Sky_Stars.ubulk" 149
"../../../Engine/Content/EngineSky/T_Sky_Stars.uasset" 150
"../../../Engine/Content/EngineSky/T_Sky_Stars.uexp" 151
"../../../Engine/Content/EngineSky/M_Sky_Panning_Clouds2.uasset" 152
"../../../Engine/Content/EngineSky/M_Sky_Panning_Clouds2.uexp" 153
"../../../Engine/Content/EngineSky/SM_SkySphere.ubulk" 154
"../../../Engine/Content/EngineSky/SM_SkySphere.uasset" 155
"../../../Engine/Content/EngineSky/SM_SkySphere.uexp" 156
"../../../Engine/Plugins/Interchange/Assets/Content/Functions/MX_DielectricBSDF.uasset" 157
"../../../Engine/Plugins/Interchange/Assets/Content/Functions/MX_DielectricBSDF.uexp" 158
"../../../Engine/Content/Functions/Engine_MaterialFunctions02/Utility/BlendAngleCorrectedNormals.uasset" 159
"../../../Engine/Content/Functions/Engine_MaterialFunctions02/Utility/BlendAngleCorrectedNormals.uexp" 160
"../../../Engine/Plugins/Interchange/Assets/Content/Functions/MX_Displacement.uasset" 161
"../../../Engine/Plugins/Interchange/Assets/Content/Functions/MX_Displacement.uexp" 162
"../../../Engine/Plugins/Interchange/Assets/Content/Functions/MX_GeneralizedSchlickBSDF.uasset" 163
"../../../Engine/Plugins/Interchange/Assets/Content/Functions/MX_GeneralizedSchlickBSDF.uexp" 164
"../../../Engine/Content/EditorMaterials/Dataflow/DataflowTwoSidedVertexMaterial.uasset" 165
"../../../Engine/Content/EditorMaterials/Dataflow/DataflowTwoSidedVertexMaterial.uexp" 166
"../../../Engine/Content/EngineMaterials/T_Default_Material_Grid_M.ubulk" 167
"../../../Engine/Content/EngineMaterials/T_Default_Material_Grid_M.uasset" 168
"../../../Engine/Content/EngineMaterials/T_Default_Material_Grid_M.uexp" 169
"../../../Engine/Content/EngineMaterials/T_Default_Material_Grid_N.ubulk" 170
"../../../Engine/Content/EngineMaterials/T_Default_Material_Grid_N.uasset" 171
"../../../Engine/Content/EngineMaterials/T_Default_Material_Grid_N.uexp" 172
"../../../Engine/Content/Functions/Engine_MaterialFunctions01/Opacity/CameraDepthFade.uasset" 173
"../../../Engine/Content/Functions/Engine_MaterialFunctions01/Opacity/CameraDepthFade.uexp" 174
"../../../Engine/Content/EngineMaterials/WorldGridMaterial.uasset" 175
"../../../Engine/Content/EngineMaterials/WorldGridMaterial.uexp" 176
"../../../Engine/Plugins/Media/MediaPlate/Content/SM_MediaPlateScreen.ubulk" 177
"../../../Engine/Plugins/Media/MediaPlate/Content/SM_MediaPlateScreen.uasset" 178
"../../../Engine/Plugins/Media/MediaPlate/Content/SM_MediaPlateScreen.uexp" 179
"../../../Engine/Content/EditorMaterials/Dataflow/DataflowVertexMaterial.uasset" 180
"../../../Engine/Content/EditorMaterials/Dataflow/DataflowVertexMaterial.uexp" 181
"../../../Engine/Plugins/NNE/NNEDenoiser/Content/NNEDIM_ColorAlbedoNormal_Alpha.uasset" 182
"../../../Engine/Plugins/NNE/NNEDenoiser/Content/NNEDIM_ColorAlbedoNormal_Alpha.uexp" 183
"../../../Engine/Plugins/NNE/NNEDenoiser/Content/NNEDIM_ColorAlbedoNormal_Default.uasset" 184
"../../../Engine/Plugins/NNE/NNEDenoiser/Content/NNEDIM_ColorAlbedoNormal_Default.uexp" 185
"../../../Engine/Plugins/Interchange/Assets/Content/Functions/MX_MeasuredEDF.uasset" 186
"../../../Engine/Plugins/Interchange/Assets/Content/Functions/MX_MeasuredEDF.uexp" 187
"../../../Engine/Plugins/NNE/NNEDenoiser/Content/NNEDIM_HighQuality_Alpha.uasset" 188
"../../../Engine/Plugins/NNE/NNEDenoiser/Content/NNEDIM_HighQuality_Alpha.uexp" 189
"../../../Engine/Plugins/NNE/NNEDenoiser/Content/NNEDIM_HighQuality_Default.uasset" 190
"../../../Engine/Plugins/NNE/NNEDenoiser/Content/NNEDIM_HighQuality_Default.uexp" 191
"../../../Engine/Plugins/NNE/NNEDenoiser/Content/NNEDOM_Output_Alpha.uasset" 192
"../../../Engine/Plugins/NNE/NNEDenoiser/Content/NNEDOM_Output_Alpha.uexp" 193
"../../../Engine/Plugins/NNE/NNEDenoiser/Content/NNEDOM_Output_Default.uasset" 194
"../../../Engine/Plugins/NNE/NNEDenoiser/Content/NNEDOM_Output_Default.uexp" 195
"../../../Engine/Plugins/NNE/NNEDenoiser/Content/NNEDTIM_ColorAlbedoNormal_Alpha.uasset" 196
"../../../Engine/Plugins/NNE/NNEDenoiser/Content/NNEDTIM_ColorAlbedoNormal_Alpha.uexp" 197
"../../../Engine/Plugins/Interchange/Assets/Content/Functions/MF_IridescenceNoLUT.uasset" 198
"../../../Engine/Plugins/Interchange/Assets/Content/Functions/MF_IridescenceNoLUT.uexp" 199
"../../../Engine/Plugins/Interchange/Assets/Content/Functions/MX_StandardSurface.uasset" 200
"../../../Engine/Plugins/Interchange/Assets/Content/Functions/MX_StandardSurface.uexp" 201
"../../../Engine/Plugins/Interchange/Assets/Content/Functions/MX_OpenPBR_Opaque.uasset" 202
"../../../Engine/Plugins/Interchange/Assets/Content/Functions/MX_OpenPBR_Opaque.uexp" 203
"../../../Engine/Plugins/NNE/NNEDenoiser/Content/NNEDTIM_ColorAlbedoNormal_Default.uasset" 204
"../../../Engine/Plugins/NNE/NNEDenoiser/Content/NNEDTIM_ColorAlbedoNormal_Default.uexp" 205
"../../../Engine/Plugins/NNE/NNEDenoiser/Content/NNEDTOM_Output_Alpha.uasset" 206
"../../../Engine/Plugins/NNE/NNEDenoiser/Content/NNEDTOM_Output_Alpha.uexp" 207
"../../../Engine/Plugins/Interchange/Assets/Content/Functions/MX_TransmissionSurface.uasset" 208
"../../../Engine/Plugins/Interchange/Assets/Content/Functions/MX_TransmissionSurface.uexp" 209
"../../../Engine/Plugins/Interchange/Assets/Content/Functions/MX_OpenPBR_Translucent.uasset" 210
"../../../Engine/Plugins/Interchange/Assets/Content/Functions/MX_OpenPBR_Translucent.uexp" 211
"../../../Engine/Plugins/NNE/NNEDenoiser/Content/NNEDTOM_Output_Default.uasset" 212
"../../../Engine/Plugins/NNE/NNEDenoiser/Content/NNEDTOM_Output_Default.uexp" 213
"../../../Engine/Plugins/NNE/NNEDenoiser/Content/NNEDT_Oidn2-3_Balanced.uasset" 214
"../../../Engine/Plugins/NNE/NNEDenoiser/Content/NNEDT_Oidn2-3_Balanced.uexp" 215
"../../../Engine/Plugins/NNE/NNEDenoiser/Content/NNEDT_Oidn2-3_Balanced_Alpha.uasset" 216
"../../../Engine/Plugins/NNE/NNEDenoiser/Content/NNEDT_Oidn2-3_Balanced_Alpha.uexp" 217
"../../../Engine/Content/EditorResources/BSPVertex.uasset" 218
"../../../Engine/Content/EditorResources/BSPVertex.uexp" 219
"../../../Engine/Plugins/NNE/NNEDenoiser/Content/NNED_Oidn2-3_Balanced.uasset" 220
"../../../Engine/Plugins/NNE/NNEDenoiser/Content/NNED_Oidn2-3_Balanced.uexp" 221
"../../../Engine/Plugins/NNE/NNEDenoiser/Content/NNED_Oidn2-3_Balanced_Alpha.uasset" 222
"../../../Engine/Plugins/NNE/NNEDenoiser/Content/NNED_Oidn2-3_Balanced_Alpha.uexp" 223
"../../../Engine/Plugins/NNE/NNEDenoiser/Content/NNED_Oidn2-3_Fast.uasset" 224
"../../../Engine/Plugins/NNE/NNEDenoiser/Content/NNED_Oidn2-3_Fast.uexp" 225
"../../../Engine/Plugins/NNE/NNEDenoiser/Content/NNED_Oidn2-3_Fast_Alpha.uasset" 226
"../../../Engine/Plugins/NNE/NNEDenoiser/Content/NNED_Oidn2-3_Fast_Alpha.uexp" 227
"../../../Engine/Plugins/NNE/NNEDenoiser/Content/NNED_Oidn2-3_HighQuality.uasset" 228
"../../../Engine/Plugins/NNE/NNEDenoiser/Content/NNED_Oidn2-3_HighQuality.uexp" 229
"../../../Engine/Plugins/NNE/NNEDenoiser/Content/NNED_Oidn2-3_HighQuality_Alpha.uasset" 230
"../../../Engine/Plugins/NNE/NNEDenoiser/Content/NNED_Oidn2-3_HighQuality_Alpha.uexp" 231
"../../../Engine/Plugins/NNE/NNEDenoiser/Content/NNE_oidn2-3-0_rt_hdr_alb_nrm_small__dyn__fp16_opset11_DenoiseAlpha.uasset" 232
"../../../Engine/Plugins/NNE/NNEDenoiser/Content/NNE_oidn2-3-0_rt_hdr_alb_nrm_small__dyn__fp16_opset11_DenoiseAlpha.uexp" 233
"../../../Engine/Plugins/NNE/NNEDenoiser/Content/NNE_oidn2-3-0_rt_hdr_alb_nrm_small__dyn__fp16_opset11_ForwardAlpha.uasset" 234
"../../../Engine/Plugins/NNE/NNEDenoiser/Content/NNE_oidn2-3-0_rt_hdr_alb_nrm_small__dyn__fp16_opset11_ForwardAlpha.uexp" 235
"../../../Engine/Plugins/NNE/NNEDenoiser/Content/NNE_oidn2-3-0_rt_hdr_alb_nrm__dyn__fp16_opset11_DenoiseAlpha.uasset" 236
"../../../Engine/Plugins/NNE/NNEDenoiser/Content/NNE_oidn2-3-0_rt_hdr_alb_nrm__dyn__fp16_opset11_DenoiseAlpha.uexp" 237
"../../../Engine/Plugins/Interchange/Assets/Content/Functions/MX_OrenNayarBSDF.uasset" 238
"../../../Engine/Plugins/Interchange/Assets/Content/Functions/MX_OrenNayarBSDF.uexp" 239
"../../../Engine/Plugins/NNE/NNEDenoiser/Content/NNE_oidn2-3-0_rt_hdr_alb_nrm__dyn__fp16_opset11_ForwardAlpha.uasset" 240
"../../../Engine/Plugins/NNE/NNEDenoiser/Content/NNE_oidn2-3-0_rt_hdr_alb_nrm__dyn__fp16_opset11_ForwardAlpha.uexp" 241
"../../../Engine/Plugins/NNE/NNEDenoiser/Content/NNE_oidn2-3-0_rt_hdr_calb_cnrm_large__dyn__fp16_opset11_DenoiseAlpha.uasset" 242
"../../../Engine/Plugins/NNE/NNEDenoiser/Content/NNE_oidn2-3-0_rt_hdr_calb_cnrm_large__dyn__fp16_opset11_DenoiseAlpha.uexp" 243
"../../../Engine/Plugins/NNE/NNEDenoiser/Content/NNE_oidn2-3-0_rt_hdr_calb_cnrm_large__dyn__fp16_opset11_ForwardAlpha.uasset" 244
"../../../Engine/Plugins/NNE/NNEDenoiser/Content/NNE_oidn2-3-0_rt_hdr_calb_cnrm_large__dyn__fp16_opset11_ForwardAlpha.uexp" 245
"../../../Engine/Plugins/Runtime/WebBrowserWidget/Content/WebTexture_T.uasset" 246
"../../../Engine/Plugins/Runtime/WebBrowserWidget/Content/WebTexture_T.uexp" 247
"../../../Engine/Plugins/Runtime/WebBrowserWidget/Content/WebTexture_M.uasset" 248
"../../../Engine/Plugins/Runtime/WebBrowserWidget/Content/WebTexture_M.uexp" 249
"../../../Engine/Plugins/Runtime/WebBrowserWidget/Content/WebTexture_TM.uasset" 250
"../../../Engine/Plugins/Runtime/WebBrowserWidget/Content/WebTexture_TM.uexp" 251
"../../../Engine/Plugins/Interchange/Assets/Content/Functions/MX_SheenBSDF.uasset" 252
"../../../Engine/Plugins/Interchange/Assets/Content/Functions/MX_SheenBSDF.uexp" 253
"../../../Engine/Content/EngineMaterials/DefaultMaterial.uasset" 254
"../../../Engine/Content/EngineMaterials/DefaultMaterial.uexp" 255
"../../../Engine/Content/BasicShapes/Cone.ubulk" 256
"../../../Engine/Content/BasicShapes/Cone.uasset" 257
"../../../Engine/Content/BasicShapes/Cone.uexp" 258
"../../../Engine/Plugins/Interchange/Assets/Content/Functions/MX_SubsurfaceBSDF.uasset" 259
"../../../Engine/Plugins/Interchange/Assets/Content/Functions/MX_SubsurfaceBSDF.uexp" 260
"../../../Engine/Content/EditorResources/S_Actor.ubulk" 261
"../../../Engine/Content/EditorResources/S_Actor.uasset" 262
"../../../Engine/Content/EditorResources/S_Actor.uexp" 263
"../../../Engine/Plugins/Interchange/Assets/Content/Functions/MX_Surface.uasset" 264
"../../../Engine/Plugins/Interchange/Assets/Content/Functions/MX_Surface.uexp" 265
"../../../Engine/Plugins/Interchange/Assets/Content/Functions/MX_SurfaceUnlit.uasset" 266
"../../../Engine/Plugins/Interchange/Assets/Content/Functions/MX_SurfaceUnlit.uexp" 267
"../../../Engine/Content/EditorResources/S_BoxReflectionCapture.uasset" 268
"../../../Engine/Content/EditorResources/S_BoxReflectionCapture.uexp" 269
"../../../Engine/Plugins/Interchange/Assets/Content/Functions/MX_TranslucentBSDF.uasset" 270
"../../../Engine/Plugins/Interchange/Assets/Content/Functions/MX_TranslucentBSDF.uexp" 271
"../../../Engine/Plugins/Interchange/Assets/Content/Functions/MX_UniformEDF.uasset" 272
"../../../Engine/Plugins/Interchange/Assets/Content/Functions/MX_UniformEDF.uexp" 273
"../../../Engine/Content/Functions/Engine_MaterialFunctions02/Utility/MakeFloat3.uasset" 274
"../../../Engine/Content/Functions/Engine_MaterialFunctions02/Utility/MakeFloat3.uexp" 275
"../../../Engine/Content/Functions/Engine_MaterialFunctions01/Texturing/FlattenNormal.uasset" 276
"../../../Engine/Content/Functions/Engine_MaterialFunctions01/Texturing/FlattenNormal.uexp" 277
"../../../Engine/Content/Functions/Engine_MaterialFunctions02/Math/Transform3x3Matrix.uasset" 278
"../../../Engine/Content/Functions/Engine_MaterialFunctions02/Math/Transform3x3Matrix.uexp" 279
"../../../Engine/Plugins/Interchange/Assets/Content/Utilities/New_LUT.uasset" 280
"../../../Engine/Plugins/Interchange/Assets/Content/Utilities/New_LUT.uexp" 281
"../../../Engine/Content/Functions/Engine_MaterialFunctions03/Math/RemapValueRange.uasset" 282
"../../../Engine/Content/Functions/Engine_MaterialFunctions03/Math/RemapValueRange.uexp" 283
"../../../Engine/Plugins/Interchange/Assets/Content/Functions/MF_Iridescence.uasset" 284
"../../../Engine/Plugins/Interchange/Assets/Content/Functions/MF_Iridescence.uexp" 285
"../../../Engine/Plugins/Interchange/Assets/Content/gltf/Textures/T_White_srgb.uasset" 286
"../../../Engine/Plugins/Interchange/Assets/Content/gltf/Textures/T_White_srgb.uexp" 287
"../../../Engine/Plugins/Interchange/Assets/Content/gltf/MaterialFunctions/MF_BaseColor.uasset" 288
"../../../Engine/Plugins/Interchange/Assets/Content/gltf/MaterialFunctions/MF_BaseColor.uexp" 289
"../../../Engine/Plugins/Interchange/Assets/Content/gltf/MaterialFunctions/MF_RotateNormals_TS.uasset" 290
"../../../Engine/Plugins/Interchange/Assets/Content/gltf/MaterialFunctions/MF_RotateNormals_TS.uexp" 291
"../../../Engine/Plugins/Interchange/Assets/Content/gltf/Textures/T_Generic_N.uasset" 292
"../../../Engine/Plugins/Interchange/Assets/Content/gltf/Textures/T_Generic_N.uexp" 293
"../../../Engine/Plugins/Interchange/Assets/Content/gltf/Textures/T_White_Linear.uasset" 294
"../../../Engine/Plugins/Interchange/Assets/Content/gltf/Textures/T_White_Linear.uexp" 295
"../../../Engine/Plugins/Interchange/Assets/Content/gltf/MaterialFunctions/MF_Clearcoat.uasset" 296
"../../../Engine/Plugins/Interchange/Assets/Content/gltf/MaterialFunctions/MF_Clearcoat.uexp" 297
"../../../Engine/Plugins/Interchange/Assets/Content/gltf/MaterialFunctions/MF_Emissive.uasset" 298
"../../../Engine/Plugins/Interchange/Assets/Content/gltf/MaterialFunctions/MF_Emissive.uexp" 299
"../../../Engine/Plugins/Interchange/Assets/Content/gltf/MaterialFunctions/MF_IOR.uasset" 300
"../../../Engine/Plugins/Interchange/Assets/Content/gltf/MaterialFunctions/MF_IOR.uexp" 301
"../../../Engine/Plugins/Interchange/Assets/Content/gltf/MaterialFunctions/MF_Iridescence.uasset" 302
"../../../Engine/Plugins/Interchange/Assets/Content/gltf/MaterialFunctions/MF_Iridescence.uexp" 303
"../../../Engine/Plugins/Interchange/Assets/Content/gltf/MaterialFunctions/MF_MetallicRoughness.uasset" 304
"../../../Engine/Plugins/Interchange/Assets/Content/gltf/MaterialFunctions/MF_MetallicRoughness.uexp" 305
"../../../Engine/Plugins/Interchange/Assets/Content/gltf/MaterialFunctions/MF_ScaleNormal.uasset" 306
"../../../Engine/Plugins/Interchange/Assets/Content/gltf/MaterialFunctions/MF_ScaleNormal.uexp" 307
"../../../Engine/Plugins/Interchange/Assets/Content/gltf/MaterialFunctions/MF_Normals.uasset" 308
"../../../Engine/Plugins/Interchange/Assets/Content/gltf/MaterialFunctions/MF_Normals.uexp" 309
"../../../Engine/Plugins/Interchange/Assets/Content/gltf/MaterialFunctions/MF_Occlusion.uasset" 310
"../../../Engine/Plugins/Interchange/Assets/Content/gltf/MaterialFunctions/MF_Occlusion.uexp" 311
"../../../Engine/Plugins/Interchange/Assets/Content/gltf/MaterialFunctions/MF_Specular.uasset" 312
"../../../Engine/Plugins/Interchange/Assets/Content/gltf/MaterialFunctions/MF_Specular.uexp" 313
"../../../Engine/Plugins/Interchange/Assets/Content/gltf/Textures/T_Anisotropy_Direction_Linear.uasset" 314
"../../../Engine/Plugins/Interchange/Assets/Content/gltf/Textures/T_Anisotropy_Direction_Linear.uexp" 315
"../../../Engine/Plugins/Interchange/Assets/Content/gltf/MaterialFunctions/MF_SpecularAnisotropy.uasset" 316
"../../../Engine/Plugins/Interchange/Assets/Content/gltf/MaterialFunctions/MF_SpecularAnisotropy.uexp" 317
"../../../Engine/Plugins/Interchange/Assets/Content/gltf/MaterialFunctions/MF_RotateV2.uasset" 318
"../../../Engine/Plugins/Interchange/Assets/Content/gltf/MaterialFunctions/MF_RotateV2.uexp" 319
"../../../Engine/Plugins/Interchange/Assets/Content/gltf/MaterialFunctions/MF_TransformUVs.uasset" 320
"../../../Engine/Plugins/Interchange/Assets/Content/gltf/MaterialFunctions/MF_TransformUVs.uexp" 321
"../../../Engine/Plugins/Interchange/Assets/Content/gltf/MaterialBodies/MF_ClearCoat_Body.uasset" 322
"../../../Engine/Plugins/Interchange/Assets/Content/gltf/MaterialBodies/MF_ClearCoat_Body.uexp" 323
"../../../Engine/Plugins/Interchange/Assets/Content/gltf/M_ClearCoat.uasset" 324
"../../../Engine/Plugins/Interchange/Assets/Content/gltf/M_ClearCoat.uexp" 325
"../../../Engine/Plugins/Interchange/Assets/Content/gltf/MaterialInstances/MI_ClearCoat_Blend.uasset" 326
"../../../Engine/Plugins/Interchange/Assets/Content/gltf/MaterialInstances/MI_ClearCoat_Blend.uexp" 327
"../../../Engine/Plugins/Interchange/Assets/Content/Functions/MX_UsdPreviewSurface.uasset" 328
"../../../Engine/Plugins/Interchange/Assets/Content/Functions/MX_UsdPreviewSurface.uexp" 329
"../../../Engine/Plugins/Interchange/Assets/Content/gltf/MaterialInstances/MI_ClearCoat_Blend_DS.uasset" 330
"../../../Engine/Plugins/Interchange/Assets/Content/gltf/MaterialInstances/MI_ClearCoat_Blend_DS.uexp" 331
"../../../Engine/Plugins/Interchange/Assets/Content/gltf/MaterialInstances/MI_ClearCoat_Mask.uasset" 332
"../../../Engine/Plugins/Interchange/Assets/Content/gltf/MaterialInstances/MI_ClearCoat_Mask.uexp" 333
"../../../Engine/Plugins/Interchange/Assets/Content/gltf/MaterialInstances/MI_ClearCoat_Mask_DS.uasset" 334
"../../../Engine/Plugins/Interchange/Assets/Content/gltf/MaterialInstances/MI_ClearCoat_Mask_DS.uexp" 335
"../../../Engine/Plugins/Interchange/Assets/Content/gltf/MaterialInstances/MI_ClearCoat_Opaque.uasset" 336
"../../../Engine/Plugins/Interchange/Assets/Content/gltf/MaterialInstances/MI_ClearCoat_Opaque.uexp" 337
"../../../Engine/Plugins/Interchange/Assets/Content/gltf/MaterialInstances/MI_ClearCoat_Opaque_DS.uasset" 338
"../../../Engine/Plugins/Interchange/Assets/Content/gltf/MaterialInstances/MI_ClearCoat_Opaque_DS.uexp" 339
"../../../Engine/Plugins/Interchange/Assets/Content/gltf/MaterialBodies/MF_Default_Body.uasset" 340
"../../../Engine/Plugins/Interchange/Assets/Content/gltf/MaterialBodies/MF_Default_Body.uexp" 341
"../../../Engine/Plugins/Interchange/Assets/Content/gltf/M_Default.uasset" 342
"../../../Engine/Plugins/Interchange/Assets/Content/gltf/M_Default.uexp" 343
"../../../Engine/Plugins/Interchange/Assets/Content/gltf/MaterialInstances/MI_Default_Blend.uasset" 344
"../../../Engine/Plugins/Interchange/Assets/Content/gltf/MaterialInstances/MI_Default_Blend.uexp" 345
"../../../Engine/Content/EditorResources/S_LevelSequence.ubulk" 346
"../../../Engine/Content/EditorResources/S_LevelSequence.uasset" 347
"../../../Engine/Content/EditorResources/S_LevelSequence.uexp" 348
"../../../Engine/Plugins/Interchange/Assets/Content/gltf/MaterialInstances/MI_Default_Blend_DS.uasset" 349
"../../../Engine/Plugins/Interchange/Assets/Content/gltf/MaterialInstances/MI_Default_Blend_DS.uexp" 350
"../../../Engine/Plugins/Interchange/Assets/Content/gltf/MaterialInstances/MI_Default_Mask.uasset" 351
"../../../Engine/Plugins/Interchange/Assets/Content/gltf/MaterialInstances/MI_Default_Mask.uexp" 352
"../../../Engine/Plugins/Interchange/Assets/Content/gltf/MaterialInstances/MI_Default_Mask_DS.uasset" 353
"../../../Engine/Plugins/Interchange/Assets/Content/gltf/MaterialInstances/MI_Default_Mask_DS.uexp" 354
"../../../Engine/Plugins/Interchange/Assets/Content/gltf/MaterialInstances/MI_Default_Opaque.uasset" 355
"../../../Engine/Plugins/Interchange/Assets/Content/gltf/MaterialInstances/MI_Default_Opaque.uexp" 356
"../../../Engine/Plugins/Interchange/Assets/Content/gltf/MaterialInstances/MI_Default_Opaque_DS.uasset" 357
"../../../Engine/Plugins/Interchange/Assets/Content/gltf/MaterialInstances/MI_Default_Opaque_DS.uexp" 358
"../../../Engine/Plugins/Interchange/Assets/Content/gltf/MaterialFunctions/MF_Sheen.uasset" 359
"../../../Engine/Plugins/Interchange/Assets/Content/gltf/MaterialFunctions/MF_Sheen.uexp" 360
"../../../Engine/Plugins/Interchange/Assets/Content/gltf/MaterialBodies/MF_Sheen_Body.uasset" 361
"../../../Engine/Plugins/Interchange/Assets/Content/gltf/MaterialBodies/MF_Sheen_Body.uexp" 362
"../../../Engine/Plugins/Interchange/Assets/Content/gltf/M_Sheen.uasset" 363
"../../../Engine/Plugins/Interchange/Assets/Content/gltf/M_Sheen.uexp" 364
"../../../Engine/Plugins/Interchange/Assets/Content/gltf/MaterialInstances/MI_Sheen_Blend.uasset" 365
"../../../Engine/Plugins/Interchange/Assets/Content/gltf/MaterialInstances/MI_Sheen_Blend.uexp" 366
"../../../Engine/Plugins/Interchange/Assets/Content/gltf/MaterialInstances/MI_Sheen_Blend_DS.uasset" 367
"../../../Engine/Plugins/Interchange/Assets/Content/gltf/MaterialInstances/MI_Sheen_Blend_DS.uexp" 368
"../../../Engine/Plugins/Interchange/Assets/Content/gltf/MaterialInstances/MI_Sheen_Mask.uasset" 369
"../../../Engine/Plugins/Interchange/Assets/Content/gltf/MaterialInstances/MI_Sheen_Mask.uexp" 370
"../../../Engine/Plugins/Interchange/Assets/Content/gltf/MaterialInstances/MI_Sheen_Mask_DS.uasset" 371
"../../../Engine/Plugins/Interchange/Assets/Content/gltf/MaterialInstances/MI_Sheen_Mask_DS.uexp" 372
"../../../Engine/Plugins/Interchange/Assets/Content/gltf/MaterialInstances/MI_Sheen_Opaque.uasset" 373
"../../../Engine/Plugins/Interchange/Assets/Content/gltf/MaterialInstances/MI_Sheen_Opaque.uexp" 374
"../../../Engine/Plugins/Interchange/Assets/Content/gltf/MaterialInstances/MI_Sheen_Opaque_DS.uasset" 375
"../../../Engine/Plugins/Interchange/Assets/Content/gltf/MaterialInstances/MI_Sheen_Opaque_DS.uexp" 376
"../../../Engine/Plugins/Interchange/Assets/Content/gltf/MaterialFunctions/MF_DiffuseSpecGloss.uasset" 377
"../../../Engine/Plugins/Interchange/Assets/Content/gltf/MaterialFunctions/MF_DiffuseSpecGloss.uexp" 378
"../../../Engine/Plugins/Interchange/Assets/Content/gltf/MaterialFunctions/MF_MaxComponentValue.uasset" 379
"../../../Engine/Plugins/Interchange/Assets/Content/gltf/MaterialFunctions/MF_MaxComponentValue.uexp" 380
"../../../Engine/Content/Functions/Engine_MaterialFunctions02/Math/AddComponents.uasset" 381
"../../../Engine/Content/Functions/Engine_MaterialFunctions02/Math/AddComponents.uexp" 382
"../../../Engine/Plugins/Interchange/Assets/Content/gltf/MaterialFunctions/MF_PerceivedBrightness.uasset" 383
"../../../Engine/Plugins/Interchange/Assets/Content/gltf/MaterialFunctions/MF_PerceivedBrightness.uexp" 384
"../../../Engine/Plugins/Interchange/Assets/Content/gltf/MaterialFunctions/MF_SpecGlossToMetalRoughness.uasset" 385
"../../../Engine/Plugins/Interchange/Assets/Content/gltf/MaterialFunctions/MF_SpecGlossToMetalRoughness.uexp" 386
"../../../Engine/Plugins/Interchange/Assets/Content/gltf/MaterialBodies/MF_SpecularGlossiness_Body.uasset" 387
"../../../Engine/Plugins/Interchange/Assets/Content/gltf/MaterialBodies/MF_SpecularGlossiness_Body.uexp" 388
"../../../Engine/Plugins/Interchange/Assets/Content/gltf/M_SpecularGlossiness.uasset" 389
"../../../Engine/Plugins/Interchange/Assets/Content/gltf/M_SpecularGlossiness.uexp" 390
"../../../Engine/Plugins/Interchange/Assets/Content/gltf/MaterialInstances/MI_SpecularGlossiness_Blend.uasset" 391
"../../../Engine/Plugins/Interchange/Assets/Content/gltf/MaterialInstances/MI_SpecularGlossiness_Blend.uexp" 392
"../../../Engine/Plugins/Interchange/Assets/Content/gltf/MaterialInstances/MI_SpecularGlossiness_Blend_DS.uasset" 393
"../../../Engine/Plugins/Interchange/Assets/Content/gltf/MaterialInstances/MI_SpecularGlossiness_Blend_DS.uexp" 394
"../../../Engine/Plugins/Interchange/Assets/Content/gltf/MaterialInstances/MI_SpecularGlossiness_Mask.uasset" 395
"../../../Engine/Plugins/Interchange/Assets/Content/gltf/MaterialInstances/MI_SpecularGlossiness_Mask.uexp" 396
"../../../Engine/Plugins/Interchange/Assets/Content/gltf/MaterialInstances/MI_SpecularGlossiness_Mask_DS.uasset" 397
"../../../Engine/Plugins/Interchange/Assets/Content/gltf/MaterialInstances/MI_SpecularGlossiness_Mask_DS.uexp" 398
"../../../Engine/Plugins/Interchange/Assets/Content/gltf/MaterialInstances/MI_SpecularGlossiness_Opaque.uasset" 399
"../../../Engine/Plugins/Interchange/Assets/Content/gltf/MaterialInstances/MI_SpecularGlossiness_Opaque.uexp" 400
"../../../Engine/Plugins/Interchange/Assets/Content/gltf/MaterialInstances/MI_SpecularGlossiness_Opaque_DS.uasset" 401
"../../../Engine/Plugins/Interchange/Assets/Content/gltf/MaterialInstances/MI_SpecularGlossiness_Opaque_DS.uexp" 402
"../../../Engine/Content/EngineMaterials/Good64x64TilingNoiseHighFreq.uasset" 403
"../../../Engine/Content/EngineMaterials/Good64x64TilingNoiseHighFreq.uexp" 404
"../../../Engine/Content/Functions/Engine_MaterialFunctions02/Texturing/ScreenAlignedPixelToPixelUVs.uasset" 405
"../../../Engine/Content/Functions/Engine_MaterialFunctions02/Texturing/ScreenAlignedPixelToPixelUVs.uexp" 406
"../../../Engine/Content/Functions/Engine_MaterialFunctions02/Utility/CameraDirectionVector.uasset" 407
"../../../Engine/Content/Functions/Engine_MaterialFunctions02/Utility/CameraDirectionVector.uexp" 408
"../../../Engine/Plugins/Interchange/Assets/Content/gltf/MaterialFunctions/MF_Fresnel_DS.uasset" 409
"../../../Engine/Plugins/Interchange/Assets/Content/gltf/MaterialFunctions/MF_Fresnel_DS.uexp" 410
"../../../Engine/Plugins/Interchange/Assets/Content/gltf/MaterialFunctions/MF_Temporal_Blur.uasset" 411
"../../../Engine/Plugins/Interchange/Assets/Content/gltf/MaterialFunctions/MF_Temporal_Blur.uexp" 412
"../../../Engine/Plugins/Interchange/Assets/Content/gltf/MaterialFunctions/MF_Transmission.uasset" 413
"../../../Engine/Plugins/Interchange/Assets/Content/gltf/MaterialFunctions/MF_Transmission.uexp" 414
"../../../Engine/Plugins/Interchange/Assets/Content/gltf/MaterialBodies/MF_Transmission_Body.uasset" 415
"../../../Engine/Plugins/Interchange/Assets/Content/gltf/MaterialBodies/MF_Transmission_Body.uexp" 416
"../../../Engine/Plugins/Interchange/Assets/Content/gltf/M_Transmission.uasset" 417
"../../../Engine/Plugins/Interchange/Assets/Content/gltf/M_Transmission.uexp" 418
"../../../Engine/Plugins/Interchange/Assets/Content/gltf/MaterialInstances/MI_Transmission.uasset" 419
"../../../Engine/Plugins/Interchange/Assets/Content/gltf/MaterialInstances/MI_Transmission.uexp" 420
"../../../Engine/Plugins/Interchange/Assets/Content/gltf/MaterialInstances/MI_Transmission_DS.uasset" 421
"../../../Engine/Plugins/Interchange/Assets/Content/gltf/MaterialInstances/MI_Transmission_DS.uexp" 422
"../../../Engine/Plugins/Interchange/Assets/Content/gltf/MaterialBodies/MF_Unlit_Body.uasset" 423
"../../../Engine/Plugins/Interchange/Assets/Content/gltf/MaterialBodies/MF_Unlit_Body.uexp" 424
"../../../Engine/Plugins/Interchange/Assets/Content/gltf/M_Unlit.uasset" 425
"../../../Engine/Plugins/Interchange/Assets/Content/gltf/M_Unlit.uexp" 426
"../../../Engine/Plugins/Interchange/Assets/Content/gltf/MaterialInstances/MI_Unlit_Blend.uasset" 427
"../../../Engine/Plugins/Interchange/Assets/Content/gltf/MaterialInstances/MI_Unlit_Blend.uexp" 428
"../../../Engine/Content/EditorResources/S_Solver.ubulk" 429
"../../../Engine/Content/EditorResources/S_Solver.uasset" 430
"../../../Engine/Content/EditorResources/S_Solver.uexp" 431
"../../../Engine/Plugins/Interchange/Assets/Content/gltf/MaterialInstances/MI_Unlit_Blend_DS.uasset" 432
"../../../Engine/Plugins/Interchange/Assets/Content/gltf/MaterialInstances/MI_Unlit_Blend_DS.uexp" 433
"../../../Engine/Plugins/Interchange/Assets/Content/gltf/MaterialInstances/MI_Unlit_Mask.uasset" 434
"../../../Engine/Plugins/Interchange/Assets/Content/gltf/MaterialInstances/MI_Unlit_Mask.uexp" 435
"../../../Engine/Plugins/Interchange/Assets/Content/gltf/MaterialInstances/MI_Unlit_Mask_DS.uasset" 436
"../../../Engine/Plugins/Interchange/Assets/Content/gltf/MaterialInstances/MI_Unlit_Mask_DS.uexp" 437
"../../../Engine/Plugins/Interchange/Assets/Content/gltf/MaterialInstances/MI_Unlit_Opaque.uasset" 438
"../../../Engine/Plugins/Interchange/Assets/Content/gltf/MaterialInstances/MI_Unlit_Opaque.uexp" 439
"../../../Engine/Plugins/Interchange/Assets/Content/gltf/MaterialInstances/MI_Unlit_Opaque_DS.uasset" 440
"../../../Engine/Plugins/Interchange/Assets/Content/gltf/MaterialInstances/MI_Unlit_Opaque_DS.uexp" 441
"../../../Engine/Content/EditorResources/S_Trigger.ubulk" 442
"../../../Engine/Content/EditorResources/S_Trigger.uasset" 443
"../../../Engine/Content/EditorResources/S_Trigger.uexp" 444
"../../../Engine/Plugins/Experimental/Landmass/Content/Landscape/Meshes/S_SpritePlane.ubulk" 445
"../../../Engine/Plugins/Experimental/Landmass/Content/Landscape/Meshes/S_SpritePlane.uasset" 446
"../../../Engine/Plugins/Experimental/Landmass/Content/Landscape/Meshes/S_SpritePlane.uexp" 447
"../../../Engine/Content/EditorResources/S_TriggerBox.uasset" 448
"../../../Engine/Content/EditorResources/S_TriggerBox.uexp" 449
"../../../Engine/Content/EditorResources/S_TriggerCapsule.uasset" 450
"../../../Engine/Content/EditorResources/S_TriggerCapsule.uexp" 451
"../../../Engine/Content/EditorResources/S_TriggerSphere.uasset" 452
"../../../Engine/Content/EditorResources/S_TriggerSphere.uexp" 453
"../../../Engine/Content/EngineMaterials/Substrate/Glints2/AGlintTex2dArray2.uasset" 454
"../../../Engine/Content/EngineMaterials/Substrate/Glints2/AGlintTex2dArray2.uexp" 455
"../../../Engine/Content/EditorLandscapeResources/DefaultAlphaTexture.uasset" 456
"../../../Engine/Content/EditorLandscapeResources/DefaultAlphaTexture.uexp" 457
"../../../Engine/Content/EditorLandscapeResources/ColorMaskBrushMaterial.uasset" 458
"../../../Engine/Content/EditorLandscapeResources/ColorMaskBrushMaterial.uexp" 459
"../../../Engine/Content/EditorLandscapeResources/ColorMaskBrushMaterial_MaskedRegion.uasset" 460
"../../../Engine/Content/EditorLandscapeResources/ColorMaskBrushMaterial_MaskedRegion.uexp" 461
"../../../Engine/Plugins/Experimental/MeshModelingToolsetExp/Content/Materials/GetDisplacementVectorForDepthBias.uasset" 462
"../../../Engine/Plugins/Experimental/MeshModelingToolsetExp/Content/Materials/GetDisplacementVectorForDepthBias.uexp" 463
"../../../Engine/Content/Functions/Engine_MaterialFunctions03/Viewport/MF_OrthoWidth.uasset" 464
"../../../Engine/Content/Functions/Engine_MaterialFunctions03/Viewport/MF_OrthoWidth.uexp" 465
"../../../Engine/Content/Functions/Engine_MaterialFunctions02/Utility/FOV.uasset" 466
"../../../Engine/Content/Functions/Engine_MaterialFunctions02/Utility/FOV.uexp" 467
"../../../Engine/Content/Functions/Engine_MaterialFunctions02/WorldPositionOffset/V2/ObjectScale.uasset" 468
"../../../Engine/Content/Functions/Engine_MaterialFunctions02/WorldPositionOffset/V2/ObjectScale.uexp" 469
"../../../Engine/Plugins/Experimental/MeshModelingToolsetExp/Content/Materials/PointSetOverlaidComponentMaterial.uasset" 470
"../../../Engine/Plugins/Experimental/MeshModelingToolsetExp/Content/Materials/PointSetOverlaidComponentMaterial.uexp" 471
"../../../Engine/Content/EngineDamageTypes/DmgTypeBP_Environmental.uasset" 472
"../../../Engine/Content/EngineDamageTypes/DmgTypeBP_Environmental.uexp" 473
"../../../Engine/Content/EditorLandscapeResources/LandscapeDirtyMaterial.uasset" 474
"../../../Engine/Content/EditorLandscapeResources/LandscapeDirtyMaterial.uexp" 475
"../../../Engine/Content/EditorMaterials/ParticleSystems/PSysThumbnail_NoImage.ubulk" 476
"../../../Engine/Content/EditorMaterials/ParticleSystems/PSysThumbnail_NoImage.uasset" 477
"../../../Engine/Content/EditorMaterials/ParticleSystems/PSysThumbnail_NoImage.uexp" 478
"../../../Engine/Content/Functions/Engine_MaterialFunctions02/SplitComponents.uasset" 479
"../../../Engine/Content/Functions/Engine_MaterialFunctions02/SplitComponents.uexp" 480
"../../../Engine/Content/VREditor/SnapGrid/SnapGridMaterial.uasset" 481
"../../../Engine/Content/VREditor/SnapGrid/SnapGridMaterial.uexp" 482
"../../../Engine/Content/VREditor/SnapGrid/SnapGridPlaneMesh.ubulk" 483
"../../../Engine/Content/VREditor/SnapGrid/SnapGridPlaneMesh.uasset" 484
"../../../Engine/Content/VREditor/SnapGrid/SnapGridPlaneMesh.uexp" 485
"../../../Engine/Content/VREditor/TransformGizmo/PlaneTranslationHandle.ubulk" 486
"../../../Engine/Content/VREditor/TransformGizmo/PlaneTranslationHandle.uasset" 487
"../../../Engine/Content/VREditor/TransformGizmo/PlaneTranslationHandle.uexp" 488
"../../../Engine/Content/VREditor/TransformGizmo/RotationHandleFull.ubulk" 489
"../../../Engine/Content/VREditor/TransformGizmo/RotationHandleFull.uasset" 490
"../../../Engine/Content/VREditor/TransformGizmo/RotationHandleFull.uexp" 491
"../../../Engine/Content/VREditor/TransformGizmo/RotationHandleIndicator.ubulk" 492
"../../../Engine/Content/VREditor/TransformGizmo/RotationHandleIndicator.uasset" 493
"../../../Engine/Content/VREditor/TransformGizmo/RotationHandleIndicator.uexp" 494
"../../../Engine/Content/VREditor/TransformGizmo/RotationHandleQuarter.ubulk" 495
"../../../Engine/Content/VREditor/TransformGizmo/RotationHandleQuarter.uasset" 496
"../../../Engine/Content/VREditor/TransformGizmo/RotationHandleQuarter.uexp" 497
"../../../Engine/Content/VREditor/TransformGizmo/StartRotationHandleIndicator.ubulk" 498
"../../../Engine/Content/VREditor/TransformGizmo/StartRotationHandleIndicator.uasset" 499
"../../../Engine/Content/VREditor/TransformGizmo/StartRotationHandleIndicator.uexp" 500
"../../../Engine/Content/VREditor/TransformGizmo/TranslucentTransformGizmoMaterial_Inst.uasset" 501
"../../../Engine/Content/VREditor/TransformGizmo/TranslucentTransformGizmoMaterial_Inst.uexp" 502
"../../../Engine/Content/VREditor/TransformGizmo/TransformGizmoFreeRotation.ubulk" 503
"../../../Engine/Content/VREditor/TransformGizmo/TransformGizmoFreeRotation.uasset" 504
"../../../Engine/Content/VREditor/TransformGizmo/TransformGizmoFreeRotation.uexp" 505
"../../../Engine/Content/VREditor/TransformGizmo/TransformGizmoMaterial_Inst.uasset" 506
"../../../Engine/Content/VREditor/TransformGizmo/TransformGizmoMaterial_Inst.uexp" 507
"../../../Engine/Content/VREditor/TransformGizmo/TranslateArrowHandle.ubulk" 508
"../../../Engine/Content/VREditor/TransformGizmo/TranslateArrowHandle.uasset" 509
"../../../Engine/Content/VREditor/TransformGizmo/TranslateArrowHandle.uexp" 510
"../../../Engine/Content/VREditor/TransformGizmo/UniformScaleHandle.ubulk" 511
"../../../Engine/Content/VREditor/TransformGizmo/UniformScaleHandle.uasset" 512
"../../../Engine/Content/VREditor/TransformGizmo/UniformScaleHandle.uexp" 513
"../../../Engine/Content/VREditor/Sounds/UI/Drop_Item_From_ContentBrowser.ubulk" 514
"../../../Engine/Content/VREditor/Sounds/UI/Drop_Item_From_ContentBrowser.uasset" 515
"../../../Engine/Content/VREditor/Sounds/UI/Drop_Item_From_ContentBrowser.uexp" 516
"../../../Engine/Content/VREditor/Sounds/UI/Gizmo_Handle_Clicked.ubulk" 517
"../../../Engine/Content/VREditor/Sounds/UI/Gizmo_Handle_Clicked.uasset" 518
"../../../Engine/Content/VREditor/Sounds/UI/Gizmo_Handle_Clicked.uexp" 519
"../../../Engine/Content/VREditor/Sounds/UI/Object_PickUp.ubulk" 520
"../../../Engine/Content/VREditor/Sounds/UI/Object_PickUp.uasset" 521
"../../../Engine/Content/VREditor/Sounds/UI/Object_PickUp.uexp" 522
"../../../Engine/Content/VREditor/Sounds/UI/Object_Snaps_To_Another_Actor.ubulk" 523
"../../../Engine/Content/VREditor/Sounds/UI/Object_Snaps_To_Another_Actor.uasset" 524
"../../../Engine/Content/VREditor/Sounds/UI/Object_Snaps_To_Another_Actor.uexp" 525
"../../../Engine/Content/VREditor/Sounds/UI/Object_Snaps_To_Grid.ubulk" 526
"../../../Engine/Content/VREditor/Sounds/UI/Object_Snaps_To_Grid.uasset" 527
"../../../Engine/Content/VREditor/Sounds/UI/Object_Snaps_To_Grid.uexp" 528
"../../../Engine/Content/VREditor/Sounds/UI/Scaling_Down.ubulk" 529
"../../../Engine/Content/VREditor/Sounds/UI/Scaling_Down.uasset" 530
"../../../Engine/Content/VREditor/Sounds/UI/Scaling_Down.uexp" 531
"../../../Engine/Content/VREditor/Sounds/UI/Scaling_Up.ubulk" 532
"../../../Engine/Content/VREditor/Sounds/UI/Scaling_Up.uasset" 533
"../../../Engine/Content/VREditor/Sounds/UI/Scaling_Up.uexp" 534
"../../../Engine/Content/VREditor/Sounds/UI/Selection_Changes.ubulk" 535
"../../../Engine/Content/VREditor/Sounds/UI/Selection_Changes.uasset" 536
"../../../Engine/Content/VREditor/Sounds/UI/Selection_Changes.uexp" 537
"../../../Engine/Content/EditorMaterials/ParticleSystems/PSysThumbnail_OOD.ubulk" 538
"../../../Engine/Content/EditorMaterials/ParticleSystems/PSysThumbnail_OOD.uasset" 539
"../../../Engine/Content/EditorMaterials/ParticleSystems/PSysThumbnail_OOD.uexp" 540
"../../../Engine/Content/EngineMaterials/DefaultDiffuse.ubulk" 541
"../../../Engine/Content/EngineMaterials/DefaultDiffuse.uasset" 542
"../../../Engine/Content/EngineMaterials/DefaultDiffuse.uexp" 543
"../../../Engine/Content/Functions/Engine_MaterialFunctions01/Texturing/TextureCropping.uasset" 544
"../../../Engine/Content/Functions/Engine_MaterialFunctions01/Texturing/TextureCropping.uexp" 545
"../../../Engine/Content/Functions/Engine_MaterialFunctions02/ExampleContent/DebugNumberStrip.uasset" 546
"../../../Engine/Content/Functions/Engine_MaterialFunctions02/ExampleContent/DebugNumberStrip.uexp" 547
"../../../Engine/Content/Functions/Engine_MaterialFunctions01/Debug/DebugIntValues.uasset" 548
"../../../Engine/Content/Functions/Engine_MaterialFunctions01/Debug/DebugIntValues.uexp" 549
"../../../Engine/Content/Functions/Engine_MaterialFunctions02/Utility/BreakOutFloat2Components.uasset" 550
"../../../Engine/Content/Functions/Engine_MaterialFunctions02/Utility/BreakOutFloat2Components.uexp" 551
"../../../Engine/Content/Functions/Engine_MaterialFunctions01/Texturing/ScaleUVsByCenter.uasset" 552
"../../../Engine/Content/Functions/Engine_MaterialFunctions01/Texturing/ScaleUVsByCenter.uexp" 553
"../../../Engine/Content/Functions/Engine_MaterialFunctions02/WorldPositionOffset/LocalPosition.uasset" 554
"../../../Engine/Content/Functions/Engine_MaterialFunctions02/WorldPositionOffset/LocalPosition.uexp" 555
"../../../Engine/Content/EditorLandscapeResources/LandscapeLayerUsageMaterial.uasset" 556
"../../../Engine/Content/EditorLandscapeResources/LandscapeLayerUsageMaterial.uexp" 557
"../../../Engine/Plugins/Animation/ControlRig/Content/Controls/ControlRigGizmoMaterial.uasset" 558
"../../../Engine/Plugins/Animation/ControlRig/Content/Controls/ControlRigGizmoMaterial.uexp" 559
"../../../Engine/Plugins/Animation/ControlRig/Content/Controls/ControlRigXRayMaterial.uasset" 560
"../../../Engine/Plugins/Animation/ControlRig/Content/Controls/ControlRigXRayMaterial.uexp" 561
"../../../Engine/Plugins/Animation/ControlRig/Content/Controls/ControlRig_Arrow2_1mm.ubulk" 562
"../../../Engine/Plugins/Animation/ControlRig/Content/Controls/ControlRig_Arrow2_1mm.uasset" 563
"../../../Engine/Plugins/Animation/ControlRig/Content/Controls/ControlRig_Arrow2_1mm.uexp" 564
"../../../Engine/Plugins/Interchange/Assets/Content/Substrate/MX_SimpleVolume.uasset" 565
"../../../Engine/Plugins/Interchange/Assets/Content/Substrate/MX_SimpleVolume.uexp" 566
"../../../Engine/Plugins/Animation/ControlRig/Content/Controls/ControlRig_Arrow2_3mm.ubulk" 567
"../../../Engine/Plugins/Animation/ControlRig/Content/Controls/ControlRig_Arrow2_3mm.uasset" 568
"../../../Engine/Plugins/Animation/ControlRig/Content/Controls/ControlRig_Arrow2_3mm.uexp" 569
"../../../Engine/Content/EngineDebugMaterials/DebugEditorMaterial.uasset" 570
"../../../Engine/Content/EngineDebugMaterials/DebugEditorMaterial.uexp" 571
"../../../Engine/Content/EditorLandscapeResources/WhiteSquareTexture.uasset" 572
"../../../Engine/Content/EditorLandscapeResources/WhiteSquareTexture.uexp" 573
"../../../Engine/Content/EditorLandscapeResources/LayerVisMaterial.uasset" 574
"../../../Engine/Content/EditorLandscapeResources/LayerVisMaterial.uexp" 575
"../../../Engine/Plugins/Animation/ControlRig/Content/Controls/ControlRig_Arrow2_solid.ubulk" 576
"../../../Engine/Plugins/Animation/ControlRig/Content/Controls/ControlRig_Arrow2_solid.uasset" 577
"../../../Engine/Plugins/Animation/ControlRig/Content/Controls/ControlRig_Arrow2_solid.uexp" 578
"../../../Engine/Content/EngineDebugMaterials/DebugMeshMaterial.uasset" 579
"../../../Engine/Content/EngineDebugMaterials/DebugMeshMaterial.uexp" 580
"../../../Engine/Content/Functions/Engine_MaterialFunctions03/Math/WithinRangeFloat2.uasset" 581
"../../../Engine/Content/Functions/Engine_MaterialFunctions03/Math/WithinRangeFloat2.uexp" 582
"../../../Engine/Content/EditorLandscapeResources/MaskBrushMaterial.uasset" 583
"../../../Engine/Content/EditorLandscapeResources/MaskBrushMaterial.uexp" 584
"../../../Engine/Content/EditorLandscapeResources/MaskBrushMaterial_MaskedRegion.uasset" 585
"../../../Engine/Content/EditorLandscapeResources/MaskBrushMaterial_MaskedRegion.uexp" 586
"../../../Engine/Plugins/Animation/ControlRig/Content/Controls/ControlRig_Arrow4_1mm.ubulk" 587
"../../../Engine/Plugins/Animation/ControlRig/Content/Controls/ControlRig_Arrow4_1mm.uasset" 588
"../../../Engine/Plugins/Animation/ControlRig/Content/Controls/ControlRig_Arrow4_1mm.uexp" 589
"../../../Engine/Plugins/Animation/ControlRig/Content/Controls/ControlRig_Arrow4_3mm.ubulk" 590
"../../../Engine/Plugins/Animation/ControlRig/Content/Controls/ControlRig_Arrow4_3mm.uasset" 591
"../../../Engine/Plugins/Animation/ControlRig/Content/Controls/ControlRig_Arrow4_3mm.uexp" 592
"../../../Engine/Plugins/Animation/ControlRig/Content/Controls/ControlRig_Arrow4_solid.ubulk" 593
"../../../Engine/Plugins/Animation/ControlRig/Content/Controls/ControlRig_Arrow4_solid.uasset" 594
"../../../Engine/Plugins/Animation/ControlRig/Content/Controls/ControlRig_Arrow4_solid.uexp" 595
"../../../Engine/Content/EditorMaterials/Camera/CineMat.uasset" 596
"../../../Engine/Content/EditorMaterials/Camera/CineMat.uexp" 597
"../../../Engine/Content/EditorMaterials/Camera/MI_CineMat_Rig.uasset" 598
"../../../Engine/Content/EditorMaterials/Camera/MI_CineMat_Rig.uexp" 599
"../../../Engine/Content/EditorMeshes/Camera/SM_CraneRig_Arm.ubulk" 600
"../../../Engine/Content/EditorMeshes/Camera/SM_CraneRig_Arm.uasset" 601
"../../../Engine/Content/EditorMeshes/Camera/SM_CraneRig_Arm.uexp" 602
"../../../Engine/Plugins/Animation/ControlRig/Content/Controls/ControlRig_Arrow_1mm.ubulk" 603
"../../../Engine/Plugins/Animation/ControlRig/Content/Controls/ControlRig_Arrow_1mm.uasset" 604
"../../../Engine/Plugins/Animation/ControlRig/Content/Controls/ControlRig_Arrow_1mm.uexp" 605
"../../../Engine/Content/EditorLandscapeResources/SelectBrushMaterial.uasset" 606
"../../../Engine/Content/EditorLandscapeResources/SelectBrushMaterial.uexp" 607
"../../../Engine/Content/EditorLandscapeResources/SelectBrushMaterial_Selected.uasset" 608
"../../../Engine/Content/EditorLandscapeResources/SelectBrushMaterial_Selected.uexp" 609
"../../../Engine/Content/EditorMeshes/Camera/SM_CraneRig_Base.ubulk" 610
"../../../Engine/Content/EditorMeshes/Camera/SM_CraneRig_Base.uasset" 611
"../../../Engine/Content/EditorMeshes/Camera/SM_CraneRig_Base.uexp" 612
"../../../Engine/Content/EditorLandscapeResources/SelectBrushMaterial_SelectedRegion.uasset" 613
"../../../Engine/Content/EditorLandscapeResources/SelectBrushMaterial_SelectedRegion.uexp" 614
"../../../Engine/Plugins/Animation/ControlRig/Content/Controls/ControlRig_Arrow_3mm.ubulk" 615
"../../../Engine/Plugins/Animation/ControlRig/Content/Controls/ControlRig_Arrow_3mm.uasset" 616
"../../../Engine/Plugins/Animation/ControlRig/Content/Controls/ControlRig_Arrow_3mm.uexp" 617
"../../../Engine/Content/EditorMeshes/Camera/SM_CraneRig_Body.ubulk" 618
"../../../Engine/Content/EditorMeshes/Camera/SM_CraneRig_Body.uasset" 619
"../../../Engine/Content/EditorMeshes/Camera/SM_CraneRig_Body.uexp" 620
"../../../Engine/Content/EditorLandscapeResources/SplineEditorMeshMat.uasset" 621
"../../../Engine/Content/EditorLandscapeResources/SplineEditorMeshMat.uexp" 622
"../../../Engine/Content/EditorLandscapeResources/SplineEditorMesh.ubulk" 623
"../../../Engine/Content/EditorLandscapeResources/SplineEditorMesh.uasset" 624
"../../../Engine/Content/EditorLandscapeResources/SplineEditorMesh.uexp" 625
"../../../Engine/Content/EditorMeshes/Camera/SM_CraneRig_Mount.ubulk" 626
"../../../Engine/Content/EditorMeshes/Camera/SM_CraneRig_Mount.uasset" 627
"../../../Engine/Content/EditorMeshes/Camera/SM_CraneRig_Mount.uexp" 628
"../../../Engine/Plugins/Animation/ControlRig/Content/Controls/ControlRig_Arrow_solid.ubulk" 629
"../../../Engine/Plugins/Animation/ControlRig/Content/Controls/ControlRig_Arrow_solid.uasset" 630
"../../../Engine/Plugins/Animation/ControlRig/Content/Controls/ControlRig_Arrow_solid.uexp" 631
"../../../Engine/Content/EditorMeshes/Camera/SM_RailRig_Mount.ubulk" 632
"../../../Engine/Content/EditorMeshes/Camera/SM_RailRig_Mount.uasset" 633
"../../../Engine/Content/EditorMeshes/Camera/SM_RailRig_Mount.uexp" 634
"../../../Engine/Plugins/Animation/ControlRig/Content/Controls/ControlRig_Box_1mm.ubulk" 635
"../../../Engine/Plugins/Animation/ControlRig/Content/Controls/ControlRig_Box_1mm.uasset" 636
"../../../Engine/Plugins/Animation/ControlRig/Content/Controls/ControlRig_Box_1mm.uexp" 637
"../../../Engine/Content/EditorMeshes/Camera/SM_RailRig_Track.ubulk" 638
"../../../Engine/Content/EditorMeshes/Camera/SM_RailRig_Track.uasset" 639
"../../../Engine/Content/EditorMeshes/Camera/SM_RailRig_Track.uexp" 640
"../../../Engine/Plugins/Animation/ControlRig/Content/Controls/ControlRig_Box_3mm.ubulk" 641
"../../../Engine/Plugins/Animation/ControlRig/Content/Controls/ControlRig_Box_3mm.uasset" 642
"../../../Engine/Plugins/Animation/ControlRig/Content/Controls/ControlRig_Box_3mm.uexp" 643
"../../../Engine/Plugins/Animation/ControlRig/Content/Controls/ControlRig_Box_solid.ubulk" 644
"../../../Engine/Plugins/Animation/ControlRig/Content/Controls/ControlRig_Box_solid.uasset" 645
"../../../Engine/Plugins/Animation/ControlRig/Content/Controls/ControlRig_Box_solid.uexp" 646
"../../../Engine/Plugins/Animation/ControlRig/Content/Controls/ControlRig_Circle_1mm.ubulk" 647
"../../../Engine/Plugins/Animation/ControlRig/Content/Controls/ControlRig_Circle_1mm.uasset" 648
"../../../Engine/Plugins/Animation/ControlRig/Content/Controls/ControlRig_Circle_1mm.uexp" 649
"../../../Engine/Plugins/Experimental/Water/Content/Curves/FloatCurve.uasset" 650
"../../../Engine/Plugins/Experimental/Water/Content/Curves/FloatCurve.uexp" 651
"../../../Engine/Plugins/Experimental/Water/Content/Curves/FloatCurve_WaterBodyIsland.uasset" 652
"../../../Engine/Plugins/Experimental/Water/Content/Curves/FloatCurve_WaterBodyIsland.uexp" 653
"../../../Engine/Content/EngineDebugMaterials/M_SimpleUnlitTranslucent.uasset" 654
"../../../Engine/Content/EngineDebugMaterials/M_SimpleUnlitTranslucent.uexp" 655
"../../../Engine/Content/EngineDebugMaterials/VolumeToRender.uasset" 656
"../../../Engine/Content/EngineDebugMaterials/VolumeToRender.uexp" 657
"../../../Engine/Content/EngineDebugMaterials/M_VolumeRenderSphereTracePP.uasset" 658
"../../../Engine/Content/EngineDebugMaterials/M_VolumeRenderSphereTracePP.uexp" 659
"../../../Engine/Plugins/Animation/ControlRig/Content/Controls/ControlRig_Circle_3mm.ubulk" 660
"../../../Engine/Plugins/Animation/ControlRig/Content/Controls/ControlRig_Circle_3mm.uasset" 661
"../../../Engine/Plugins/Animation/ControlRig/Content/Controls/ControlRig_Circle_3mm.uexp" 662
"../../../Engine/Plugins/Animation/ControlRig/Content/Controls/ControlRig_Circle_solid.ubulk" 663
"../../../Engine/Plugins/Animation/ControlRig/Content/Controls/ControlRig_Circle_solid.uasset" 664
"../../../Engine/Plugins/Animation/ControlRig/Content/Controls/ControlRig_Circle_solid.uexp" 665
"../../../Engine/Plugins/Animation/ControlRig/Content/Controls/ControlRig_Diamond_1mm.ubulk" 666
"../../../Engine/Plugins/Animation/ControlRig/Content/Controls/ControlRig_Diamond_1mm.uasset" 667
"../../../Engine/Plugins/Animation/ControlRig/Content/Controls/ControlRig_Diamond_1mm.uexp" 668
"../../../Engine/Plugins/Experimental/Water/Content/Icons/WaterBodyExclusionVolumeSprite.uasset" 669
"../../../Engine/Plugins/Experimental/Water/Content/Icons/WaterBodyExclusionVolumeSprite.uexp" 670
"../../../Engine/Plugins/Animation/ControlRig/Content/Controls/ControlRig_Diamond_3mm.ubulk" 671
"../../../Engine/Plugins/Animation/ControlRig/Content/Controls/ControlRig_Diamond_3mm.uasset" 672
"../../../Engine/Plugins/Animation/ControlRig/Content/Controls/ControlRig_Diamond_3mm.uexp" 673
"../../../Engine/Plugins/Animation/ControlRig/Content/Controls/ControlRig_Diamond_solid.ubulk" 674
"../../../Engine/Plugins/Animation/ControlRig/Content/Controls/ControlRig_Diamond_solid.uasset" 675
"../../../Engine/Plugins/Animation/ControlRig/Content/Controls/ControlRig_Diamond_solid.uexp" 676
"../../../Engine/Plugins/Experimental/Water/Content/Icons/WaterBodyIslandSprite.uasset" 677
"../../../Engine/Plugins/Experimental/Water/Content/Icons/WaterBodyIslandSprite.uexp" 678
"../../../Engine/Plugins/Animation/ControlRig/Content/Controls/ControlRig_HalfCircle_1mm.ubulk" 679
"../../../Engine/Plugins/Animation/ControlRig/Content/Controls/ControlRig_HalfCircle_1mm.uasset" 680
"../../../Engine/Plugins/Animation/ControlRig/Content/Controls/ControlRig_HalfCircle_1mm.uexp" 681
"../../../Engine/Plugins/Animation/ControlRig/Content/Controls/ControlRig_HalfCircle_3mm.ubulk" 682
"../../../Engine/Plugins/Animation/ControlRig/Content/Controls/ControlRig_HalfCircle_3mm.uasset" 683
"../../../Engine/Plugins/Animation/ControlRig/Content/Controls/ControlRig_HalfCircle_3mm.uexp" 684
"../../../Engine/Plugins/Animation/ControlRig/Content/Controls/ControlRig_HalfCircle_solid.ubulk" 685
"../../../Engine/Plugins/Animation/ControlRig/Content/Controls/ControlRig_HalfCircle_solid.uasset" 686
"../../../Engine/Plugins/Animation/ControlRig/Content/Controls/ControlRig_HalfCircle_solid.uexp" 687
"../../../Engine/Plugins/Animation/ControlRig/Content/Controls/ControlRig_Hexagon_1mm.ubulk" 688
"../../../Engine/Plugins/Animation/ControlRig/Content/Controls/ControlRig_Hexagon_1mm.uasset" 689
"../../../Engine/Plugins/Animation/ControlRig/Content/Controls/ControlRig_Hexagon_1mm.uexp" 690
"../../../Engine/Plugins/Experimental/Water/Content/Icons/WaterErrorSprite.ubulk" 691
"../../../Engine/Plugins/Experimental/Water/Content/Icons/WaterErrorSprite.uasset" 692
"../../../Engine/Plugins/Experimental/Water/Content/Icons/WaterErrorSprite.uexp" 693
"../../../Engine/Plugins/Experimental/Water/Content/Icons/WaterLandscapeBrushSprite.ubulk" 694
"../../../Engine/Plugins/Experimental/Water/Content/Icons/WaterLandscapeBrushSprite.uasset" 695
"../../../Engine/Plugins/Experimental/Water/Content/Icons/WaterLandscapeBrushSprite.uexp" 696
"../../../Engine/Plugins/Animation/ControlRig/Content/Controls/ControlRig_Hexagon_3mm.ubulk" 697
"../../../Engine/Plugins/Animation/ControlRig/Content/Controls/ControlRig_Hexagon_3mm.uasset" 698
"../../../Engine/Plugins/Animation/ControlRig/Content/Controls/ControlRig_Hexagon_3mm.uexp" 699
"../../../Engine/Plugins/Experimental/Water/Content/Icons/WaterSprite.uasset" 700
"../../../Engine/Plugins/Experimental/Water/Content/Icons/WaterSprite.uexp" 701
"../../../Engine/Plugins/Experimental/Water/Content/Icons/WaterZoneActorSprite.ubulk" 702
"../../../Engine/Plugins/Experimental/Water/Content/Icons/WaterZoneActorSprite.uasset" 703
"../../../Engine/Plugins/Experimental/Water/Content/Icons/WaterZoneActorSprite.uexp" 704
"../../../Engine/Plugins/Animation/ControlRig/Content/Controls/ControlRig_Hexagon_solid.ubulk" 705
"../../../Engine/Plugins/Animation/ControlRig/Content/Controls/ControlRig_Hexagon_solid.uasset" 706
"../../../Engine/Plugins/Animation/ControlRig/Content/Controls/ControlRig_Hexagon_solid.uexp" 707
"../../../Engine/Plugins/Experimental/Water/Content/Meshes/LakeMesh.ubulk" 708
"../../../Engine/Plugins/Experimental/Water/Content/Meshes/LakeMesh.uasset" 709
"../../../Engine/Plugins/Experimental/Water/Content/Meshes/LakeMesh.uexp" 710
"../../../Engine/Content/ArtTools/RenderToTexture/Meshes/S_1_Unit_Plane.ubulk" 711
"../../../Engine/Content/ArtTools/RenderToTexture/Meshes/S_1_Unit_Plane.uasset" 712
"../../../Engine/Content/ArtTools/RenderToTexture/Meshes/S_1_Unit_Plane.uexp" 713
"../../../Engine/Plugins/Experimental/Water/Content/Meshes/RiverMesh.ubulk" 714
"../../../Engine/Plugins/Experimental/Water/Content/Meshes/RiverMesh.uasset" 715
"../../../Engine/Plugins/Experimental/Water/Content/Meshes/RiverMesh.uexp" 716
"../../../Engine/Plugins/Animation/ControlRig/Content/Controls/ControlRig_Octagon_1mm.ubulk" 717
"../../../Engine/Plugins/Animation/ControlRig/Content/Controls/ControlRig_Octagon_1mm.uasset" 718
"../../../Engine/Plugins/Animation/ControlRig/Content/Controls/ControlRig_Octagon_1mm.uexp" 719
"../../../Engine/Plugins/Animation/ControlRig/Content/Controls/ControlRig_Octagon_3mm.ubulk" 720
"../../../Engine/Plugins/Animation/ControlRig/Content/Controls/ControlRig_Octagon_3mm.uasset" 721
"../../../Engine/Plugins/Animation/ControlRig/Content/Controls/ControlRig_Octagon_3mm.uexp" 722
"../../../Engine/Plugins/Animation/ControlRig/Content/Controls/ControlRig_Octagon_solid.ubulk" 723
"../../../Engine/Plugins/Animation/ControlRig/Content/Controls/ControlRig_Octagon_solid.uasset" 724
"../../../Engine/Plugins/Animation/ControlRig/Content/Controls/ControlRig_Octagon_solid.uexp" 725
"../../../Engine/Plugins/Animation/ControlRig/Content/Controls/ControlRig_Pyramid_1mm.ubulk" 726
"../../../Engine/Plugins/Animation/ControlRig/Content/Controls/ControlRig_Pyramid_1mm.uasset" 727
"../../../Engine/Plugins/Animation/ControlRig/Content/Controls/ControlRig_Pyramid_1mm.uexp" 728
"../../../Engine/Plugins/Animation/ControlRig/Content/Controls/ControlRig_Pyramid_3mm.ubulk" 729
"../../../Engine/Plugins/Animation/ControlRig/Content/Controls/ControlRig_Pyramid_3mm.uasset" 730
"../../../Engine/Plugins/Animation/ControlRig/Content/Controls/ControlRig_Pyramid_3mm.uexp" 731
"../../../Engine/Plugins/Animation/ControlRig/Content/Controls/ControlRig_Pyramid_solid.ubulk" 732
"../../../Engine/Plugins/Animation/ControlRig/Content/Controls/ControlRig_Pyramid_solid.uasset" 733
"../../../Engine/Plugins/Animation/ControlRig/Content/Controls/ControlRig_Pyramid_solid.uexp" 734
"../../../Engine/Plugins/Animation/ControlRig/Content/Controls/ControlRig_QuarterCircle_1mm.ubulk" 735
"../../../Engine/Plugins/Animation/ControlRig/Content/Controls/ControlRig_QuarterCircle_1mm.uasset" 736
"../../../Engine/Plugins/Animation/ControlRig/Content/Controls/ControlRig_QuarterCircle_1mm.uexp" 737
"../../../Engine/Plugins/Animation/ControlRig/Content/Controls/ControlRig_QuarterCircle_3mm.ubulk" 738
"../../../Engine/Plugins/Animation/ControlRig/Content/Controls/ControlRig_QuarterCircle_3mm.uasset" 739
"../../../Engine/Plugins/Animation/ControlRig/Content/Controls/ControlRig_QuarterCircle_3mm.uexp" 740
"../../../Engine/Plugins/Animation/ControlRig/Content/Controls/ControlRig_QuarterCircle_solid.ubulk" 741
"../../../Engine/Plugins/Animation/ControlRig/Content/Controls/ControlRig_QuarterCircle_solid.uasset" 742
"../../../Engine/Plugins/Animation/ControlRig/Content/Controls/ControlRig_QuarterCircle_solid.uexp" 743
"../../../Engine/Plugins/Animation/ControlRig/Content/Controls/ControlRig_RoundedSquare_1mm.ubulk" 744
"../../../Engine/Plugins/Animation/ControlRig/Content/Controls/ControlRig_RoundedSquare_1mm.uasset" 745
"../../../Engine/Plugins/Animation/ControlRig/Content/Controls/ControlRig_RoundedSquare_1mm.uexp" 746
"../../../Engine/Content/EditorResources/LightIcons/S_LightDirectional.uasset" 747
"../../../Engine/Content/EditorResources/LightIcons/S_LightDirectional.uexp" 748
"../../../Engine/Plugins/Animation/ControlRig/Content/Controls/ControlRig_RoundedSquare_3mm.ubulk" 749
"../../../Engine/Plugins/Animation/ControlRig/Content/Controls/ControlRig_RoundedSquare_3mm.uasset" 750
"../../../Engine/Plugins/Animation/ControlRig/Content/Controls/ControlRig_RoundedSquare_3mm.uexp" 751
"../../../Engine/Plugins/Animation/ControlRig/Content/Controls/ControlRig_RoundedSquare_solid.ubulk" 752
"../../../Engine/Plugins/Animation/ControlRig/Content/Controls/ControlRig_RoundedSquare_solid.uasset" 753
"../../../Engine/Plugins/Animation/ControlRig/Content/Controls/ControlRig_RoundedSquare_solid.uexp" 754
"../../../Engine/Plugins/Animation/ControlRig/Content/Controls/ControlRig_RoundedTriangle_1mm.ubulk" 755
"../../../Engine/Plugins/Animation/ControlRig/Content/Controls/ControlRig_RoundedTriangle_1mm.uasset" 756
"../../../Engine/Plugins/Animation/ControlRig/Content/Controls/ControlRig_RoundedTriangle_1mm.uexp" 757
"../../../Engine/Plugins/Animation/ControlRig/Content/Controls/ControlRig_RoundedTriangle_3mm.ubulk" 758
"../../../Engine/Plugins/Animation/ControlRig/Content/Controls/ControlRig_RoundedTriangle_3mm.uasset" 759
"../../../Engine/Plugins/Animation/ControlRig/Content/Controls/ControlRig_RoundedTriangle_3mm.uexp" 760
"../../../Engine/Plugins/Animation/ControlRig/Content/Controls/ControlRig_RoundedTriangle_solid.ubulk" 761
"../../../Engine/Plugins/Animation/ControlRig/Content/Controls/ControlRig_RoundedTriangle_solid.uasset" 762
"../../../Engine/Plugins/Animation/ControlRig/Content/Controls/ControlRig_RoundedTriangle_solid.uexp" 763
"../../../Engine/Content/EngineMaterials/Substrate/GLints/AGlintTex2dArray.uasset" 764
"../../../Engine/Content/EngineMaterials/Substrate/GLints/AGlintTex2dArray.uexp" 765
"../../../Engine/Content/EditorResources/SequenceRecorder/Countdown.uasset" 766
"../../../Engine/Content/EditorResources/SequenceRecorder/Countdown.uexp" 767
"../../../Engine/Plugins/Animation/ControlRig/Content/Controls/ControlRig_Sphere_1mm.ubulk" 768
"../../../Engine/Plugins/Animation/ControlRig/Content/Controls/ControlRig_Sphere_1mm.uasset" 769
"../../../Engine/Plugins/Animation/ControlRig/Content/Controls/ControlRig_Sphere_1mm.uexp" 770
"../../../Engine/Content/EditorMaterials/PhAT_NoCollisionMaterial.uasset" 771
"../../../Engine/Content/EditorMaterials/PhAT_NoCollisionMaterial.uexp" 772
"../../../Engine/Plugins/Animation/ControlRig/Content/Controls/ControlRig_Sphere_3mm.ubulk" 773
"../../../Engine/Plugins/Animation/ControlRig/Content/Controls/ControlRig_Sphere_3mm.uasset" 774
"../../../Engine/Plugins/Animation/ControlRig/Content/Controls/ControlRig_Sphere_3mm.uexp" 775
"../../../Engine/Plugins/Animation/ControlRig/Content/Controls/ControlRig_Sphere_solid.ubulk" 776
"../../../Engine/Plugins/Animation/ControlRig/Content/Controls/ControlRig_Sphere_solid.uasset" 777
"../../../Engine/Plugins/Animation/ControlRig/Content/Controls/ControlRig_Sphere_solid.uexp" 778
"../../../Engine/Content/EditorResources/SequenceRecorder/RecordingIndicator.uasset" 779
"../../../Engine/Content/EditorResources/SequenceRecorder/RecordingIndicator.uexp" 780
"../../../Engine/Content/EditorMaterials/PhAT_UnselectedMaterial.uasset" 781
"../../../Engine/Content/EditorMaterials/PhAT_UnselectedMaterial.uexp" 782
"../../../Engine/Plugins/Animation/ControlRig/Content/Controls/ControlRig_Square_1mm.ubulk" 783
"../../../Engine/Plugins/Animation/ControlRig/Content/Controls/ControlRig_Square_1mm.uasset" 784
"../../../Engine/Plugins/Animation/ControlRig/Content/Controls/ControlRig_Square_1mm.uexp" 785
"../../../Engine/Content/EditorMaterials/PreviewShadowIndicator.ubulk" 786
"../../../Engine/Content/EditorMaterials/PreviewShadowIndicator.uasset" 787
"../../../Engine/Content/EditorMaterials/PreviewShadowIndicator.uexp" 788
"../../../Engine/Content/EditorMaterials/PreviewShadowIndicatorMaterial.uasset" 789
"../../../Engine/Content/EditorMaterials/PreviewShadowIndicatorMaterial.uexp" 790
"../../../Engine/Plugins/Animation/ControlRig/Content/Controls/ControlRig_Square_3mm.ubulk" 791
"../../../Engine/Plugins/Animation/ControlRig/Content/Controls/ControlRig_Square_3mm.uasset" 792
"../../../Engine/Plugins/Animation/ControlRig/Content/Controls/ControlRig_Square_3mm.uexp" 793
"../../../Engine/Plugins/Animation/ControlRig/Content/Controls/ControlRig_Square_solid.ubulk" 794
"../../../Engine/Plugins/Animation/ControlRig/Content/Controls/ControlRig_Square_solid.uasset" 795
"../../../Engine/Plugins/Animation/ControlRig/Content/Controls/ControlRig_Square_solid.uexp" 796
"../../../Engine/Plugins/Animation/ControlRig/Content/Controls/ControlRig_Star4_1mm.ubulk" 797
"../../../Engine/Plugins/Animation/ControlRig/Content/Controls/ControlRig_Star4_1mm.uasset" 798
"../../../Engine/Plugins/Animation/ControlRig/Content/Controls/ControlRig_Star4_1mm.uexp" 799
"../../../Engine/Plugins/Animation/ControlRig/Content/Controls/ControlRig_Star4_3mm.ubulk" 800
"../../../Engine/Plugins/Animation/ControlRig/Content/Controls/ControlRig_Star4_3mm.uasset" 801
"../../../Engine/Plugins/Animation/ControlRig/Content/Controls/ControlRig_Star4_3mm.uexp" 802
"../../../Engine/Plugins/Runtime/AudioWidgets/Content/Resources/ScrubHandleDown_Clamped.uasset" 803
"../../../Engine/Plugins/Runtime/AudioWidgets/Content/Resources/ScrubHandleDown_Clamped.uexp" 804
"../../../Engine/Plugins/Animation/ControlRig/Content/Controls/ControlRig_Star4_solid.ubulk" 805
"../../../Engine/Plugins/Animation/ControlRig/Content/Controls/ControlRig_Star4_solid.uasset" 806
"../../../Engine/Plugins/Animation/ControlRig/Content/Controls/ControlRig_Star4_solid.uexp" 807
"../../../Engine/Plugins/Animation/ControlRig/Content/Controls/ControlRig_Triangle_1mm.ubulk" 808
"../../../Engine/Plugins/Animation/ControlRig/Content/Controls/ControlRig_Triangle_1mm.uasset" 809
"../../../Engine/Plugins/Animation/ControlRig/Content/Controls/ControlRig_Triangle_1mm.uexp" 810
"../../../Engine/Plugins/Animation/ControlRig/Content/Controls/ControlRig_Triangle_3mm.ubulk" 811
"../../../Engine/Plugins/Animation/ControlRig/Content/Controls/ControlRig_Triangle_3mm.uasset" 812
"../../../Engine/Plugins/Animation/ControlRig/Content/Controls/ControlRig_Triangle_3mm.uexp" 813
"../../../Engine/Plugins/Animation/ControlRig/Content/Controls/ControlRig_Triangle_solid.ubulk" 814
"../../../Engine/Plugins/Animation/ControlRig/Content/Controls/ControlRig_Triangle_solid.uasset" 815
"../../../Engine/Plugins/Animation/ControlRig/Content/Controls/ControlRig_Triangle_solid.uexp" 816
"../../../Engine/Content/EngineMaterials/DefaultBloomKernel.uasset" 817
"../../../Engine/Content/EngineMaterials/DefaultBloomKernel.uexp" 818
"../../../Engine/Content/EngineMaterials/DefaultBokeh.uasset" 819
"../../../Engine/Content/EngineMaterials/DefaultBokeh.uexp" 820
"../../../Engine/Plugins/Animation/ControlRig/Content/Controls/ControlRig_Wedge_1mm.ubulk" 821
"../../../Engine/Plugins/Animation/ControlRig/Content/Controls/ControlRig_Wedge_1mm.uasset" 822
"../../../Engine/Plugins/Animation/ControlRig/Content/Controls/ControlRig_Wedge_1mm.uexp" 823
"../../../Engine/Content/EngineMaterials/DefaultDeferredDecalMaterial.uasset" 824
"../../../Engine/Content/EngineMaterials/DefaultDeferredDecalMaterial.uexp" 825
"../../../Engine/Plugins/Animation/ControlRig/Content/Controls/ControlRig_Wedge_3mm.ubulk" 826
"../../../Engine/Plugins/Animation/ControlRig/Content/Controls/ControlRig_Wedge_3mm.uasset" 827
"../../../Engine/Plugins/Animation/ControlRig/Content/Controls/ControlRig_Wedge_3mm.uexp" 828
"../../../Engine/Plugins/Animation/ControlRig/Content/Controls/ControlRig_Wedge_solid.ubulk" 829
"../../../Engine/Plugins/Animation/ControlRig/Content/Controls/ControlRig_Wedge_solid.uasset" 830
"../../../Engine/Plugins/Animation/ControlRig/Content/Controls/ControlRig_Wedge_solid.uexp" 831
"../../../Engine/Content/EngineMaterials/DefaultLightFunctionMaterial.uasset" 832
"../../../Engine/Content/EngineMaterials/DefaultLightFunctionMaterial.uexp" 833
"../../../Engine/Content/EngineMaterials/EnergyConservation/Diffuse_Energy.uasset" 834
"../../../Engine/Content/EngineMaterials/EnergyConservation/Diffuse_Energy.uexp" 835
"../../../Engine/Content/EngineMaterials/EnergyConservation/GGX_ReflectionEnergy.uasset" 836
"../../../Engine/Content/EngineMaterials/EnergyConservation/GGX_ReflectionEnergy.uexp" 837
"../../../Engine/Content/EngineMaterials/DefaultPostProcessMaterial.uasset" 838
"../../../Engine/Content/EngineMaterials/DefaultPostProcessMaterial.uexp" 839
"../../../Engine/Content/EngineMaterials/EnergyConservation/GGX_TransmissionEnergyArray.uasset" 840
"../../../Engine/Content/EngineMaterials/EnergyConservation/GGX_TransmissionEnergyArray.uexp" 841
"../../../Engine/Content/EngineFonts/RobotoDistanceField.uasset" 842
"../../../Engine/Content/EngineFonts/RobotoDistanceField.uexp" 843
"../../../Engine/Content/EngineMaterials/DefaultTextMaterialOpaque.uasset" 844
"../../../Engine/Content/EngineMaterials/DefaultTextMaterialOpaque.uexp" 845
"../../../Engine/Content/EngineMaterials/EnergyConservation/SheenLegacy_Energy.uasset" 846
"../../../Engine/Content/EngineMaterials/EnergyConservation/SheenLegacy_Energy.uexp" 847
"../../../Engine/Content/EngineMaterials/EnergyConservation/Sheen_Energy.uasset" 848
"../../../Engine/Content/EngineMaterials/EnergyConservation/Sheen_Energy.uexp" 849
"../../../Engine/Content/EngineMaterials/DefaultWhiteGrid.ubulk" 850
"../../../Engine/Content/EngineMaterials/DefaultWhiteGrid.uasset" 851
"../../../Engine/Content/EngineMaterials/DefaultWhiteGrid.uexp" 852
"../../../Engine/Content/EngineMaterials/LTC/GGX_LTCAmp.uasset" 853
"../../../Engine/Content/EngineMaterials/LTC/GGX_LTCAmp.uexp" 854
"../../../Engine/Content/EngineMaterials/LTC/GGX_LTCMat.uasset" 855
"../../../Engine/Content/EngineMaterials/LTC/GGX_LTCMat.uexp" 856
"../../../Engine/Content/EngineMaterials/LTC/Sheen_LTC.uasset" 857
"../../../Engine/Content/EngineMaterials/LTC/Sheen_LTC.uexp" 858
"../../../Engine/Content/EngineMaterials/DefaultWhiteGrid_Low.uasset" 859
"../../../Engine/Content/EngineMaterials/DefaultWhiteGrid_Low.uexp" 860
"../../../Engine/Content/EngineMaterials/EmissiveMeshMaterial.uasset" 861
"../../../Engine/Content/EngineMaterials/EmissiveMeshMaterial.uexp" 862
"../../../Engine/Content/EngineMaterials/FastBlueNoise_scalar_128x128x64.uasset" 863
"../../../Engine/Content/EngineMaterials/FastBlueNoise_scalar_128x128x64.uexp" 864
"../../../Engine/Content/EngineMaterials/FastBlueNoise_scalar_128x128x8.uasset" 865
"../../../Engine/Content/EngineMaterials/FastBlueNoise_scalar_128x128x8.uexp" 866
"../../../Engine/Content/EngineResources/Development/ZenLogo_64.uasset" 867
"../../../Engine/Content/EngineResources/Development/ZenLogo_64.uexp" 868
"../../../Engine/Content/EngineMaterials/FastBlueNoise_vec2_128x128x64.uasset" 869
"../../../Engine/Content/EngineMaterials/FastBlueNoise_vec2_128x128x64.uexp" 870
"../../../Engine/Content/EngineMaterials/BaseFlattenDiffuseMap.uasset" 871
"../../../Engine/Content/EngineMaterials/BaseFlattenDiffuseMap.uexp" 872
"../../../Engine/Content/EngineMaterials/BaseFlattenEmissiveMap.uasset" 873
"../../../Engine/Content/EngineMaterials/BaseFlattenEmissiveMap.uexp" 874
"../../../Engine/Content/EngineMaterials/BaseFlattenGrayscaleMap.uasset" 875
"../../../Engine/Content/EngineMaterials/BaseFlattenGrayscaleMap.uexp" 876
"../../../Engine/Content/EngineMaterials/BaseFlattenLinearColor.uasset" 877
"../../../Engine/Content/EngineMaterials/BaseFlattenLinearColor.uexp" 878
"../../../Engine/Content/EngineMaterials/BaseFlattenNormalMap.uasset" 879
"../../../Engine/Content/EngineMaterials/BaseFlattenNormalMap.uexp" 880
"../../../Engine/Content/Functions/Engine_MaterialFunctions02/PivotPainter2/Black_1x1_EXR_Texture.uasset" 881
"../../../Engine/Content/Functions/Engine_MaterialFunctions02/PivotPainter2/Black_1x1_EXR_Texture.uexp" 882
"../../../Engine/Content/EngineMaterials/FlattenMaterial.uasset" 883
"../../../Engine/Content/EngineMaterials/FlattenMaterial.uexp" 884
"../../../Engine/Content/EngineResources/FilmGrains/Marcie_Grain_v3_128_M2_000.uasset" 885
"../../../Engine/Content/EngineResources/FilmGrains/Marcie_Grain_v3_128_M2_000.uexp" 886
"../../../Engine/Content/EngineMaterials/BaseFlattenDiffuseMap_VT.ubulk" 887
"../../../Engine/Content/EngineMaterials/BaseFlattenDiffuseMap_VT.uasset" 888
"../../../Engine/Content/EngineMaterials/BaseFlattenDiffuseMap_VT.uexp" 889
"../../../Engine/Content/EngineMaterials/BaseFlattenEmissiveMap_VT.ubulk" 890
"../../../Engine/Content/EngineMaterials/BaseFlattenEmissiveMap_VT.uasset" 891
"../../../Engine/Content/EngineMaterials/BaseFlattenEmissiveMap_VT.uexp" 892
"../../../Engine/Content/EngineMaterials/BaseFlattenGrayscaleMap_VT.ubulk" 893
"../../../Engine/Content/EngineMaterials/BaseFlattenGrayscaleMap_VT.uasset" 894
"../../../Engine/Content/EngineMaterials/BaseFlattenGrayscaleMap_VT.uexp" 895
"../../../Engine/Content/EngineMaterials/BaseFlattenLinearColor_VT.ubulk" 896
"../../../Engine/Content/EngineMaterials/BaseFlattenLinearColor_VT.uasset" 897
"../../../Engine/Content/EngineMaterials/BaseFlattenLinearColor_VT.uexp" 898
"../../../Engine/Content/EngineMaterials/BaseFlattenNormalMap_VT.ubulk" 899
"../../../Engine/Content/EngineMaterials/BaseFlattenNormalMap_VT.uasset" 900
"../../../Engine/Content/EngineMaterials/BaseFlattenNormalMap_VT.uexp" 901
"../../../Engine/Content/EngineMaterials/Black_1x1_EXR_Texture_VT.ubulk" 902
"../../../Engine/Content/EngineMaterials/Black_1x1_EXR_Texture_VT.uasset" 903
"../../../Engine/Content/EngineMaterials/Black_1x1_EXR_Texture_VT.uexp" 904
"../../../Engine/Content/EngineMaterials/FlattenMaterial_VT.uasset" 905
"../../../Engine/Content/EngineMaterials/FlattenMaterial_VT.uexp" 906
"../../../Engine/Content/EngineMaterials/FlattenMaterial_WS_Normal_VT.uasset" 907
"../../../Engine/Content/EngineMaterials/FlattenMaterial_WS_Normal_VT.uexp" 908
"../../../Engine/Content/EngineMaterials/GizmoMaterial.uasset" 909
"../../../Engine/Content/EngineMaterials/GizmoMaterial.uexp" 910
"../../../Engine/Content/Functions/Engine_MaterialFunctions02/Utility/BreakOutFloat4Components.uasset" 911
"../../../Engine/Content/Functions/Engine_MaterialFunctions02/Utility/BreakOutFloat4Components.uexp" 912
"../../../Engine/Content/Functions/Engine_MaterialFunctions02/Utility/MakeFloat4.uasset" 913
"../../../Engine/Content/Functions/Engine_MaterialFunctions02/Utility/MakeFloat4.uexp" 914
"../../../Engine/Content/EngineResources/DefaultVolumeTexture2D.uasset" 915
"../../../Engine/Content/EngineResources/DefaultVolumeTexture2D.uexp" 916
"../../../Engine/Content/EngineResources/DefaultVolumeTexture.uasset" 917
"../../../Engine/Content/EngineResources/DefaultVolumeTexture.uexp" 918
"../../../Engine/Content/EngineSky/VolumetricClouds/VT_Lightning.uasset" 919
"../../../Engine/Content/EngineSky/VolumetricClouds/VT_Lightning.uexp" 920
"../../../Engine/Content/Functions/Engine_MaterialFunctions01/Units/Km-to-Cm.uasset" 921
"../../../Engine/Content/Functions/Engine_MaterialFunctions01/Units/Km-to-Cm.uexp" 922
"../../../Engine/Content/EngineSky/VolumetricClouds/m_SimpleVolumetricCloud.uasset" 923
"../../../Engine/Content/EngineSky/VolumetricClouds/m_SimpleVolumetricCloud.uexp" 924
"../../../Engine/Content/EngineSky/VolumetricClouds/T_CloudMask.ubulk" 925
"../../../Engine/Content/EngineSky/VolumetricClouds/T_CloudMask.uasset" 926
"../../../Engine/Content/EngineSky/VolumetricClouds/T_CloudMask.uexp" 927
"../../../Engine/Content/EngineSky/VolumetricClouds/T_CloudPattern.ubulk" 928
"../../../Engine/Content/EngineSky/VolumetricClouds/T_CloudPattern.uasset" 929
"../../../Engine/Content/EngineSky/VolumetricClouds/T_CloudPattern.uexp" 930
"../../../Engine/Content/EngineSky/VolumetricClouds/T_Profile_08.ubulk" 931
"../../../Engine/Content/EngineSky/VolumetricClouds/T_Profile_08.uasset" 932
"../../../Engine/Content/EngineSky/VolumetricClouds/T_Profile_08.uexp" 933
"../../../Engine/Content/EngineSky/VolumetricClouds/VT_PerlinWorley_Balanced.uasset" 934
"../../../Engine/Content/EngineSky/VolumetricClouds/VT_PerlinWorley_Balanced.uexp" 935
"../../../Engine/Content/EngineSky/VolumetricClouds/m_SimpleVolumetricCloud_Inst.uasset" 936
"../../../Engine/Content/EngineSky/VolumetricClouds/m_SimpleVolumetricCloud_Inst.uexp" 937
"../../../Engine/Content/Functions/Engine_MaterialFunctions02/Utility/MakeFloat2.uasset" 938
"../../../Engine/Content/Functions/Engine_MaterialFunctions02/Utility/MakeFloat2.uexp" 939
"../../../Engine/Content/EngineMaterials/BlendFunc_DefBase.uasset" 940
"../../../Engine/Content/EngineMaterials/BlendFunc_DefBase.uexp" 941
"../../../Engine/Content/EngineMaterials/BlendFunc_DefBlend.uasset" 942
"../../../Engine/Content/EngineMaterials/BlendFunc_DefBlend.uexp" 943
"../../../Engine/Content/Functions/Engine_MaterialFunctions03/Blends/Blend_Screen.uasset" 944
"../../../Engine/Content/Functions/Engine_MaterialFunctions03/Blends/Blend_Screen.uexp" 945
"../../../Engine/Content/EditorMaterials/TilingAALineIntegral.uasset" 946
"../../../Engine/Content/EditorMaterials/TilingAALineIntegral.uexp" 947
"../../../Engine/Content/EditorMaterials/TilingAALineBoxFiltered.uasset" 948
"../../../Engine/Content/EditorMaterials/TilingAALineBoxFiltered.uexp" 949
"../../../Engine/Content/Functions/Engine_MaterialFunctions03/Procedurals/ComputeFilterWidth.uasset" 950
"../../../Engine/Content/Functions/Engine_MaterialFunctions03/Procedurals/ComputeFilterWidth.uexp" 951
"../../../Engine/Content/EditorMaterials/TilingAAGrid.uasset" 952
"../../../Engine/Content/EditorMaterials/TilingAAGrid.uexp" 953
"../../../Engine/Content/EngineResources/Black_Low.uasset" 954
"../../../Engine/Content/EngineResources/Black_Low.uexp" 955
"../../../Engine/Plugins/Experimental/Landmass/Content/Landscape/BlueprintBrushes/MPC/MPC_Landscape.uasset" 956
"../../../Engine/Plugins/Experimental/Landmass/Content/Landscape/BlueprintBrushes/MPC/MPC_Landscape.uexp" 957
"../../../Engine/Plugins/Experimental/Landmass/Content/Landscape/BlueprintBrushes/MF/PointSampleLandscapeUVs.uasset" 958
"../../../Engine/Plugins/Experimental/Landmass/Content/Landscape/BlueprintBrushes/MF/PointSampleLandscapeUVs.uexp" 959
"../../../Engine/Content/Functions/Engine_MaterialFunctions01/ImageAdjustment/SCurve.uasset" 960
"../../../Engine/Content/Functions/Engine_MaterialFunctions01/ImageAdjustment/SCurve.uexp" 961
"../../../Engine/Plugins/Experimental/Landmass/Content/Landscape/OldPrototype_BP/Mats/MF/UnpackRG8Height.uasset" 962
"../../../Engine/Plugins/Experimental/Landmass/Content/Landscape/OldPrototype_BP/Mats/MF/UnpackRG8Height.uexp" 963
"../../../Engine/Content/ArtTools/RenderToTexture/Textures/T_EV_BlankWhite_01.uasset" 964
"../../../Engine/Content/ArtTools/RenderToTexture/Textures/T_EV_BlankWhite_01.uexp" 965
"../../../Engine/Plugins/Experimental/Landmass/Content/Landscape/BlueprintBrushes/MF/LandmassBrush_UVs.uasset" 966
"../../../Engine/Plugins/Experimental/Landmass/Content/Landscape/BlueprintBrushes/MF/LandmassBrush_UVs.uexp" 967
"../../../Engine/Plugins/Experimental/Landmass/Content/Landscape/BlueprintBrushes/MF/LandmassBrush_EdgeFalloff.uasset" 968
"../../../Engine/Plugins/Experimental/Landmass/Content/Landscape/BlueprintBrushes/MF/LandmassBrush_EdgeFalloff.uexp" 969
"../../../Engine/Plugins/Experimental/Landmass/Content/Landscape/BlueprintBrushes/MF/LandmassBrush_Noise.uasset" 970
"../../../Engine/Plugins/Experimental/Landmass/Content/Landscape/BlueprintBrushes/MF/LandmassBrush_Noise.uexp" 971
"../../../Engine/Plugins/Experimental/Landmass/Content/Landscape/BlueprintBrushes/MF/Landmass_BrushTilt.uasset" 972
"../../../Engine/Plugins/Experimental/Landmass/Content/Landscape/BlueprintBrushes/MF/Landmass_BrushTilt.uexp" 973
"../../../Engine/Plugins/Experimental/Landmass/Content/Landscape/BlueprintBrushes/Materials/BrushMaterials/BasicFunctions/LandmassBrush_ShapeMask.uasset" 974
"../../../Engine/Plugins/Experimental/Landmass/Content/Landscape/BlueprintBrushes/Materials/BrushMaterials/BasicFunctions/LandmassBrush_ShapeMask.uexp" 975
"../../../Engine/Plugins/Experimental/Landmass/Content/Landscape/BlueprintBrushes/Materials/Internal/BrushBounds.uasset" 976
"../../../Engine/Plugins/Experimental/Landmass/Content/Landscape/BlueprintBrushes/Materials/Internal/BrushBounds.uexp" 977
"../../../Engine/Content/Functions/Engine_MaterialFunctions02/Math/ProjectVectorOntoPlane.uasset" 978
"../../../Engine/Content/Functions/Engine_MaterialFunctions02/Math/ProjectVectorOntoPlane.uexp" 979
"../../../Engine/Content/EngineMaterials/LineSetComponentMaterial.uasset" 980
"../../../Engine/Content/EngineMaterials/LineSetComponentMaterial.uexp" 981
"../../../Engine/Content/EngineMaterials/MiniFont.uasset" 982
"../../../Engine/Content/EngineMaterials/MiniFont.uexp" 983
"../../../Engine/Content/EngineMaterials/InvalidLightmapSettings.ubulk" 984
"../../../Engine/Content/EngineMaterials/InvalidLightmapSettings.uasset" 985
"../../../Engine/Content/EngineMaterials/InvalidLightmapSettings.uexp" 986
"../../../Engine/Content/EngineMaterials/M_InvalidLightmapSettings.uasset" 987
"../../../Engine/Content/EngineMaterials/M_InvalidLightmapSettings.uexp" 988
"../../../Engine/Plugins/Runtime/HairStrands/Content/Materials/HairCardsDefaultMaterial.uasset" 989
"../../../Engine/Plugins/Runtime/HairStrands/Content/Materials/HairCardsDefaultMaterial.uexp" 990
"../../../Engine/Content/EngineMaterials/HairColorMap.uasset" 991
"../../../Engine/Content/EngineMaterials/HairColorMap.uexp" 992
"../../../Engine/Content/EngineMaterials/HairDebugColor.uasset" 993
"../../../Engine/Content/EngineMaterials/HairDebugColor.uexp" 994
"../../../Engine/Plugins/Runtime/HairStrands/Content/Materials/HairGroupColors.uasset" 995
"../../../Engine/Plugins/Runtime/HairStrands/Content/Materials/HairGroupColors.uexp" 996
"../../../Engine/Plugins/Runtime/HairStrands/Content/Materials/HairDebugMaterial.uasset" 997
"../../../Engine/Plugins/Runtime/HairStrands/Content/Materials/HairDebugMaterial.uexp" 998
"../../../Engine/Plugins/Runtime/HairStrands/Content/Materials/HairDefaultMaterial.uasset" 999
"../../../Engine/Plugins/Runtime/HairStrands/Content/Materials/HairDefaultMaterial.uexp" 1000
"../../../Engine/Content/EngineMaterials/NaniteHiddenSectionMaterial.uasset" 1001
"../../../Engine/Content/EngineMaterials/NaniteHiddenSectionMaterial.uexp" 1002
"../../../Engine/Plugins/Runtime/HairStrands/Content/Materials/HairMeshesDefaultMaterial.uasset" 1003
"../../../Engine/Plugins/Runtime/HairStrands/Content/Materials/HairMeshesDefaultMaterial.uexp" 1004
"../../../Engine/Content/EditorResources/S_Terrain.ubulk" 1005
"../../../Engine/Content/EditorResources/S_Terrain.uasset" 1006
"../../../Engine/Content/EditorResources/S_Terrain.uexp" 1007
"../../../Engine/Content/Functions/Engine_MaterialFunctions02/WorldPositionOffset/ComponentPivotLocation.uasset" 1008
"../../../Engine/Content/Functions/Engine_MaterialFunctions02/WorldPositionOffset/ComponentPivotLocation.uexp" 1009
"../../../Engine/Content/Functions/Engine_MaterialFunctions02/WorldPositionOffset/Sprite.uasset" 1010
"../../../Engine/Content/Functions/Engine_MaterialFunctions02/WorldPositionOffset/Sprite.uexp" 1011
"../../../Engine/Plugins/Experimental/Landmass/Content/Landscape/BlueprintBrushes/Materials/Sprite/M_BrushSprite_01.uasset" 1012
"../../../Engine/Plugins/Experimental/Landmass/Content/Landscape/BlueprintBrushes/Materials/Sprite/M_BrushSprite_01.uexp" 1013
"../../../Engine/Content/Functions/Engine_MaterialFunctions01/Shading/ConvertFromDiffSpec.uasset" 1014
"../../../Engine/Content/Functions/Engine_MaterialFunctions01/Shading/ConvertFromDiffSpec.uexp" 1015
"../../../Engine/Content/EngineMaterials/PhAT_JointLimitMaterial.uasset" 1016
"../../../Engine/Content/EngineMaterials/PhAT_JointLimitMaterial.uexp" 1017
"../../../Engine/Content/EngineMaterials/DefaultCalibrationColor.uasset" 1018
"../../../Engine/Content/EngineMaterials/DefaultCalibrationColor.uexp" 1019
"../../../Engine/Content/EngineMaterials/PPM_DefaultCalibrationColor.uasset" 1020
"../../../Engine/Content/EngineMaterials/PPM_DefaultCalibrationColor.uexp" 1021
"../../../Engine/Content/Functions/Engine_MaterialFunctions01/Shading/PowerToRoughness.uasset" 1022
"../../../Engine/Content/Functions/Engine_MaterialFunctions01/Shading/PowerToRoughness.uexp" 1023
"../../../Engine/Content/EngineMaterials/DefaultCalibrationGrayscale.uasset" 1024
"../../../Engine/Content/EngineMaterials/DefaultCalibrationGrayscale.uexp" 1025
"../../../Engine/Content/EngineMaterials/PPM_DefaultCalibrationGrayscale.uasset" 1026
"../../../Engine/Content/EngineMaterials/PPM_DefaultCalibrationGrayscale.uexp" 1027
"../../../Engine/Content/EngineMaterials/PreintegratedSkinBRDF.uasset" 1028
"../../../Engine/Content/EngineMaterials/PreintegratedSkinBRDF.uexp" 1029
"../../../Engine/Content/EngineMaterials/RemoveSurfaceMaterial.uasset" 1030
"../../../Engine/Content/EngineMaterials/RemoveSurfaceMaterial.uexp" 1031
"../../../Engine/Content/EngineMaterials/SMAAAreaTex.uasset" 1032
"../../../Engine/Content/EngineMaterials/SMAAAreaTex.uexp" 1033
"../../../Engine/Content/EngineMaterials/SMAASearchTex.uasset" 1034
"../../../Engine/Content/EngineMaterials/SMAASearchTex.uexp" 1035
"../../../Engine/Content/EngineMaterials/WeightMapPlaceholderTexture.uasset" 1036
"../../../Engine/Content/EngineMaterials/WeightMapPlaceholderTexture.uexp" 1037
"../../../Engine/Content/EngineMaterials/WeightMapArrayPlaceholderTexture.uasset" 1038
"../../../Engine/Content/EngineMaterials/WeightMapArrayPlaceholderTexture.uexp" 1039
"../../../Engine/Content/EngineResources/WhiteSquareTexture.uasset" 1040
"../../../Engine/Content/EngineResources/WhiteSquareTexture.uexp" 1041
"../../../Engine/Content/EngineMaterials/Widget3DPassThrough.uasset" 1042
"../../../Engine/Content/EngineMaterials/Widget3DPassThrough.uexp" 1043
"../../../Engine/Content/EngineMaterials/Widget3DPassThrough_Masked.uasset" 1044
"../../../Engine/Content/EngineMaterials/Widget3DPassThrough_Masked.uexp" 1045
"../../../Engine/Content/EngineMaterials/Widget3DPassThrough_Opaque.uasset" 1046
"../../../Engine/Content/EngineMaterials/Widget3DPassThrough_Opaque.uexp" 1047
"../../../Engine/Content/EngineMaterials/Widget3DPassThrough_Masked_OneSided.uasset" 1048
"../../../Engine/Content/EngineMaterials/Widget3DPassThrough_Masked_OneSided.uexp" 1049
"../../../Engine/Content/EngineMaterials/Widget3DPassThrough_Opaque_OneSided.uasset" 1050
"../../../Engine/Content/EngineMaterials/Widget3DPassThrough_Opaque_OneSided.uexp" 1051
"../../../Engine/Content/EngineMaterials/Widget3DPassThrough_Translucent.uasset" 1052
"../../../Engine/Content/EngineMaterials/Widget3DPassThrough_Translucent.uexp" 1053
"../../../Engine/Content/EngineMaterials/Widget3DPassThrough_Translucent_OneSided.uasset" 1054
"../../../Engine/Content/EngineMaterials/Widget3DPassThrough_Translucent_OneSided.uexp" 1055
"../../../Engine/Content/EngineMeshes/Sphere.ubulk" 1056
"../../../Engine/Content/EngineMeshes/Sphere.uasset" 1057
"../../../Engine/Content/EngineMeshes/Sphere.uexp" 1058
"C:/Users/djd10/OneDrive/Desktop/Game/The-Immortals-Alpha-build/Content/Characters/Mannequins/Meshes/SK_Mannequin.uasset" 1059
"C:/Users/djd10/OneDrive/Desktop/Game/The-Immortals-Alpha-build/Content/Characters/Mannequins/Meshes/SK_Mannequin.uexp" 1060
"C:/Users/djd10/OneDrive/Desktop/Game/The-Immortals-Alpha-build/Content/Characters/Mannequins/Rigs/PA_Mannequin.uasset" 1061
"C:/Users/djd10/OneDrive/Desktop/Game/The-Immortals-Alpha-build/Content/Characters/Mannequins/Rigs/PA_Mannequin.uexp" 1062
"C:/Users/djd10/OneDrive/Desktop/Game/The-Immortals-Alpha-build/Content/Characters/Mannequins/Textures/Shared/T_UE_Logo_M.uasset" 1063
"C:/Users/djd10/OneDrive/Desktop/Game/The-Immortals-Alpha-build/Content/Characters/Mannequins/Textures/Shared/T_UE_Logo_M.uexp" 1064
"C:/Users/djd10/OneDrive/Desktop/Game/The-Immortals-Alpha-build/Content/Characters/Mannequins/Textures/Manny/T_Manny_01_BN.ubulk" 1065
"C:/Users/djd10/OneDrive/Desktop/Game/The-Immortals-Alpha-build/Content/Characters/Mannequins/Textures/Manny/T_Manny_01_BN.uasset" 1066
"C:/Users/djd10/OneDrive/Desktop/Game/The-Immortals-Alpha-build/Content/Characters/Mannequins/Textures/Manny/T_Manny_01_BN.uexp" 1067
"C:/Users/djd10/OneDrive/Desktop/Game/The-Immortals-Alpha-build/Content/Characters/Mannequins/Textures/Manny/T_Manny_01_D.ubulk" 1068
"C:/Users/djd10/OneDrive/Desktop/Game/The-Immortals-Alpha-build/Content/Characters/Mannequins/Textures/Manny/T_Manny_01_D.uasset" 1069
"C:/Users/djd10/OneDrive/Desktop/Game/The-Immortals-Alpha-build/Content/Characters/Mannequins/Textures/Manny/T_Manny_01_D.uexp" 1070
"C:/Users/djd10/OneDrive/Desktop/Game/The-Immortals-Alpha-build/Content/Characters/Mannequins/Textures/Manny/T_Manny_01_MRA.ubulk" 1071
"C:/Users/djd10/OneDrive/Desktop/Game/The-Immortals-Alpha-build/Content/Characters/Mannequins/Textures/Manny/T_Manny_01_MRA.uasset" 1072
"C:/Users/djd10/OneDrive/Desktop/Game/The-Immortals-Alpha-build/Content/Characters/Mannequins/Textures/Manny/T_Manny_01_MRA.uexp" 1073
"C:/Users/djd10/OneDrive/Desktop/Game/The-Immortals-Alpha-build/Content/Characters/Mannequins/Materials/M_Mannequin.uasset" 1074
"C:/Users/djd10/OneDrive/Desktop/Game/The-Immortals-Alpha-build/Content/Characters/Mannequins/Materials/M_Mannequin.uexp" 1075
"C:/Users/djd10/OneDrive/Desktop/Game/The-Immortals-Alpha-build/Content/Characters/Mannequins/Materials/Manny/MI_Manny_01_New.uasset" 1076
"C:/Users/djd10/OneDrive/Desktop/Game/The-Immortals-Alpha-build/Content/Characters/Mannequins/Materials/Manny/MI_Manny_01_New.uexp" 1077
"C:/Users/djd10/OneDrive/Desktop/Game/The-Immortals-Alpha-build/Content/Characters/Mannequins/Textures/Manny/T_Manny_02_BN.ubulk" 1078
"C:/Users/djd10/OneDrive/Desktop/Game/The-Immortals-Alpha-build/Content/Characters/Mannequins/Textures/Manny/T_Manny_02_BN.uasset" 1079
"C:/Users/djd10/OneDrive/Desktop/Game/The-Immortals-Alpha-build/Content/Characters/Mannequins/Textures/Manny/T_Manny_02_BN.uexp" 1080
"C:/Users/djd10/OneDrive/Desktop/Game/The-Immortals-Alpha-build/Content/Characters/Mannequins/Textures/Manny/T_Manny_02_D.ubulk" 1081
"C:/Users/djd10/OneDrive/Desktop/Game/The-Immortals-Alpha-build/Content/Characters/Mannequins/Textures/Manny/T_Manny_02_D.uasset" 1082
"C:/Users/djd10/OneDrive/Desktop/Game/The-Immortals-Alpha-build/Content/Characters/Mannequins/Textures/Manny/T_Manny_02_D.uexp" 1083
"C:/Users/djd10/OneDrive/Desktop/Game/The-Immortals-Alpha-build/Content/Characters/Mannequins/Textures/Manny/T_Manny_02_MRA.ubulk" 1084
"C:/Users/djd10/OneDrive/Desktop/Game/The-Immortals-Alpha-build/Content/Characters/Mannequins/Textures/Manny/T_Manny_02_MRA.uasset" 1085
"C:/Users/djd10/OneDrive/Desktop/Game/The-Immortals-Alpha-build/Content/Characters/Mannequins/Textures/Manny/T_Manny_02_MRA.uexp" 1086
"C:/Users/djd10/OneDrive/Desktop/Game/The-Immortals-Alpha-build/Content/Characters/Mannequins/Materials/Manny/MI_Manny_02_New.uasset" 1087
"C:/Users/djd10/OneDrive/Desktop/Game/The-Immortals-Alpha-build/Content/Characters/Mannequins/Materials/Manny/MI_Manny_02_New.uexp" 1088
"C:/Users/djd10/OneDrive/Desktop/Game/The-Immortals-Alpha-build/Content/Characters/Mannequins/Meshes/SKM_Manny_Simple.uasset" 1089
"C:/Users/djd10/OneDrive/Desktop/Game/The-Immortals-Alpha-build/Content/Characters/Mannequins/Meshes/SKM_Manny_Simple.uexp" 1090
"../../../Engine/Plugins/Animation/ControlRig/Content/Controls/DefaultGizmoLibraryNormalized.uasset" 1091
"../../../Engine/Plugins/Animation/ControlRig/Content/Controls/DefaultGizmoLibraryNormalized.uexp" 1092
"C:/Users/djd10/OneDrive/Desktop/Game/The-Immortals-Alpha-build/Content/Characters/Mannequins/Rigs/CR_Mannequin_FootIK.uasset" 1093
"C:/Users/djd10/OneDrive/Desktop/Game/The-Immortals-Alpha-build/Content/Characters/Mannequins/Rigs/CR_Mannequin_FootIK.uexp" 1094
"../../../Engine/Content/Animation/DefaultAnimBoneCompressionSettings.uasset" 1095
"../../../Engine/Content/Animation/DefaultAnimBoneCompressionSettings.uexp" 1096
"../../../Engine/Content/Animation/DefaultAnimCurveCompressionSettings.uasset" 1097
"../../../Engine/Content/Animation/DefaultAnimCurveCompressionSettings.uexp" 1098
"../../../Engine/Content/Animation/DefaultVariableFrameStrippingSettings.uasset" 1099
"../../../Engine/Content/Animation/DefaultVariableFrameStrippingSettings.uexp" 1100
"C:/Users/djd10/OneDrive/Desktop/Game/The-Immortals-Alpha-build/Content/Characters/Mannequins/Anims/Unarmed/MM_Idle.uasset" 1101
"C:/Users/djd10/OneDrive/Desktop/Game/The-Immortals-Alpha-build/Content/Characters/Mannequins/Anims/Unarmed/MM_Idle.uexp" 1102
"C:/Users/djd10/OneDrive/Desktop/Game/The-Immortals-Alpha-build/Content/Characters/Mannequins/Anims/Unarmed/Jog/MF_Unarmed_Jog_Bwd.uasset" 1103
"C:/Users/djd10/OneDrive/Desktop/Game/The-Immortals-Alpha-build/Content/Characters/Mannequins/Anims/Unarmed/Jog/MF_Unarmed_Jog_Bwd.uexp" 1104
"../../../Engine/Plugins/Animation/ACLPlugin/Content/ACLAnimCurveCompressionSettings.uasset" 1105
"../../../Engine/Plugins/Animation/ACLPlugin/Content/ACLAnimCurveCompressionSettings.uexp" 1106
"../../../Engine/Content/Animation/DefaultRecorderBoneCompression.uasset" 1107
"../../../Engine/Content/Animation/DefaultRecorderBoneCompression.uexp" 1108
"C:/Users/djd10/OneDrive/Desktop/Game/The-Immortals-Alpha-build/Content/Characters/Mannequins/Anims/Unarmed/Jog/MF_Unarmed_Jog_Bwd_Left.uasset" 1109
"C:/Users/djd10/OneDrive/Desktop/Game/The-Immortals-Alpha-build/Content/Characters/Mannequins/Anims/Unarmed/Jog/MF_Unarmed_Jog_Bwd_Left.uexp" 1110
"C:/Users/djd10/OneDrive/Desktop/Game/The-Immortals-Alpha-build/Content/Characters/Mannequins/Anims/Unarmed/Jog/MF_Unarmed_Jog_Bwd_Right.uasset" 1111
"C:/Users/djd10/OneDrive/Desktop/Game/The-Immortals-Alpha-build/Content/Characters/Mannequins/Anims/Unarmed/Jog/MF_Unarmed_Jog_Bwd_Right.uexp" 1112
"C:/Users/djd10/OneDrive/Desktop/Game/The-Immortals-Alpha-build/Content/Characters/Mannequins/Anims/Unarmed/Jog/MF_Unarmed_Jog_Fwd.uasset" 1113
"C:/Users/djd10/OneDrive/Desktop/Game/The-Immortals-Alpha-build/Content/Characters/Mannequins/Anims/Unarmed/Jog/MF_Unarmed_Jog_Fwd.uexp" 1114
"C:/Users/djd10/OneDrive/Desktop/Game/The-Immortals-Alpha-build/Content/Characters/Mannequins/Anims/Unarmed/Jog/MF_Unarmed_Jog_Fwd_Left.uasset" 1115
"C:/Users/djd10/OneDrive/Desktop/Game/The-Immortals-Alpha-build/Content/Characters/Mannequins/Anims/Unarmed/Jog/MF_Unarmed_Jog_Fwd_Left.uexp" 1116
"C:/Users/djd10/OneDrive/Desktop/Game/The-Immortals-Alpha-build/Content/Characters/Mannequins/Anims/Unarmed/Jog/MF_Unarmed_Jog_Fwd_Right.uasset" 1117
"C:/Users/djd10/OneDrive/Desktop/Game/The-Immortals-Alpha-build/Content/Characters/Mannequins/Anims/Unarmed/Jog/MF_Unarmed_Jog_Fwd_Right.uexp" 1118
"C:/Users/djd10/OneDrive/Desktop/Game/The-Immortals-Alpha-build/Content/Characters/Mannequins/Anims/Unarmed/Jog/MF_Unarmed_Jog_Left.uasset" 1119
"C:/Users/djd10/OneDrive/Desktop/Game/The-Immortals-Alpha-build/Content/Characters/Mannequins/Anims/Unarmed/Jog/MF_Unarmed_Jog_Left.uexp" 1120
"C:/Users/djd10/OneDrive/Desktop/Game/The-Immortals-Alpha-build/Content/Characters/Mannequins/Anims/Unarmed/Jog/MF_Unarmed_Jog_Right.uasset" 1121
"C:/Users/djd10/OneDrive/Desktop/Game/The-Immortals-Alpha-build/Content/Characters/Mannequins/Anims/Unarmed/Jog/MF_Unarmed_Jog_Right.uexp" 1122
"C:/Users/djd10/OneDrive/Desktop/Game/The-Immortals-Alpha-build/Content/Characters/Mannequins/Anims/Unarmed/Walk/MF_Unarmed_Walk_Bwd.uasset" 1123
"C:/Users/djd10/OneDrive/Desktop/Game/The-Immortals-Alpha-build/Content/Characters/Mannequins/Anims/Unarmed/Walk/MF_Unarmed_Walk_Bwd.uexp" 1124
"C:/Users/djd10/OneDrive/Desktop/Game/The-Immortals-Alpha-build/Content/Characters/Mannequins/Anims/Unarmed/Walk/MF_Unarmed_Walk_Bwd_Left.uasset" 1125
"C:/Users/djd10/OneDrive/Desktop/Game/The-Immortals-Alpha-build/Content/Characters/Mannequins/Anims/Unarmed/Walk/MF_Unarmed_Walk_Bwd_Left.uexp" 1126
"C:/Users/djd10/OneDrive/Desktop/Game/The-Immortals-Alpha-build/Content/Characters/Mannequins/Anims/Unarmed/Walk/MF_Unarmed_Walk_Bwd_Right.uasset" 1127
"C:/Users/djd10/OneDrive/Desktop/Game/The-Immortals-Alpha-build/Content/Characters/Mannequins/Anims/Unarmed/Walk/MF_Unarmed_Walk_Bwd_Right.uexp" 1128
"C:/Users/djd10/OneDrive/Desktop/Game/The-Immortals-Alpha-build/Content/Characters/Mannequins/Anims/Unarmed/Walk/MF_Unarmed_Walk_Fwd.uasset" 1129
"C:/Users/djd10/OneDrive/Desktop/Game/The-Immortals-Alpha-build/Content/Characters/Mannequins/Anims/Unarmed/Walk/MF_Unarmed_Walk_Fwd.uexp" 1130
"C:/Users/djd10/OneDrive/Desktop/Game/The-Immortals-Alpha-build/Content/Characters/Mannequins/Anims/Unarmed/Walk/MF_Unarmed_Walk_Fwd_Left.uasset" 1131
"C:/Users/djd10/OneDrive/Desktop/Game/The-Immortals-Alpha-build/Content/Characters/Mannequins/Anims/Unarmed/Walk/MF_Unarmed_Walk_Fwd_Left.uexp" 1132
"C:/Users/djd10/OneDrive/Desktop/Game/The-Immortals-Alpha-build/Content/Characters/Mannequins/Anims/Unarmed/Walk/MF_Unarmed_Walk_Fwd_Right.uasset" 1133
"C:/Users/djd10/OneDrive/Desktop/Game/The-Immortals-Alpha-build/Content/Characters/Mannequins/Anims/Unarmed/Walk/MF_Unarmed_Walk_Fwd_Right.uexp" 1134
"C:/Users/djd10/OneDrive/Desktop/Game/The-Immortals-Alpha-build/Content/Characters/Mannequins/Anims/Unarmed/Walk/MF_Unarmed_Walk_Left.uasset" 1135
"C:/Users/djd10/OneDrive/Desktop/Game/The-Immortals-Alpha-build/Content/Characters/Mannequins/Anims/Unarmed/Walk/MF_Unarmed_Walk_Left.uexp" 1136
"C:/Users/djd10/OneDrive/Desktop/Game/The-Immortals-Alpha-build/Content/Characters/Mannequins/Anims/Unarmed/Walk/MF_Unarmed_Walk_Right.uasset" 1137
"C:/Users/djd10/OneDrive/Desktop/Game/The-Immortals-Alpha-build/Content/Characters/Mannequins/Anims/Unarmed/Walk/MF_Unarmed_Walk_Right.uexp" 1138
"C:/Users/djd10/OneDrive/Desktop/Game/The-Immortals-Alpha-build/Content/Characters/Mannequins/Anims/Unarmed/BS_Idle_Walk_Run.uasset" 1139
"C:/Users/djd10/OneDrive/Desktop/Game/The-Immortals-Alpha-build/Content/Characters/Mannequins/Anims/Unarmed/BS_Idle_Walk_Run.uexp" 1140
"C:/Users/djd10/OneDrive/Desktop/Game/The-Immortals-Alpha-build/Content/Characters/Mannequins/Anims/Unarmed/Jump/MM_Fall_Loop.uasset" 1141
"C:/Users/djd10/OneDrive/Desktop/Game/The-Immortals-Alpha-build/Content/Characters/Mannequins/Anims/Unarmed/Jump/MM_Fall_Loop.uexp" 1142
"C:/Users/djd10/OneDrive/Desktop/Game/The-Immortals-Alpha-build/Content/Characters/Mannequins/Anims/Unarmed/Jump/MM_Jump.uasset" 1143
"C:/Users/djd10/OneDrive/Desktop/Game/The-Immortals-Alpha-build/Content/Characters/Mannequins/Anims/Unarmed/Jump/MM_Jump.uexp" 1144
"C:/Users/djd10/OneDrive/Desktop/Game/The-Immortals-Alpha-build/Content/Characters/Mannequins/Anims/Unarmed/Jump/MM_Land.uasset" 1145
"C:/Users/djd10/OneDrive/Desktop/Game/The-Immortals-Alpha-build/Content/Characters/Mannequins/Anims/Unarmed/Jump/MM_Land.uexp" 1146
"C:/Users/djd10/OneDrive/Desktop/Game/The-Immortals-Alpha-build/Content/DemoTemplate/Animated/ABP_Copycat.uasset" 1147
"C:/Users/djd10/OneDrive/Desktop/Game/The-Immortals-Alpha-build/Content/DemoTemplate/Animated/ABP_Copycat.uexp" 1148
"C:/Users/djd10/OneDrive/Desktop/Game/The-Immortals-Alpha-build/Content/DemoTemplate/Animated/BP_Anim.uasset" 1149
"C:/Users/djd10/OneDrive/Desktop/Game/The-Immortals-Alpha-build/Content/DemoTemplate/Animated/BP_Anim.uexp" 1150
"../../../Engine/Content/EditorBlueprintResources/StandardMacros.uasset" 1151
"../../../Engine/Content/EditorBlueprintResources/StandardMacros.uexp" 1152
"../../../Engine/Content/BasicShapes/Sphere.ubulk" 1153
"../../../Engine/Content/BasicShapes/Sphere.uasset" 1154
"../../../Engine/Content/BasicShapes/Sphere.uexp" 1155
"C:/Users/djd10/OneDrive/Desktop/Game/The-Immortals-Alpha-build/Content/DemoTemplate/Blueprint/M_Light.uasset" 1156
"C:/Users/djd10/OneDrive/Desktop/Game/The-Immortals-Alpha-build/Content/DemoTemplate/Blueprint/M_Light.uexp" 1157
"C:/Users/djd10/OneDrive/Desktop/Game/The-Immortals-Alpha-build/Content/LevelPrototyping/Materials/M_FlatCol.uasset" 1158
"C:/Users/djd10/OneDrive/Desktop/Game/The-Immortals-Alpha-build/Content/LevelPrototyping/Materials/M_FlatCol.uexp" 1159
"C:/Users/djd10/OneDrive/Desktop/Game/The-Immortals-Alpha-build/Content/LevelPrototyping/Materials/MI_DefaultColorway.uasset" 1160
"C:/Users/djd10/OneDrive/Desktop/Game/The-Immortals-Alpha-build/Content/LevelPrototyping/Materials/MI_DefaultColorway.uexp" 1161
"C:/Users/djd10/OneDrive/Desktop/Game/The-Immortals-Alpha-build/Content/DemoTemplate/_Core/MI_Intro_Colorway.uasset" 1162
"C:/Users/djd10/OneDrive/Desktop/Game/The-Immortals-Alpha-build/Content/DemoTemplate/_Core/MI_Intro_Colorway.uexp" 1163
"../../../Engine/Content/Functions/Engine_MaterialFunctions01/Gradient/LinearGradient.uasset" 1164
"../../../Engine/Content/Functions/Engine_MaterialFunctions01/Gradient/LinearGradient.uexp" 1165
"../../../Engine/Content/Functions/Engine_MaterialFunctions01/ImageAdjustment/CheapContrast.uasset" 1166
"../../../Engine/Content/Functions/Engine_MaterialFunctions01/ImageAdjustment/CheapContrast.uexp" 1167
"C:/Users/djd10/OneDrive/Desktop/Game/The-Immortals-Alpha-build/Content/LevelPrototyping/Textures/T_GridChecker_A.ubulk" 1168
"C:/Users/djd10/OneDrive/Desktop/Game/The-Immortals-Alpha-build/Content/LevelPrototyping/Textures/T_GridChecker_A.uasset" 1169
"C:/Users/djd10/OneDrive/Desktop/Game/The-Immortals-Alpha-build/Content/LevelPrototyping/Textures/T_GridChecker_A.uexp" 1170
"C:/Users/djd10/OneDrive/Desktop/Game/The-Immortals-Alpha-build/Content/LevelPrototyping/Materials/MF_ProcGrid.uasset" 1171
"C:/Users/djd10/OneDrive/Desktop/Game/The-Immortals-Alpha-build/Content/LevelPrototyping/Materials/MF_ProcGrid.uexp" 1172
"C:/Users/djd10/OneDrive/Desktop/Game/The-Immortals-Alpha-build/Content/LevelPrototyping/Materials/M_PrototypeGrid.uasset" 1173
"C:/Users/djd10/OneDrive/Desktop/Game/The-Immortals-Alpha-build/Content/LevelPrototyping/Materials/M_PrototypeGrid.uexp" 1174
"C:/Users/djd10/OneDrive/Desktop/Game/The-Immortals-Alpha-build/Content/LevelPrototyping/Materials/MI_PrototypeGrid_Gray.uasset" 1175
"C:/Users/djd10/OneDrive/Desktop/Game/The-Immortals-Alpha-build/Content/LevelPrototyping/Materials/MI_PrototypeGrid_Gray.uexp" 1176
"C:/Users/djd10/OneDrive/Desktop/Game/The-Immortals-Alpha-build/Content/LevelPrototyping/Meshes/SM_Cylinder.ubulk" 1177
"C:/Users/djd10/OneDrive/Desktop/Game/The-Immortals-Alpha-build/Content/LevelPrototyping/Meshes/SM_Cylinder.uasset" 1178
"C:/Users/djd10/OneDrive/Desktop/Game/The-Immortals-Alpha-build/Content/LevelPrototyping/Meshes/SM_Cylinder.uexp" 1179
"C:/Users/djd10/OneDrive/Desktop/Game/The-Immortals-Alpha-build/Content/DemoTemplate/Blueprint/BP_DoorTrigger.uasset" 1180
"C:/Users/djd10/OneDrive/Desktop/Game/The-Immortals-Alpha-build/Content/DemoTemplate/Blueprint/BP_DoorTrigger.uexp" 1181
"C:/Users/djd10/OneDrive/Desktop/Game/The-Immortals-Alpha-build/Content/LevelPrototyping/Interactable/Door/Meshes/SM_Door.ubulk" 1182
"C:/Users/djd10/OneDrive/Desktop/Game/The-Immortals-Alpha-build/Content/LevelPrototyping/Interactable/Door/Meshes/SM_Door.uasset" 1183
"C:/Users/djd10/OneDrive/Desktop/Game/The-Immortals-Alpha-build/Content/LevelPrototyping/Interactable/Door/Meshes/SM_Door.uexp" 1184
"C:/Users/djd10/OneDrive/Desktop/Game/The-Immortals-Alpha-build/Content/LevelPrototyping/Interactable/Door/Meshes/SM_DoorFrame_Corner.ubulk" 1185
"C:/Users/djd10/OneDrive/Desktop/Game/The-Immortals-Alpha-build/Content/LevelPrototyping/Interactable/Door/Meshes/SM_DoorFrame_Corner.uasset" 1186
"C:/Users/djd10/OneDrive/Desktop/Game/The-Immortals-Alpha-build/Content/LevelPrototyping/Interactable/Door/Meshes/SM_DoorFrame_Corner.uexp" 1187
"C:/Users/djd10/OneDrive/Desktop/Game/The-Immortals-Alpha-build/Content/LevelPrototyping/Interactable/Door/Meshes/SM_DoorFrame_Edge.ubulk" 1188
"C:/Users/djd10/OneDrive/Desktop/Game/The-Immortals-Alpha-build/Content/LevelPrototyping/Interactable/Door/Meshes/SM_DoorFrame_Edge.uasset" 1189
"C:/Users/djd10/OneDrive/Desktop/Game/The-Immortals-Alpha-build/Content/LevelPrototyping/Interactable/Door/Meshes/SM_DoorFrame_Edge.uexp" 1190
"C:/Users/djd10/OneDrive/Desktop/Game/The-Immortals-Alpha-build/Content/LevelPrototyping/Interactable/Door/BP_DoorFrame.uasset" 1191
"C:/Users/djd10/OneDrive/Desktop/Game/The-Immortals-Alpha-build/Content/LevelPrototyping/Interactable/Door/BP_DoorFrame.uexp" 1192
"C:/Users/djd10/OneDrive/Desktop/Game/The-Immortals-Alpha-build/Content/DemoTemplate/Blueprint/BP_DoorFrame_Unlockable.uasset" 1193
"C:/Users/djd10/OneDrive/Desktop/Game/The-Immortals-Alpha-build/Content/DemoTemplate/Blueprint/BP_DoorFrame_Unlockable.uexp" 1194
"../../../Engine/Content/BasicShapes/Cylinder.ubulk" 1195
"../../../Engine/Content/BasicShapes/Cylinder.uasset" 1196
"../../../Engine/Content/BasicShapes/Cylinder.uexp" 1197
"C:/Users/djd10/OneDrive/Desktop/Game/The-Immortals-Alpha-build/Content/DemoTemplate/Blueprint/BP_Light.uasset" 1198
"C:/Users/djd10/OneDrive/Desktop/Game/The-Immortals-Alpha-build/Content/DemoTemplate/Blueprint/BP_Light.uexp" 1199
"C:/Users/djd10/OneDrive/Desktop/Game/The-Immortals-Alpha-build/Content/DemoTemplate/Materials/M_D_UELogo.uasset" 1200
"C:/Users/djd10/OneDrive/Desktop/Game/The-Immortals-Alpha-build/Content/DemoTemplate/Materials/M_D_UELogo.uexp" 1201
"C:/Users/djd10/OneDrive/Desktop/Game/The-Immortals-Alpha-build/Content/DemoTemplate/Materials/M_Glow.uasset" 1202
"C:/Users/djd10/OneDrive/Desktop/Game/The-Immortals-Alpha-build/Content/DemoTemplate/Materials/M_Glow.uexp" 1203
"../../../Engine/Content/Functions/Engine_MaterialFunctions02/Texturing/CustomRotator.uasset" 1204
"../../../Engine/Content/Functions/Engine_MaterialFunctions02/Texturing/CustomRotator.uexp" 1205
"C:/Users/djd10/OneDrive/Desktop/Game/The-Immortals-Alpha-build/Content/DemoTemplate/Materials/M_Jagged.uasset" 1206
"C:/Users/djd10/OneDrive/Desktop/Game/The-Immortals-Alpha-build/Content/DemoTemplate/Materials/M_Jagged.uexp" 1207
"C:/Users/djd10/OneDrive/Desktop/Game/The-Immortals-Alpha-build/Content/DemoTemplate/Materials/M_Metal.uasset" 1208
"C:/Users/djd10/OneDrive/Desktop/Game/The-Immortals-Alpha-build/Content/DemoTemplate/Materials/M_Metal.uexp" 1209
"C:/Users/djd10/OneDrive/Desktop/Game/The-Immortals-Alpha-build/Content/DemoTemplate/Metasounds/NewSoundAttenuation.uasset" 1210
"C:/Users/djd10/OneDrive/Desktop/Game/The-Immortals-Alpha-build/Content/DemoTemplate/Metasounds/NewSoundAttenuation.uexp" 1211
"C:/Users/djd10/OneDrive/Desktop/Game/The-Immortals-Alpha-build/Content/DemoTemplate/Metasounds/MS_TuningFork.uasset" 1212
"C:/Users/djd10/OneDrive/Desktop/Game/The-Immortals-Alpha-build/Content/DemoTemplate/Metasounds/MS_TuningFork.uexp" 1213
"../../../Engine/Content/EditorMeshes/ArcadeEditorSphere.ubulk" 1214
"../../../Engine/Content/EditorMeshes/ArcadeEditorSphere.uasset" 1215
"../../../Engine/Content/EditorMeshes/ArcadeEditorSphere.uexp" 1216
"../../../Engine/Plugins/FX/Niagara/Content/DefaultAssets/DefaultSpriteMaterial.uasset" 1217
"../../../Engine/Plugins/FX/Niagara/Content/DefaultAssets/DefaultSpriteMaterial.uexp" 1218
"C:/Users/djd10/OneDrive/Desktop/Game/The-Immortals-Alpha-build/Content/DemoTemplate/Metasounds/M_Distort.uasset" 1219
"C:/Users/djd10/OneDrive/Desktop/Game/The-Immortals-Alpha-build/Content/DemoTemplate/Metasounds/M_Distort.uexp" 1220
"C:/Users/djd10/OneDrive/Desktop/Game/The-Immortals-Alpha-build/Content/DemoTemplate/Metasounds/NS_Sound.uasset" 1221
"C:/Users/djd10/OneDrive/Desktop/Game/The-Immortals-Alpha-build/Content/DemoTemplate/Metasounds/NS_Sound.uexp" 1222
"C:/Users/djd10/OneDrive/Desktop/Game/The-Immortals-Alpha-build/Content/DemoTemplate/Metasounds/M_Fork.uasset" 1223
"C:/Users/djd10/OneDrive/Desktop/Game/The-Immortals-Alpha-build/Content/DemoTemplate/Metasounds/M_Fork.uexp" 1224
"C:/Users/djd10/OneDrive/Desktop/Game/The-Immortals-Alpha-build/Content/DemoTemplate/Metasounds/SM_TuningFork.ubulk" 1225
"C:/Users/djd10/OneDrive/Desktop/Game/The-Immortals-Alpha-build/Content/DemoTemplate/Metasounds/SM_TuningFork.uasset" 1226
"C:/Users/djd10/OneDrive/Desktop/Game/The-Immortals-Alpha-build/Content/DemoTemplate/Metasounds/SM_TuningFork.uexp" 1227
"C:/Users/djd10/OneDrive/Desktop/Game/The-Immortals-Alpha-build/Content/DemoTemplate/Metasounds/BP_Metasound.uasset" 1228
"C:/Users/djd10/OneDrive/Desktop/Game/The-Immortals-Alpha-build/Content/DemoTemplate/Metasounds/BP_Metasound.uexp" 1229
"../../../Engine/Plugins/FX/Niagara/Content/DefaultAssets/DefaultRIbbonMaterial.uasset" 1230
"../../../Engine/Plugins/FX/Niagara/Content/DefaultAssets/DefaultRIbbonMaterial.uexp" 1231
"C:/Users/djd10/OneDrive/Desktop/Game/The-Immortals-Alpha-build/Content/DemoTemplate/Niagara/NS_DemoNiagara.uasset" 1232
"C:/Users/djd10/OneDrive/Desktop/Game/The-Immortals-Alpha-build/Content/DemoTemplate/Niagara/NS_DemoNiagara.uexp" 1233
"C:/Users/djd10/OneDrive/Desktop/Game/The-Immortals-Alpha-build/Content/DemoTemplate/Outliner/M_Blocker.uasset" 1234
"C:/Users/djd10/OneDrive/Desktop/Game/The-Immortals-Alpha-build/Content/DemoTemplate/Outliner/M_Blocker.uexp" 1235
"C:/Users/djd10/OneDrive/Desktop/Game/The-Immortals-Alpha-build/Content/LevelPrototyping/Meshes/SM_ChamferCube.ubulk" 1236
"C:/Users/djd10/OneDrive/Desktop/Game/The-Immortals-Alpha-build/Content/LevelPrototyping/Meshes/SM_ChamferCube.uasset" 1237
"C:/Users/djd10/OneDrive/Desktop/Game/The-Immortals-Alpha-build/Content/LevelPrototyping/Meshes/SM_ChamferCube.uexp" 1238
"C:/Users/djd10/OneDrive/Desktop/Game/The-Immortals-Alpha-build/Content/DemoTemplate/Physics/BP_DangleBlocks.uasset" 1239
"C:/Users/djd10/OneDrive/Desktop/Game/The-Immortals-Alpha-build/Content/DemoTemplate/Physics/BP_DangleBlocks.uexp" 1240
"C:/Users/djd10/OneDrive/Desktop/Game/The-Immortals-Alpha-build/Content/DemoTemplate/Samples/T_Cropout_D.ubulk" 1241
"C:/Users/djd10/OneDrive/Desktop/Game/The-Immortals-Alpha-build/Content/DemoTemplate/Samples/T_Cropout_D.uasset" 1242
"C:/Users/djd10/OneDrive/Desktop/Game/The-Immortals-Alpha-build/Content/DemoTemplate/Samples/T_Cropout_D.uexp" 1243
"C:/Users/djd10/OneDrive/Desktop/Game/The-Immortals-Alpha-build/Content/DemoTemplate/Samples/T_Lyra_D.ubulk" 1244
"C:/Users/djd10/OneDrive/Desktop/Game/The-Immortals-Alpha-build/Content/DemoTemplate/Samples/T_Lyra_D.uasset" 1245
"C:/Users/djd10/OneDrive/Desktop/Game/The-Immortals-Alpha-build/Content/DemoTemplate/Samples/T_Lyra_D.uexp" 1246
"C:/Users/djd10/OneDrive/Desktop/Game/The-Immortals-Alpha-build/Content/DemoTemplate/Samples/T_StackOBot_D.ubulk" 1247
"C:/Users/djd10/OneDrive/Desktop/Game/The-Immortals-Alpha-build/Content/DemoTemplate/Samples/T_StackOBot_D.uasset" 1248
"C:/Users/djd10/OneDrive/Desktop/Game/The-Immortals-Alpha-build/Content/DemoTemplate/Samples/T_StackOBot_D.uexp" 1249
"C:/Users/djd10/OneDrive/Desktop/Game/The-Immortals-Alpha-build/Content/DemoTemplate/Samples/M_Samples.uasset" 1250
"C:/Users/djd10/OneDrive/Desktop/Game/The-Immortals-Alpha-build/Content/DemoTemplate/Samples/M_Samples.uexp" 1251
"C:/Users/djd10/OneDrive/Desktop/Game/The-Immortals-Alpha-build/Content/DemoTemplate/Sequencer/BP_SequenceTrigger.uasset" 1252
"C:/Users/djd10/OneDrive/Desktop/Game/The-Immortals-Alpha-build/Content/DemoTemplate/Sequencer/BP_SequenceTrigger.uexp" 1253
"C:/Users/djd10/OneDrive/Desktop/Game/The-Immortals-Alpha-build/Content/DemoTemplate/Sequencer/NewLevelSequence.uasset" 1254
"C:/Users/djd10/OneDrive/Desktop/Game/The-Immortals-Alpha-build/Content/DemoTemplate/Sequencer/NewLevelSequence.uexp" 1255
"C:/Users/djd10/OneDrive/Desktop/Game/The-Immortals-Alpha-build/Content/DemoTemplate/Templates/Confetti/M_GoldConfetti.uasset" 1256
"C:/Users/djd10/OneDrive/Desktop/Game/The-Immortals-Alpha-build/Content/DemoTemplate/Templates/Confetti/M_GoldConfetti.uexp" 1257
"C:/Users/djd10/OneDrive/Desktop/Game/The-Immortals-Alpha-build/Content/DemoTemplate/Templates/Confetti/NS_Confetti.uasset" 1258
"C:/Users/djd10/OneDrive/Desktop/Game/The-Immortals-Alpha-build/Content/DemoTemplate/Templates/Confetti/NS_Confetti.uexp" 1259
"C:/Users/djd10/OneDrive/Desktop/Game/The-Immortals-Alpha-build/Content/DemoTemplate/Templates/BP_ConfettiTrigger.uasset" 1260
"C:/Users/djd10/OneDrive/Desktop/Game/The-Immortals-Alpha-build/Content/DemoTemplate/Templates/BP_ConfettiTrigger.uexp" 1261
"../../../Engine/Content/BasicShapes/Plane.ubulk" 1262
"../../../Engine/Content/BasicShapes/Plane.uasset" 1263
"../../../Engine/Content/BasicShapes/Plane.uexp" 1264
"C:/Users/djd10/OneDrive/Desktop/Game/The-Immortals-Alpha-build/Content/DemoTemplate/Templates/M_BoxArt.uasset" 1265
"C:/Users/djd10/OneDrive/Desktop/Game/The-Immortals-Alpha-build/Content/DemoTemplate/Templates/M_BoxArt.uexp" 1266
"C:/Users/djd10/OneDrive/Desktop/Game/The-Immortals-Alpha-build/Content/DemoTemplate/Templates/T__0006_TP_Vehicle.ubulk" 1267
"C:/Users/djd10/OneDrive/Desktop/Game/The-Immortals-Alpha-build/Content/DemoTemplate/Templates/T__0006_TP_Vehicle.uasset" 1268
"C:/Users/djd10/OneDrive/Desktop/Game/The-Immortals-Alpha-build/Content/DemoTemplate/Templates/T__0006_TP_Vehicle.uexp" 1269
"C:/Users/djd10/OneDrive/Desktop/Game/The-Immortals-Alpha-build/Content/DemoTemplate/Templates/M_TemplateBox.uasset" 1270
"C:/Users/djd10/OneDrive/Desktop/Game/The-Immortals-Alpha-build/Content/DemoTemplate/Templates/M_TemplateBox.uexp" 1271
"C:/Users/djd10/OneDrive/Desktop/Game/The-Immortals-Alpha-build/Content/DemoTemplate/Templates/BP_TemplateCube.uasset" 1272
"C:/Users/djd10/OneDrive/Desktop/Game/The-Immortals-Alpha-build/Content/DemoTemplate/Templates/BP_TemplateCube.uexp" 1273
"C:/Users/djd10/OneDrive/Desktop/Game/The-Immortals-Alpha-build/Content/DemoTemplate/Templates/CitySample.ubulk" 1274
"C:/Users/djd10/OneDrive/Desktop/Game/The-Immortals-Alpha-build/Content/DemoTemplate/Templates/CitySample.uasset" 1275
"C:/Users/djd10/OneDrive/Desktop/Game/The-Immortals-Alpha-build/Content/DemoTemplate/Templates/CitySample.uexp" 1276
"C:/Users/djd10/OneDrive/Desktop/Game/The-Immortals-Alpha-build/Content/DemoTemplate/Templates/Hillside.ubulk" 1277
"C:/Users/djd10/OneDrive/Desktop/Game/The-Immortals-Alpha-build/Content/DemoTemplate/Templates/Hillside.uasset" 1278
"C:/Users/djd10/OneDrive/Desktop/Game/The-Immortals-Alpha-build/Content/DemoTemplate/Templates/Hillside.uexp" 1279
"C:/Users/djd10/OneDrive/Desktop/Game/The-Immortals-Alpha-build/Content/DemoTemplate/Templates/M_Hillside.uasset" 1280
"C:/Users/djd10/OneDrive/Desktop/Game/The-Immortals-Alpha-build/Content/DemoTemplate/Templates/M_Hillside.uexp" 1281
"C:/Users/djd10/OneDrive/Desktop/Game/The-Immortals-Alpha-build/Content/DemoTemplate/Templates/MI_CitySample.uasset" 1282
"C:/Users/djd10/OneDrive/Desktop/Game/The-Immortals-Alpha-build/Content/DemoTemplate/Templates/MI_CitySample.uexp" 1283
"C:/Users/djd10/OneDrive/Desktop/Game/The-Immortals-Alpha-build/Content/DemoTemplate/Templates/GASP.ubulk" 1284
"C:/Users/djd10/OneDrive/Desktop/Game/The-Immortals-Alpha-build/Content/DemoTemplate/Templates/GASP.uasset" 1285
"C:/Users/djd10/OneDrive/Desktop/Game/The-Immortals-Alpha-build/Content/DemoTemplate/Templates/GASP.uexp" 1286
"C:/Users/djd10/OneDrive/Desktop/Game/The-Immortals-Alpha-build/Content/DemoTemplate/Templates/MI_GASP.uasset" 1287
"C:/Users/djd10/OneDrive/Desktop/Game/The-Immortals-Alpha-build/Content/DemoTemplate/Templates/MI_GASP.uexp" 1288
"C:/Users/djd10/OneDrive/Desktop/Game/The-Immortals-Alpha-build/Content/DemoTemplate/Templates/TP_DMXBP.uasset" 1289
"C:/Users/djd10/OneDrive/Desktop/Game/The-Immortals-Alpha-build/Content/DemoTemplate/Templates/TP_DMXBP.uexp" 1290
"C:/Users/djd10/OneDrive/Desktop/Game/The-Immortals-Alpha-build/Content/DemoTemplate/Templates/TP_InCamVFXBP.uasset" 1291
"C:/Users/djd10/OneDrive/Desktop/Game/The-Immortals-Alpha-build/Content/DemoTemplate/Templates/TP_InCamVFXBP.uexp" 1292
"C:/Users/djd10/OneDrive/Desktop/Game/The-Immortals-Alpha-build/Content/DemoTemplate/Templates/TP_ME_VprodBP.uasset" 1293
"C:/Users/djd10/OneDrive/Desktop/Game/The-Immortals-Alpha-build/Content/DemoTemplate/Templates/TP_ME_VprodBP.uexp" 1294
"C:/Users/djd10/OneDrive/Desktop/Game/The-Immortals-Alpha-build/Content/LevelPrototyping/Materials/MI_PrototypeGrid_Gray_Round.uasset" 1295
"C:/Users/djd10/OneDrive/Desktop/Game/The-Immortals-Alpha-build/Content/LevelPrototyping/Materials/MI_PrototypeGrid_Gray_Round.uexp" 1296
"C:/Users/djd10/OneDrive/Desktop/Game/The-Immortals-Alpha-build/Content/DemoTemplate/Templates/TP_MFG_ProdConfigBP.uasset" 1297
"C:/Users/djd10/OneDrive/Desktop/Game/The-Immortals-Alpha-build/Content/DemoTemplate/Templates/TP_MFG_ProdConfigBP.uexp" 1298
"C:/Users/djd10/OneDrive/Desktop/Game/The-Immortals-Alpha-build/Content/DemoTemplate/Templates/T__0000_TP_AEC_ArchvisBP.ubulk" 1299
"C:/Users/djd10/OneDrive/Desktop/Game/The-Immortals-Alpha-build/Content/DemoTemplate/Templates/T__0000_TP_AEC_ArchvisBP.uasset" 1300
"C:/Users/djd10/OneDrive/Desktop/Game/The-Immortals-Alpha-build/Content/DemoTemplate/Templates/T__0000_TP_AEC_ArchvisBP.uexp" 1301
"C:/Users/djd10/OneDrive/Desktop/Game/The-Immortals-Alpha-build/Content/DemoTemplate/Templates/T__0001_TP_PhotoStudioBP.ubulk" 1302
"C:/Users/djd10/OneDrive/Desktop/Game/The-Immortals-Alpha-build/Content/DemoTemplate/Templates/T__0001_TP_PhotoStudioBP.uasset" 1303
"C:/Users/djd10/OneDrive/Desktop/Game/The-Immortals-Alpha-build/Content/DemoTemplate/Templates/T__0001_TP_PhotoStudioBP.uexp" 1304
"C:/Users/djd10/OneDrive/Desktop/Game/The-Immortals-Alpha-build/Content/DemoTemplate/Templates/T__0002_TP_VirtualRealityBP.ubulk" 1305
"C:/Users/djd10/OneDrive/Desktop/Game/The-Immortals-Alpha-build/Content/DemoTemplate/Templates/T__0002_TP_VirtualRealityBP.uasset" 1306
"C:/Users/djd10/OneDrive/Desktop/Game/The-Immortals-Alpha-build/Content/DemoTemplate/Templates/T__0002_TP_VirtualRealityBP.uexp" 1307
"C:/Users/djd10/OneDrive/Desktop/Game/The-Immortals-Alpha-build/Content/DemoTemplate/Templates/T__0003_TP_FirstPersonBP.ubulk" 1308
"C:/Users/djd10/OneDrive/Desktop/Game/The-Immortals-Alpha-build/Content/DemoTemplate/Templates/T__0003_TP_FirstPersonBP.uasset" 1309
"C:/Users/djd10/OneDrive/Desktop/Game/The-Immortals-Alpha-build/Content/DemoTemplate/Templates/T__0003_TP_FirstPersonBP.uexp" 1310
"C:/Users/djd10/OneDrive/Desktop/Game/The-Immortals-Alpha-build/Content/DemoTemplate/Templates/T__0004_TP_ThirdPersonBP.ubulk" 1311
"C:/Users/djd10/OneDrive/Desktop/Game/The-Immortals-Alpha-build/Content/DemoTemplate/Templates/T__0004_TP_ThirdPersonBP.uasset" 1312
"C:/Users/djd10/OneDrive/Desktop/Game/The-Immortals-Alpha-build/Content/DemoTemplate/Templates/T__0004_TP_ThirdPersonBP.uexp" 1313
"C:/Users/djd10/OneDrive/Desktop/Game/The-Immortals-Alpha-build/Content/DemoTemplate/Templates/T__0005_TP_TopDownBP.ubulk" 1314
"C:/Users/djd10/OneDrive/Desktop/Game/The-Immortals-Alpha-build/Content/DemoTemplate/Templates/T__0005_TP_TopDownBP.uasset" 1315
"C:/Users/djd10/OneDrive/Desktop/Game/The-Immortals-Alpha-build/Content/DemoTemplate/Templates/T__0005_TP_TopDownBP.uexp" 1316
"../../../Engine/Content/BasicShapes/BasicShapeMaterial.uasset" 1317
"../../../Engine/Content/BasicShapes/BasicShapeMaterial.uexp" 1318
"C:/Users/djd10/OneDrive/Desktop/Game/The-Immortals-Alpha-build/Content/DemoTemplate/Transform/M_Move.uasset" 1319
"C:/Users/djd10/OneDrive/Desktop/Game/The-Immortals-Alpha-build/Content/DemoTemplate/Transform/M_Move.uexp" 1320
"C:/Users/djd10/OneDrive/Desktop/Game/The-Immortals-Alpha-build/Content/DemoTemplate/Transform/SM_Gizmo_Location.ubulk" 1321
"C:/Users/djd10/OneDrive/Desktop/Game/The-Immortals-Alpha-build/Content/DemoTemplate/Transform/SM_Gizmo_Location.uasset" 1322
"C:/Users/djd10/OneDrive/Desktop/Game/The-Immortals-Alpha-build/Content/DemoTemplate/Transform/SM_Gizmo_Location.uexp" 1323
"C:/Users/djd10/OneDrive/Desktop/Game/The-Immortals-Alpha-build/Content/DemoTemplate/Transform/M_Rotate.uasset" 1324
"C:/Users/djd10/OneDrive/Desktop/Game/The-Immortals-Alpha-build/Content/DemoTemplate/Transform/M_Rotate.uexp" 1325
"C:/Users/djd10/OneDrive/Desktop/Game/The-Immortals-Alpha-build/Content/DemoTemplate/Transform/SM_Gizmo_Rotate.ubulk" 1326
"C:/Users/djd10/OneDrive/Desktop/Game/The-Immortals-Alpha-build/Content/DemoTemplate/Transform/SM_Gizmo_Rotate.uasset" 1327
"C:/Users/djd10/OneDrive/Desktop/Game/The-Immortals-Alpha-build/Content/DemoTemplate/Transform/SM_Gizmo_Rotate.uexp" 1328
"C:/Users/djd10/OneDrive/Desktop/Game/The-Immortals-Alpha-build/Content/DemoTemplate/Transform/SM_Gizmo_Scale.ubulk" 1329
"C:/Users/djd10/OneDrive/Desktop/Game/The-Immortals-Alpha-build/Content/DemoTemplate/Transform/SM_Gizmo_Scale.uasset" 1330
"C:/Users/djd10/OneDrive/Desktop/Game/The-Immortals-Alpha-build/Content/DemoTemplate/Transform/SM_Gizmo_Scale.uexp" 1331
"C:/Users/djd10/OneDrive/Desktop/Game/The-Immortals-Alpha-build/Content/DemoTemplate/_Core/KeyboardKey/UIE_KeyboardKey.uasset" 1332
"C:/Users/djd10/OneDrive/Desktop/Game/The-Immortals-Alpha-build/Content/DemoTemplate/_Core/KeyboardKey/UIE_KeyboardKey.uexp" 1333
"C:/Users/djd10/OneDrive/Desktop/Game/The-Immortals-Alpha-build/Content/DemoTemplate/Transform/BP_GizmoDemo.uasset" 1334
"C:/Users/djd10/OneDrive/Desktop/Game/The-Immortals-Alpha-build/Content/DemoTemplate/Transform/BP_GizmoDemo.uexp" 1335
"C:/Users/djd10/OneDrive/Desktop/Game/The-Immortals-Alpha-build/Content/LevelPrototyping/Meshes/SM_Cube.ubulk" 1336
"C:/Users/djd10/OneDrive/Desktop/Game/The-Immortals-Alpha-build/Content/LevelPrototyping/Meshes/SM_Cube.uasset" 1337
"C:/Users/djd10/OneDrive/Desktop/Game/The-Immortals-Alpha-build/Content/LevelPrototyping/Meshes/SM_Cube.uexp" 1338
"C:/Users/djd10/OneDrive/Desktop/Game/The-Immortals-Alpha-build/Content/LevelPrototyping/Meshes/SM_Plane.ubulk" 1339
"C:/Users/djd10/OneDrive/Desktop/Game/The-Immortals-Alpha-build/Content/LevelPrototyping/Meshes/SM_Plane.uasset" 1340
"C:/Users/djd10/OneDrive/Desktop/Game/The-Immortals-Alpha-build/Content/LevelPrototyping/Meshes/SM_Plane.uexp" 1341
"C:/Users/djd10/OneDrive/Desktop/Game/The-Immortals-Alpha-build/Content/LevelPrototyping/Meshes/SM_QuarterCylinder.ubulk" 1342
"C:/Users/djd10/OneDrive/Desktop/Game/The-Immortals-Alpha-build/Content/LevelPrototyping/Meshes/SM_QuarterCylinder.uasset" 1343
"C:/Users/djd10/OneDrive/Desktop/Game/The-Immortals-Alpha-build/Content/LevelPrototyping/Meshes/SM_QuarterCylinder.uexp" 1344
"C:/Users/djd10/OneDrive/Desktop/Game/The-Immortals-Alpha-build/Content/LevelPrototyping/Meshes/SM_QuarterCylinderOuter.ubulk" 1345
"C:/Users/djd10/OneDrive/Desktop/Game/The-Immortals-Alpha-build/Content/LevelPrototyping/Meshes/SM_QuarterCylinderOuter.uasset" 1346
"C:/Users/djd10/OneDrive/Desktop/Game/The-Immortals-Alpha-build/Content/LevelPrototyping/Meshes/SM_QuarterCylinderOuter.uexp" 1347
"C:/Users/djd10/OneDrive/Desktop/Game/The-Immortals-Alpha-build/Content/LevelPrototyping/Meshes/SM_Ramp.ubulk" 1348
"C:/Users/djd10/OneDrive/Desktop/Game/The-Immortals-Alpha-build/Content/LevelPrototyping/Meshes/SM_Ramp.uasset" 1349
"C:/Users/djd10/OneDrive/Desktop/Game/The-Immortals-Alpha-build/Content/LevelPrototyping/Meshes/SM_Ramp.uexp" 1350
"C:/Users/djd10/OneDrive/Desktop/Game/The-Immortals-Alpha-build/Content/Input/Actions/IA_Jump.uasset" 1351
"C:/Users/djd10/OneDrive/Desktop/Game/The-Immortals-Alpha-build/Content/Input/Actions/IA_Jump.uexp" 1352
"C:/Users/djd10/OneDrive/Desktop/Game/The-Immortals-Alpha-build/Content/Input/Actions/IA_Look.uasset" 1353
"C:/Users/djd10/OneDrive/Desktop/Game/The-Immortals-Alpha-build/Content/Input/Actions/IA_Look.uexp" 1354
"C:/Users/djd10/OneDrive/Desktop/Game/The-Immortals-Alpha-build/Content/Input/Actions/IA_Move.uasset" 1355
"C:/Users/djd10/OneDrive/Desktop/Game/The-Immortals-Alpha-build/Content/Input/Actions/IA_Move.uexp" 1356
"C:/Users/djd10/OneDrive/Desktop/Game/The-Immortals-Alpha-build/Content/Input/IMC_Default.uasset" 1357
"C:/Users/djd10/OneDrive/Desktop/Game/The-Immortals-Alpha-build/Content/Input/IMC_Default.uexp" 1358
"C:/Users/djd10/OneDrive/Desktop/Game/The-Immortals-Alpha-build/Content/Input/Actions/IA_MouseLook.uasset" 1359
"C:/Users/djd10/OneDrive/Desktop/Game/The-Immortals-Alpha-build/Content/Input/Actions/IA_MouseLook.uexp" 1360
"C:/Users/djd10/OneDrive/Desktop/Game/The-Immortals-Alpha-build/Content/Input/IMC_MouseLook.uasset" 1361
"C:/Users/djd10/OneDrive/Desktop/Game/The-Immortals-Alpha-build/Content/Input/IMC_MouseLook.uexp" 1362
"C:/Users/djd10/OneDrive/Desktop/Game/The-Immortals-Alpha-build/Content/FirstPerson/Blueprints/BP_FirstPersonCameraManager.uasset" 1363
"C:/Users/djd10/OneDrive/Desktop/Game/The-Immortals-Alpha-build/Content/FirstPerson/Blueprints/BP_FirstPersonCameraManager.uexp" 1364
"../../../Engine/Content/MobileResources/HUD/VirtualJoystick_Thumb.uasset" 1365
"../../../Engine/Content/MobileResources/HUD/VirtualJoystick_Thumb.uexp" 1366
"C:/Users/djd10/OneDrive/Desktop/Game/The-Immortals-Alpha-build/Content/Input/Touch/BPI_TouchInterface.uasset" 1367
"C:/Users/djd10/OneDrive/Desktop/Game/The-Immortals-Alpha-build/Content/Input/Touch/BPI_TouchInterface.uexp" 1368
"../../../Engine/Content/MobileResources/HUD/VirtualJoystick_Background.uasset" 1369
"../../../Engine/Content/MobileResources/HUD/VirtualJoystick_Background.uexp" 1370
"C:/Users/djd10/OneDrive/Desktop/Game/The-Immortals-Alpha-build/Content/Input/Touch/UI_Thumbstick.uasset" 1371
"C:/Users/djd10/OneDrive/Desktop/Game/The-Immortals-Alpha-build/Content/Input/Touch/UI_Thumbstick.uexp" 1372
"C:/Users/djd10/OneDrive/Desktop/Game/The-Immortals-Alpha-build/Content/Input/Touch/UI_TouchSimple.uasset" 1373
"C:/Users/djd10/OneDrive/Desktop/Game/The-Immortals-Alpha-build/Content/Input/Touch/UI_TouchSimple.uexp" 1374
"C:/Users/djd10/OneDrive/Desktop/Game/The-Immortals-Alpha-build/Content/FirstPerson/Blueprints/BP_FirstPersonPlayerController.uasset" 1375
"C:/Users/djd10/OneDrive/Desktop/Game/The-Immortals-Alpha-build/Content/FirstPerson/Blueprints/BP_FirstPersonPlayerController.uexp" 1376
"C:/Users/djd10/OneDrive/Desktop/Game/The-Immortals-Alpha-build/Content/Characters/Mannequins/Anims/Unarmed/ABP_Unarmed.uasset" 1377
"C:/Users/djd10/OneDrive/Desktop/Game/The-Immortals-Alpha-build/Content/Characters/Mannequins/Anims/Unarmed/ABP_Unarmed.uexp" 1378
"C:/Users/djd10/OneDrive/Desktop/Game/The-Immortals-Alpha-build/Content/FirstPerson/Anims/CtrlRig_FPWarp.uasset" 1379
"C:/Users/djd10/OneDrive/Desktop/Game/The-Immortals-Alpha-build/Content/FirstPerson/Anims/CtrlRig_FPWarp.uexp" 1380
"C:/Users/djd10/OneDrive/Desktop/Game/The-Immortals-Alpha-build/Content/FirstPerson/Anims/ABP_FP_Copy.uasset" 1381
"C:/Users/djd10/OneDrive/Desktop/Game/The-Immortals-Alpha-build/Content/FirstPerson/Anims/ABP_FP_Copy.uexp" 1382
"C:/Users/djd10/OneDrive/Desktop/Game/The-Immortals-Alpha-build/Content/FirstPerson/Blueprints/BP_FirstPersonCharacter.uasset" 1383
"C:/Users/djd10/OneDrive/Desktop/Game/The-Immortals-Alpha-build/Content/FirstPerson/Blueprints/BP_FirstPersonCharacter.uexp" 1384
"C:/Users/djd10/OneDrive/Desktop/Game/The-Immortals-Alpha-build/Content/FirstPerson/Blueprints/BP_FirstPersonGameMode.uasset" 1385
"C:/Users/djd10/OneDrive/Desktop/Game/The-Immortals-Alpha-build/Content/FirstPerson/Blueprints/BP_FirstPersonGameMode.uexp" 1386
"C:/Users/djd10/OneDrive/Desktop/Game/The-Immortals-Alpha-build/Content/Atris_axes/Textures/T_axe21_BaseColor.ubulk" 1387
"C:/Users/djd10/OneDrive/Desktop/Game/The-Immortals-Alpha-build/Content/Atris_axes/Textures/T_axe21_BaseColor.uasset" 1388
"C:/Users/djd10/OneDrive/Desktop/Game/The-Immortals-Alpha-build/Content/Atris_axes/Textures/T_axe21_BaseColor.uexp" 1389
"C:/Users/djd10/OneDrive/Desktop/Game/The-Immortals-Alpha-build/Content/Atris_axes/Textures/T_axe21_Normal.ubulk" 1390
"C:/Users/djd10/OneDrive/Desktop/Game/The-Immortals-Alpha-build/Content/Atris_axes/Textures/T_axe21_Normal.uasset" 1391
"C:/Users/djd10/OneDrive/Desktop/Game/The-Immortals-Alpha-build/Content/Atris_axes/Textures/T_axe21_Normal.uexp" 1392
"C:/Users/djd10/OneDrive/Desktop/Game/The-Immortals-Alpha-build/Content/Atris_axes/Textures/T_axe21_OcclusionRoughnessMetallic.ubulk" 1393
"C:/Users/djd10/OneDrive/Desktop/Game/The-Immortals-Alpha-build/Content/Atris_axes/Textures/T_axe21_OcclusionRoughnessMetallic.uasset" 1394
"C:/Users/djd10/OneDrive/Desktop/Game/The-Immortals-Alpha-build/Content/Atris_axes/Textures/T_axe21_OcclusionRoughnessMetallic.uexp" 1395
"C:/Users/djd10/OneDrive/Desktop/Game/The-Immortals-Alpha-build/Content/Atris_axes/Materials/M_Master_axes.uasset" 1396
"C:/Users/djd10/OneDrive/Desktop/Game/The-Immortals-Alpha-build/Content/Atris_axes/Materials/M_Master_axes.uexp" 1397
"C:/Users/djd10/OneDrive/Desktop/Game/The-Immortals-Alpha-build/Content/Atris_axes/Textures/T_axe6mat_BaseColor.ubulk" 1398
"C:/Users/djd10/OneDrive/Desktop/Game/The-Immortals-Alpha-build/Content/Atris_axes/Textures/T_axe6mat_BaseColor.uasset" 1399
"C:/Users/djd10/OneDrive/Desktop/Game/The-Immortals-Alpha-build/Content/Atris_axes/Textures/T_axe6mat_BaseColor.uexp" 1400
"C:/Users/djd10/OneDrive/Desktop/Game/The-Immortals-Alpha-build/Content/Atris_axes/Textures/T_axe6mat_Normal.ubulk" 1401
"C:/Users/djd10/OneDrive/Desktop/Game/The-Immortals-Alpha-build/Content/Atris_axes/Textures/T_axe6mat_Normal.uasset" 1402
"C:/Users/djd10/OneDrive/Desktop/Game/The-Immortals-Alpha-build/Content/Atris_axes/Textures/T_axe6mat_Normal.uexp" 1403
"C:/Users/djd10/OneDrive/Desktop/Game/The-Immortals-Alpha-build/Content/Atris_axes/Textures/T_axe6mat_OcclusionRoughnessMetallic.ubulk" 1404
"C:/Users/djd10/OneDrive/Desktop/Game/The-Immortals-Alpha-build/Content/Atris_axes/Textures/T_axe6mat_OcclusionRoughnessMetallic.uasset" 1405
"C:/Users/djd10/OneDrive/Desktop/Game/The-Immortals-Alpha-build/Content/Atris_axes/Textures/T_axe6mat_OcclusionRoughnessMetallic.uexp" 1406
"C:/Users/djd10/OneDrive/Desktop/Game/The-Immortals-Alpha-build/Content/Atris_axes/Materials/MI_Axe6.uasset" 1407
"C:/Users/djd10/OneDrive/Desktop/Game/The-Immortals-Alpha-build/Content/Atris_axes/Materials/MI_Axe6.uexp" 1408
"C:/Users/djd10/OneDrive/Desktop/Game/The-Immortals-Alpha-build/Content/Atris_axes/Meshes/SM_axe6.ubulk" 1409
"C:/Users/djd10/OneDrive/Desktop/Game/The-Immortals-Alpha-build/Content/Atris_axes/Meshes/SM_axe6.uasset" 1410
"C:/Users/djd10/OneDrive/Desktop/Game/The-Immortals-Alpha-build/Content/Atris_axes/Meshes/SM_axe6.uexp" 1411
"C:/Users/djd10/OneDrive/Desktop/Game/The-Immortals-Alpha-build/Content/Characters/DwarfFighter/DwarfFighter_PhysicsAsset.uasset" 1412
"C:/Users/djd10/OneDrive/Desktop/Game/The-Immortals-Alpha-build/Content/Characters/DwarfFighter/DwarfFighter_PhysicsAsset.uexp" 1413
"C:/Users/djd10/OneDrive/Desktop/Game/The-Immortals-Alpha-build/Content/Characters/DwarfFighter/DwarfFighter_Skeleton.uasset" 1414
"C:/Users/djd10/OneDrive/Desktop/Game/The-Immortals-Alpha-build/Content/Characters/DwarfFighter/DwarfFighter_Skeleton.uexp" 1415
"../../../Engine/Plugins/Interchange/Assets/Content/Functions/MF_PhongToMetalRoughness.uasset" 1416
"../../../Engine/Plugins/Interchange/Assets/Content/Functions/MF_PhongToMetalRoughness.uexp" 1417
"C:/Users/djd10/OneDrive/Desktop/Game/The-Immortals-Alpha-build/Content/Characters/DwarfFighter/Baked_BaseColordawrd.ubulk" 1418
"C:/Users/djd10/OneDrive/Desktop/Game/The-Immortals-Alpha-build/Content/Characters/DwarfFighter/Baked_BaseColordawrd.uasset" 1419
"C:/Users/djd10/OneDrive/Desktop/Game/The-Immortals-Alpha-build/Content/Characters/DwarfFighter/Baked_BaseColordawrd.uexp" 1420
"C:/Users/djd10/OneDrive/Desktop/Game/The-Immortals-Alpha-build/Content/Characters/DwarfFighter/Baked_Normaldwarf.ubulk" 1421
"C:/Users/djd10/OneDrive/Desktop/Game/The-Immortals-Alpha-build/Content/Characters/DwarfFighter/Baked_Normaldwarf.uasset" 1422
"C:/Users/djd10/OneDrive/Desktop/Game/The-Immortals-Alpha-build/Content/Characters/DwarfFighter/Baked_Normaldwarf.uexp" 1423
"C:/Users/djd10/OneDrive/Desktop/Game/The-Immortals-Alpha-build/Content/Characters/DwarfFighter/Material_001dwarf.uasset" 1424
"C:/Users/djd10/OneDrive/Desktop/Game/The-Immortals-Alpha-build/Content/Characters/DwarfFighter/Material_001dwarf.uexp" 1425
"C:/Users/djd10/OneDrive/Desktop/Game/The-Immortals-Alpha-build/Content/Characters/DwarfFighter/DwarfFighter.uasset" 1426
"C:/Users/djd10/OneDrive/Desktop/Game/The-Immortals-Alpha-build/Content/Characters/DwarfFighter/DwarfFighter.uexp" 1427
"C:/Users/djd10/OneDrive/Desktop/Game/The-Immortals-Alpha-build/Content/Characters/DwarfFighter/IK_AutoGeneratedSource.uasset" 1428
"C:/Users/djd10/OneDrive/Desktop/Game/The-Immortals-Alpha-build/Content/Characters/DwarfFighter/IK_AutoGeneratedSource.uexp" 1429
"C:/Users/djd10/OneDrive/Desktop/Game/The-Immortals-Alpha-build/Content/Characters/DwarfFighter/IK_AutoGeneratedTarget.uasset" 1430
"C:/Users/djd10/OneDrive/Desktop/Game/The-Immortals-Alpha-build/Content/Characters/DwarfFighter/IK_AutoGeneratedTarget.uexp" 1431
"C:/Users/djd10/OneDrive/Desktop/Game/The-Immortals-Alpha-build/Content/Characters/DwarfFighter/RTG_AutoGeneratedSocket.uasset" 1432
"C:/Users/djd10/OneDrive/Desktop/Game/The-Immortals-Alpha-build/Content/Characters/DwarfFighter/RTG_AutoGeneratedSocket.uexp" 1433
"C:/Users/djd10/OneDrive/Desktop/Game/The-Immortals-Alpha-build/Content/Characters/DwarfFighter/DwarfFighter_Skeleton_AnimBlueprint.uasset" 1434
"C:/Users/djd10/OneDrive/Desktop/Game/The-Immortals-Alpha-build/Content/Characters/DwarfFighter/DwarfFighter_Skeleton_AnimBlueprint.uexp" 1435
"C:/Users/djd10/OneDrive/Desktop/Game/The-Immortals-Alpha-build/Content/Characters/DwarfFighter/DwarfMercPC.uasset" 1436
"C:/Users/djd10/OneDrive/Desktop/Game/The-Immortals-Alpha-build/Content/Characters/DwarfFighter/DwarfMercPC.uexp" 1437
"../../../Engine/Content/EngineMaterials/Substrate/Volume/SubstrateSimpleVolumeEnvLUT3D.uasset" 1438
"../../../Engine/Content/EngineMaterials/Substrate/Volume/SubstrateSimpleVolumeEnvLUT3D.uexp" 1439
"../../../Engine/Content/EngineMaterials/Substrate/Volume/SubstrateSimpleVolumeLUT3D.uasset" 1440
"../../../Engine/Content/EngineMaterials/Substrate/Volume/SubstrateSimpleVolumeLUT3D.uexp" 1441
"C:/Users/djd10/OneDrive/Desktop/Game/The-Immortals-Alpha-build/Content/UltimateHorsePack/Demo/Mannequins_UE5/Meshes/SKEL_Mannequin.uasset" 1442
"C:/Users/djd10/OneDrive/Desktop/Game/The-Immortals-Alpha-build/Content/UltimateHorsePack/Demo/Mannequins_UE5/Meshes/SKEL_Mannequin.uexp" 1443
"../../../Engine/Plugins/Animation/ControlRig/Content/Controls/DefaultGizmoLibrary.uasset" 1444
"../../../Engine/Plugins/Animation/ControlRig/Content/Controls/DefaultGizmoLibrary.uexp" 1445
"C:/Users/djd10/OneDrive/Desktop/Game/The-Immortals-Alpha-build/Content/UltimateHorsePack/Demo/Mannequins_UE5/Rigs/RIG_Mannequin_Procedural.uasset" 1446
"C:/Users/djd10/OneDrive/Desktop/Game/The-Immortals-Alpha-build/Content/UltimateHorsePack/Demo/Mannequins_UE5/Rigs/RIG_Mannequin_Procedural.uexp" 1447
"C:/Users/djd10/OneDrive/Desktop/Game/The-Immortals-Alpha-build/Content/UltimateHorsePack/Demo/Mannequins_UE5/Rigs/Poses/Manny/Manny_calf_l_pose.uasset" 1448
"C:/Users/djd10/OneDrive/Desktop/Game/The-Immortals-Alpha-build/Content/UltimateHorsePack/Demo/Mannequins_UE5/Rigs/Poses/Manny/Manny_calf_l_pose.uexp" 1449
"C:/Users/djd10/OneDrive/Desktop/Game/The-Immortals-Alpha-build/Content/UltimateHorsePack/Demo/Mannequins_UE5/Rigs/Poses/Manny/Manny_calf_r_pose.uasset" 1450
"C:/Users/djd10/OneDrive/Desktop/Game/The-Immortals-Alpha-build/Content/UltimateHorsePack/Demo/Mannequins_UE5/Rigs/Poses/Manny/Manny_calf_r_pose.uexp" 1451
"C:/Users/djd10/OneDrive/Desktop/Game/The-Immortals-Alpha-build/Content/UltimateHorsePack/Demo/Mannequins_UE5/Rigs/Poses/Manny/Manny_clavicle_l_pose.uasset" 1452
"C:/Users/djd10/OneDrive/Desktop/Game/The-Immortals-Alpha-build/Content/UltimateHorsePack/Demo/Mannequins_UE5/Rigs/Poses/Manny/Manny_clavicle_l_pose.uexp" 1453
"C:/Users/djd10/OneDrive/Desktop/Game/The-Immortals-Alpha-build/Content/UltimateHorsePack/Demo/Mannequins_UE5/Rigs/Poses/Manny/Manny_clavicle_r_pose.uasset" 1454
"C:/Users/djd10/OneDrive/Desktop/Game/The-Immortals-Alpha-build/Content/UltimateHorsePack/Demo/Mannequins_UE5/Rigs/Poses/Manny/Manny_clavicle_r_pose.uexp" 1455
"C:/Users/djd10/OneDrive/Desktop/Game/The-Immortals-Alpha-build/Content/UltimateHorsePack/Demo/Mannequins_UE5/Rigs/Poses/Manny/Manny_foot_l_pose.uasset" 1456
"C:/Users/djd10/OneDrive/Desktop/Game/The-Immortals-Alpha-build/Content/UltimateHorsePack/Demo/Mannequins_UE5/Rigs/Poses/Manny/Manny_foot_l_pose.uexp" 1457
"C:/Users/djd10/OneDrive/Desktop/Game/The-Immortals-Alpha-build/Content/UltimateHorsePack/Demo/Mannequins_UE5/Rigs/Poses/Manny/Manny_foot_r_pose.uasset" 1458
"C:/Users/djd10/OneDrive/Desktop/Game/The-Immortals-Alpha-build/Content/UltimateHorsePack/Demo/Mannequins_UE5/Rigs/Poses/Manny/Manny_foot_r_pose.uexp" 1459
"C:/Users/djd10/OneDrive/Desktop/Game/The-Immortals-Alpha-build/Content/UltimateHorsePack/Demo/Mannequins_UE5/Rigs/Poses/Manny/Manny_hand_l_pose.uasset" 1460
"C:/Users/djd10/OneDrive/Desktop/Game/The-Immortals-Alpha-build/Content/UltimateHorsePack/Demo/Mannequins_UE5/Rigs/Poses/Manny/Manny_hand_l_pose.uexp" 1461
"C:/Users/djd10/OneDrive/Desktop/Game/The-Immortals-Alpha-build/Content/UltimateHorsePack/Demo/Mannequins_UE5/Rigs/Poses/Manny/Manny_hand_r_pose.uasset" 1462
"C:/Users/djd10/OneDrive/Desktop/Game/The-Immortals-Alpha-build/Content/UltimateHorsePack/Demo/Mannequins_UE5/Rigs/Poses/Manny/Manny_hand_r_pose.uexp" 1463
"C:/Users/djd10/OneDrive/Desktop/Game/The-Immortals-Alpha-build/Content/UltimateHorsePack/Demo/Mannequins_UE5/Rigs/Poses/Manny/Manny_lowerarm_l_pose.uasset" 1464
"C:/Users/djd10/OneDrive/Desktop/Game/The-Immortals-Alpha-build/Content/UltimateHorsePack/Demo/Mannequins_UE5/Rigs/Poses/Manny/Manny_lowerarm_l_pose.uexp" 1465
"C:/Users/djd10/OneDrive/Desktop/Game/The-Immortals-Alpha-build/Content/UltimateHorsePack/Demo/Mannequins_UE5/Rigs/Poses/Manny/Manny_lowerarm_r_pose.uasset" 1466
"C:/Users/djd10/OneDrive/Desktop/Game/The-Immortals-Alpha-build/Content/UltimateHorsePack/Demo/Mannequins_UE5/Rigs/Poses/Manny/Manny_lowerarm_r_pose.uexp" 1467
"C:/Users/djd10/OneDrive/Desktop/Game/The-Immortals-Alpha-build/Content/UltimateHorsePack/Demo/Mannequins_UE5/Rigs/Poses/Manny/Manny_thigh_l_pose.uasset" 1468
"C:/Users/djd10/OneDrive/Desktop/Game/The-Immortals-Alpha-build/Content/UltimateHorsePack/Demo/Mannequins_UE5/Rigs/Poses/Manny/Manny_thigh_l_pose.uexp" 1469
"C:/Users/djd10/OneDrive/Desktop/Game/The-Immortals-Alpha-build/Content/UltimateHorsePack/Demo/Mannequins_UE5/Rigs/Poses/Manny/Manny_thigh_r_pose.uasset" 1470
"C:/Users/djd10/OneDrive/Desktop/Game/The-Immortals-Alpha-build/Content/UltimateHorsePack/Demo/Mannequins_UE5/Rigs/Poses/Manny/Manny_thigh_r_pose.uexp" 1471
"C:/Users/djd10/OneDrive/Desktop/Game/The-Immortals-Alpha-build/Content/UltimateHorsePack/Demo/Mannequins_UE5/Rigs/Poses/Manny/Manny_upperarm_l_pose.uasset" 1472
"C:/Users/djd10/OneDrive/Desktop/Game/The-Immortals-Alpha-build/Content/UltimateHorsePack/Demo/Mannequins_UE5/Rigs/Poses/Manny/Manny_upperarm_l_pose.uexp" 1473
"C:/Users/djd10/OneDrive/Desktop/Game/The-Immortals-Alpha-build/Content/UltimateHorsePack/Demo/Mannequins_UE5/Rigs/Poses/Manny/Manny_upperarm_r_pose.uasset" 1474
"C:/Users/djd10/OneDrive/Desktop/Game/The-Immortals-Alpha-build/Content/UltimateHorsePack/Demo/Mannequins_UE5/Rigs/Poses/Manny/Manny_upperarm_r_pose.uexp" 1475
"C:/Users/djd10/OneDrive/Desktop/Game/The-Immortals-Alpha-build/Content/UltimateHorsePack/Demo/Mannequins_UE5/Rigs/ABP_Manny_PostProcess.uasset" 1476
"C:/Users/djd10/OneDrive/Desktop/Game/The-Immortals-Alpha-build/Content/UltimateHorsePack/Demo/Mannequins_UE5/Rigs/ABP_Manny_PostProcess.uexp" 1477
"C:/Users/djd10/OneDrive/Desktop/Game/The-Immortals-Alpha-build/Content/UltimateHorsePack/Demo/Mannequins_UE5/Rigs/PHYS_Mannequin.uasset" 1478
"C:/Users/djd10/OneDrive/Desktop/Game/The-Immortals-Alpha-build/Content/UltimateHorsePack/Demo/Mannequins_UE5/Rigs/PHYS_Mannequin.uexp" 1479
"C:/Users/djd10/OneDrive/Desktop/Game/The-Immortals-Alpha-build/Content/UltimateHorsePack/Demo/Mannequins_UE5/Materials/Functions/ChromaticCurve.uasset" 1480
"C:/Users/djd10/OneDrive/Desktop/Game/The-Immortals-Alpha-build/Content/UltimateHorsePack/Demo/Mannequins_UE5/Materials/Functions/ChromaticCurve.uexp" 1481
"C:/Users/djd10/OneDrive/Desktop/Game/The-Immortals-Alpha-build/Content/UltimateHorsePack/Demo/Mannequins_UE5/Materials/Functions/CA_Mannequin.uasset" 1482
"C:/Users/djd10/OneDrive/Desktop/Game/The-Immortals-Alpha-build/Content/UltimateHorsePack/Demo/Mannequins_UE5/Materials/Functions/CA_Mannequin.uexp" 1483
"C:/Users/djd10/OneDrive/Desktop/Game/The-Immortals-Alpha-build/Content/UltimateHorsePack/Demo/Mannequins_UE5/Materials/Functions/MF_Diffraction.uasset" 1484
"C:/Users/djd10/OneDrive/Desktop/Game/The-Immortals-Alpha-build/Content/UltimateHorsePack/Demo/Mannequins_UE5/Materials/Functions/MF_Diffraction.uexp" 1485
"C:/Users/djd10/OneDrive/Desktop/Game/The-Immortals-Alpha-build/Content/UltimateHorsePack/Demo/Mannequins_UE5/Textures/Shared/T_UE_Logo_M.uasset" 1486
"C:/Users/djd10/OneDrive/Desktop/Game/The-Immortals-Alpha-build/Content/UltimateHorsePack/Demo/Mannequins_UE5/Textures/Shared/T_UE_Logo_M.uexp" 1487
"C:/Users/djd10/OneDrive/Desktop/Game/The-Immortals-Alpha-build/Content/UltimateHorsePack/Demo/Mannequins_UE5/Materials/Functions/MF_logo3layers.uasset" 1488
"C:/Users/djd10/OneDrive/Desktop/Game/The-Immortals-Alpha-build/Content/UltimateHorsePack/Demo/Mannequins_UE5/Materials/Functions/MF_logo3layers.uexp" 1489
"C:/Users/djd10/OneDrive/Desktop/Game/The-Immortals-Alpha-build/Content/UltimateHorsePack/Demo/Mannequins_UE5/Materials/Functions/ML_BaseColorFallOff.uasset" 1490
"C:/Users/djd10/OneDrive/Desktop/Game/The-Immortals-Alpha-build/Content/UltimateHorsePack/Demo/Mannequins_UE5/Materials/Functions/ML_BaseColorFallOff.uexp" 1491
"C:/Users/djd10/OneDrive/Desktop/Game/The-Immortals-Alpha-build/Content/UltimateHorsePack/Demo/Mannequins_UE5/Textures/Manny/T_Manny_01_ASAOPMASK_MSK.ubulk" 1492
"C:/Users/djd10/OneDrive/Desktop/Game/The-Immortals-Alpha-build/Content/UltimateHorsePack/Demo/Mannequins_UE5/Textures/Manny/T_Manny_01_ASAOPMASK_MSK.uasset" 1493
"C:/Users/djd10/OneDrive/Desktop/Game/The-Immortals-Alpha-build/Content/UltimateHorsePack/Demo/Mannequins_UE5/Textures/Manny/T_Manny_01_ASAOPMASK_MSK.uexp" 1494
"C:/Users/djd10/OneDrive/Desktop/Game/The-Immortals-Alpha-build/Content/UltimateHorsePack/Demo/Mannequins_UE5/Textures/Manny/T_Manny_01_BN.ubulk" 1495
"C:/Users/djd10/OneDrive/Desktop/Game/The-Immortals-Alpha-build/Content/UltimateHorsePack/Demo/Mannequins_UE5/Textures/Manny/T_Manny_01_BN.uasset" 1496
"C:/Users/djd10/OneDrive/Desktop/Game/The-Immortals-Alpha-build/Content/UltimateHorsePack/Demo/Mannequins_UE5/Textures/Manny/T_Manny_01_BN.uexp" 1497
"C:/Users/djd10/OneDrive/Desktop/Game/The-Immortals-Alpha-build/Content/UltimateHorsePack/Demo/Mannequins_UE5/Textures/Manny/T_Manny_01_CCRCCPlastic_MSK.ubulk" 1498
"C:/Users/djd10/OneDrive/Desktop/Game/The-Immortals-Alpha-build/Content/UltimateHorsePack/Demo/Mannequins_UE5/Textures/Manny/T_Manny_01_CCRCCPlastic_MSK.uasset" 1499
"C:/Users/djd10/OneDrive/Desktop/Game/The-Immortals-Alpha-build/Content/UltimateHorsePack/Demo/Mannequins_UE5/Textures/Manny/T_Manny_01_CCRCCPlastic_MSK.uexp" 1500
"C:/Users/djd10/OneDrive/Desktop/Game/The-Immortals-Alpha-build/Content/UltimateHorsePack/Demo/Mannequins_UE5/Textures/Manny/T_Manny_01_D.ubulk" 1501
"C:/Users/djd10/OneDrive/Desktop/Game/The-Immortals-Alpha-build/Content/UltimateHorsePack/Demo/Mannequins_UE5/Textures/Manny/T_Manny_01_D.uasset" 1502
"C:/Users/djd10/OneDrive/Desktop/Game/The-Immortals-Alpha-build/Content/UltimateHorsePack/Demo/Mannequins_UE5/Textures/Manny/T_Manny_01_D.uexp" 1503
"C:/Users/djd10/OneDrive/Desktop/Game/The-Immortals-Alpha-build/Content/UltimateHorsePack/Demo/Mannequins_UE5/Textures/Manny/T_Manny_01_MSR_MSK.ubulk" 1504
"C:/Users/djd10/OneDrive/Desktop/Game/The-Immortals-Alpha-build/Content/UltimateHorsePack/Demo/Mannequins_UE5/Textures/Manny/T_Manny_01_MSR_MSK.uasset" 1505
"C:/Users/djd10/OneDrive/Desktop/Game/The-Immortals-Alpha-build/Content/UltimateHorsePack/Demo/Mannequins_UE5/Textures/Manny/T_Manny_01_MSR_MSK.uexp" 1506
"C:/Users/djd10/OneDrive/Desktop/Game/The-Immortals-Alpha-build/Content/UltimateHorsePack/Demo/Mannequins_UE5/Textures/Manny/T_Manny_01_N.ubulk" 1507
"C:/Users/djd10/OneDrive/Desktop/Game/The-Immortals-Alpha-build/Content/UltimateHorsePack/Demo/Mannequins_UE5/Textures/Manny/T_Manny_01_N.uasset" 1508
"C:/Users/djd10/OneDrive/Desktop/Game/The-Immortals-Alpha-build/Content/UltimateHorsePack/Demo/Mannequins_UE5/Textures/Manny/T_Manny_01_N.uexp" 1509
"C:/Users/djd10/OneDrive/Desktop/Game/The-Immortals-Alpha-build/Content/UltimateHorsePack/Demo/Mannequins_UE5/Textures/Manny/T_Manny_01_Tan.ubulk" 1510
"C:/Users/djd10/OneDrive/Desktop/Game/The-Immortals-Alpha-build/Content/UltimateHorsePack/Demo/Mannequins_UE5/Textures/Manny/T_Manny_01_Tan.uasset" 1511
"C:/Users/djd10/OneDrive/Desktop/Game/The-Immortals-Alpha-build/Content/UltimateHorsePack/Demo/Mannequins_UE5/Textures/Manny/T_Manny_01_Tan.uexp" 1512
"C:/Users/djd10/OneDrive/Desktop/Game/The-Immortals-Alpha-build/Content/UltimateHorsePack/Demo/Mannequins_UE5/Materials/M_Mannequin.uasset" 1513
"C:/Users/djd10/OneDrive/Desktop/Game/The-Immortals-Alpha-build/Content/UltimateHorsePack/Demo/Mannequins_UE5/Materials/M_Mannequin.uexp" 1514
"C:/Users/djd10/OneDrive/Desktop/Game/The-Immortals-Alpha-build/Content/UltimateHorsePack/Demo/Mannequins_UE5/Materials/Instances/Manny/MI_Manny_01.uasset" 1515
"C:/Users/djd10/OneDrive/Desktop/Game/The-Immortals-Alpha-build/Content/UltimateHorsePack/Demo/Mannequins_UE5/Materials/Instances/Manny/MI_Manny_01.uexp" 1516
"C:/Users/djd10/OneDrive/Desktop/Game/The-Immortals-Alpha-build/Content/UltimateHorsePack/Demo/Mannequins_UE5/Textures/Manny/T_Manny_02_ASAOPMASK_MSK.ubulk" 1517
"C:/Users/djd10/OneDrive/Desktop/Game/The-Immortals-Alpha-build/Content/UltimateHorsePack/Demo/Mannequins_UE5/Textures/Manny/T_Manny_02_ASAOPMASK_MSK.uasset" 1518
"C:/Users/djd10/OneDrive/Desktop/Game/The-Immortals-Alpha-build/Content/UltimateHorsePack/Demo/Mannequins_UE5/Textures/Manny/T_Manny_02_ASAOPMASK_MSK.uexp" 1519
"C:/Users/djd10/OneDrive/Desktop/Game/The-Immortals-Alpha-build/Content/UltimateHorsePack/Demo/Mannequins_UE5/Textures/Manny/T_Manny_02_BN.ubulk" 1520
"C:/Users/djd10/OneDrive/Desktop/Game/The-Immortals-Alpha-build/Content/UltimateHorsePack/Demo/Mannequins_UE5/Textures/Manny/T_Manny_02_BN.uasset" 1521
"C:/Users/djd10/OneDrive/Desktop/Game/The-Immortals-Alpha-build/Content/UltimateHorsePack/Demo/Mannequins_UE5/Textures/Manny/T_Manny_02_BN.uexp" 1522
"C:/Users/djd10/OneDrive/Desktop/Game/The-Immortals-Alpha-build/Content/UltimateHorsePack/Demo/Mannequins_UE5/Textures/Manny/T_Manny_02_CCRCCPlastic_MSK.ubulk" 1523
"C:/Users/djd10/OneDrive/Desktop/Game/The-Immortals-Alpha-build/Content/UltimateHorsePack/Demo/Mannequins_UE5/Textures/Manny/T_Manny_02_CCRCCPlastic_MSK.uasset" 1524
"C:/Users/djd10/OneDrive/Desktop/Game/The-Immortals-Alpha-build/Content/UltimateHorsePack/Demo/Mannequins_UE5/Textures/Manny/T_Manny_02_CCRCCPlastic_MSK.uexp" 1525
"C:/Users/djd10/OneDrive/Desktop/Game/The-Immortals-Alpha-build/Content/UltimateHorsePack/Demo/Mannequins_UE5/Textures/Manny/T_Manny_02_D.ubulk" 1526
"C:/Users/djd10/OneDrive/Desktop/Game/The-Immortals-Alpha-build/Content/UltimateHorsePack/Demo/Mannequins_UE5/Textures/Manny/T_Manny_02_D.uasset" 1527
"C:/Users/djd10/OneDrive/Desktop/Game/The-Immortals-Alpha-build/Content/UltimateHorsePack/Demo/Mannequins_UE5/Textures/Manny/T_Manny_02_D.uexp" 1528
"C:/Users/djd10/OneDrive/Desktop/Game/The-Immortals-Alpha-build/Content/UltimateHorsePack/Demo/Mannequins_UE5/Textures/Manny/T_Manny_02_MSR_MSK.ubulk" 1529
"C:/Users/djd10/OneDrive/Desktop/Game/The-Immortals-Alpha-build/Content/UltimateHorsePack/Demo/Mannequins_UE5/Textures/Manny/T_Manny_02_MSR_MSK.uasset" 1530
"C:/Users/djd10/OneDrive/Desktop/Game/The-Immortals-Alpha-build/Content/UltimateHorsePack/Demo/Mannequins_UE5/Textures/Manny/T_Manny_02_MSR_MSK.uexp" 1531
"C:/Users/djd10/OneDrive/Desktop/Game/The-Immortals-Alpha-build/Content/UltimateHorsePack/Demo/Mannequins_UE5/Textures/Manny/T_Manny_02_N.ubulk" 1532
"C:/Users/djd10/OneDrive/Desktop/Game/The-Immortals-Alpha-build/Content/UltimateHorsePack/Demo/Mannequins_UE5/Textures/Manny/T_Manny_02_N.uasset" 1533
"C:/Users/djd10/OneDrive/Desktop/Game/The-Immortals-Alpha-build/Content/UltimateHorsePack/Demo/Mannequins_UE5/Textures/Manny/T_Manny_02_N.uexp" 1534
"C:/Users/djd10/OneDrive/Desktop/Game/The-Immortals-Alpha-build/Content/UltimateHorsePack/Demo/Mannequins_UE5/Textures/Manny/T_Manny_02_Tan.ubulk" 1535
"C:/Users/djd10/OneDrive/Desktop/Game/The-Immortals-Alpha-build/Content/UltimateHorsePack/Demo/Mannequins_UE5/Textures/Manny/T_Manny_02_Tan.uasset" 1536
"C:/Users/djd10/OneDrive/Desktop/Game/The-Immortals-Alpha-build/Content/UltimateHorsePack/Demo/Mannequins_UE5/Textures/Manny/T_Manny_02_Tan.uexp" 1537
"C:/Users/djd10/OneDrive/Desktop/Game/The-Immortals-Alpha-build/Content/UltimateHorsePack/Demo/Mannequins_UE5/Materials/Instances/Manny/MI_Manny_02.uasset" 1538
"C:/Users/djd10/OneDrive/Desktop/Game/The-Immortals-Alpha-build/Content/UltimateHorsePack/Demo/Mannequins_UE5/Materials/Instances/Manny/MI_Manny_02.uexp" 1539
"C:/Users/djd10/OneDrive/Desktop/Game/The-Immortals-Alpha-build/Content/UltimateHorsePack/Demo/Mannequins_UE5/Meshes/SK_Manny.uasset" 1540
"C:/Users/djd10/OneDrive/Desktop/Game/The-Immortals-Alpha-build/Content/UltimateHorsePack/Demo/Mannequins_UE5/Meshes/SK_Manny.uexp" 1541
"C:/Users/djd10/OneDrive/Desktop/Game/The-Immortals-Alpha-build/Content/UltimateHorsePack/Demo/Mannequins_UE5/Rigs/Poses/Quinn/Quinn_calf_l_pose.uasset" 1542
"C:/Users/djd10/OneDrive/Desktop/Game/The-Immortals-Alpha-build/Content/UltimateHorsePack/Demo/Mannequins_UE5/Rigs/Poses/Quinn/Quinn_calf_l_pose.uexp" 1543
"C:/Users/djd10/OneDrive/Desktop/Game/The-Immortals-Alpha-build/Content/UltimateHorsePack/Demo/Mannequins_UE5/Rigs/Poses/Quinn/Quinn_calf_r_pose.uasset" 1544
"C:/Users/djd10/OneDrive/Desktop/Game/The-Immortals-Alpha-build/Content/UltimateHorsePack/Demo/Mannequins_UE5/Rigs/Poses/Quinn/Quinn_calf_r_pose.uexp" 1545
"C:/Users/djd10/OneDrive/Desktop/Game/The-Immortals-Alpha-build/Content/UltimateHorsePack/Demo/Mannequins_UE5/Rigs/Poses/Quinn/Quinn_clavicle_l_pose.uasset" 1546
"C:/Users/djd10/OneDrive/Desktop/Game/The-Immortals-Alpha-build/Content/UltimateHorsePack/Demo/Mannequins_UE5/Rigs/Poses/Quinn/Quinn_clavicle_l_pose.uexp" 1547
"C:/Users/djd10/OneDrive/Desktop/Game/The-Immortals-Alpha-build/Content/UltimateHorsePack/Demo/Mannequins_UE5/Rigs/Poses/Quinn/Quinn_clavicle_r_pose.uasset" 1548
"C:/Users/djd10/OneDrive/Desktop/Game/The-Immortals-Alpha-build/Content/UltimateHorsePack/Demo/Mannequins_UE5/Rigs/Poses/Quinn/Quinn_clavicle_r_pose.uexp" 1549
"C:/Users/djd10/OneDrive/Desktop/Game/The-Immortals-Alpha-build/Content/UltimateHorsePack/Demo/Mannequins_UE5/Rigs/Poses/Quinn/Quinn_foot_l_pose.uasset" 1550
"C:/Users/djd10/OneDrive/Desktop/Game/The-Immortals-Alpha-build/Content/UltimateHorsePack/Demo/Mannequins_UE5/Rigs/Poses/Quinn/Quinn_foot_l_pose.uexp" 1551
"C:/Users/djd10/OneDrive/Desktop/Game/The-Immortals-Alpha-build/Content/UltimateHorsePack/Demo/Mannequins_UE5/Rigs/Poses/Quinn/Quinn_foot_r_pose.uasset" 1552
"C:/Users/djd10/OneDrive/Desktop/Game/The-Immortals-Alpha-build/Content/UltimateHorsePack/Demo/Mannequins_UE5/Rigs/Poses/Quinn/Quinn_foot_r_pose.uexp" 1553
"C:/Users/djd10/OneDrive/Desktop/Game/The-Immortals-Alpha-build/Content/UltimateHorsePack/Demo/Mannequins_UE5/Rigs/Poses/Quinn/Quinn_hand_l_pose.uasset" 1554
"C:/Users/djd10/OneDrive/Desktop/Game/The-Immortals-Alpha-build/Content/UltimateHorsePack/Demo/Mannequins_UE5/Rigs/Poses/Quinn/Quinn_hand_l_pose.uexp" 1555
"C:/Users/djd10/OneDrive/Desktop/Game/The-Immortals-Alpha-build/Content/UltimateHorsePack/Demo/Mannequins_UE5/Rigs/Poses/Quinn/Quinn_hand_r_pose.uasset" 1556
"C:/Users/djd10/OneDrive/Desktop/Game/The-Immortals-Alpha-build/Content/UltimateHorsePack/Demo/Mannequins_UE5/Rigs/Poses/Quinn/Quinn_hand_r_pose.uexp" 1557
"C:/Users/djd10/OneDrive/Desktop/Game/The-Immortals-Alpha-build/Content/UltimateHorsePack/Demo/Mannequins_UE5/Rigs/Poses/Quinn/Quinn_lowerarm_l_pose.uasset" 1558
"C:/Users/djd10/OneDrive/Desktop/Game/The-Immortals-Alpha-build/Content/UltimateHorsePack/Demo/Mannequins_UE5/Rigs/Poses/Quinn/Quinn_lowerarm_l_pose.uexp" 1559
"C:/Users/djd10/OneDrive/Desktop/Game/The-Immortals-Alpha-build/Content/UltimateHorsePack/Demo/Mannequins_UE5/Rigs/Poses/Quinn/Quinn_lowerarm_r_pose.uasset" 1560
"C:/Users/djd10/OneDrive/Desktop/Game/The-Immortals-Alpha-build/Content/UltimateHorsePack/Demo/Mannequins_UE5/Rigs/Poses/Quinn/Quinn_lowerarm_r_pose.uexp" 1561
"C:/Users/djd10/OneDrive/Desktop/Game/The-Immortals-Alpha-build/Content/UltimateHorsePack/Demo/Mannequins_UE5/Rigs/Poses/Quinn/Quinn_thigh_l_pose.uasset" 1562
"C:/Users/djd10/OneDrive/Desktop/Game/The-Immortals-Alpha-build/Content/UltimateHorsePack/Demo/Mannequins_UE5/Rigs/Poses/Quinn/Quinn_thigh_l_pose.uexp" 1563
"C:/Users/djd10/OneDrive/Desktop/Game/The-Immortals-Alpha-build/Content/UltimateHorsePack/Demo/Mannequins_UE5/Rigs/Poses/Quinn/Quinn_thigh_r_pose.uasset" 1564
"C:/Users/djd10/OneDrive/Desktop/Game/The-Immortals-Alpha-build/Content/UltimateHorsePack/Demo/Mannequins_UE5/Rigs/Poses/Quinn/Quinn_thigh_r_pose.uexp" 1565
"C:/Users/djd10/OneDrive/Desktop/Game/The-Immortals-Alpha-build/Content/UltimateHorsePack/Demo/Mannequins_UE5/Rigs/Poses/Quinn/Quinn_upperarm_l_pose.uasset" 1566
"C:/Users/djd10/OneDrive/Desktop/Game/The-Immortals-Alpha-build/Content/UltimateHorsePack/Demo/Mannequins_UE5/Rigs/Poses/Quinn/Quinn_upperarm_l_pose.uexp" 1567
"C:/Users/djd10/OneDrive/Desktop/Game/The-Immortals-Alpha-build/Content/UltimateHorsePack/Demo/Mannequins_UE5/Rigs/Poses/Quinn/Quinn_upperarm_r_pose.uasset" 1568
"C:/Users/djd10/OneDrive/Desktop/Game/The-Immortals-Alpha-build/Content/UltimateHorsePack/Demo/Mannequins_UE5/Rigs/Poses/Quinn/Quinn_upperarm_r_pose.uexp" 1569
"C:/Users/djd10/OneDrive/Desktop/Game/The-Immortals-Alpha-build/Content/UltimateHorsePack/Demo/Mannequins_UE5/Rigs/ABP_Quinn_PostProcess.uasset" 1570
"C:/Users/djd10/OneDrive/Desktop/Game/The-Immortals-Alpha-build/Content/UltimateHorsePack/Demo/Mannequins_UE5/Rigs/ABP_Quinn_PostProcess.uexp" 1571
"C:/Users/djd10/OneDrive/Desktop/Game/The-Immortals-Alpha-build/Content/UltimateHorsePack/Demo/Mannequins_UE5/Textures/Quinn/T_Quinn_01ID_BN.ubulk" 1572
"C:/Users/djd10/OneDrive/Desktop/Game/The-Immortals-Alpha-build/Content/UltimateHorsePack/Demo/Mannequins_UE5/Textures/Quinn/T_Quinn_01ID_BN.uasset" 1573
"C:/Users/djd10/OneDrive/Desktop/Game/The-Immortals-Alpha-build/Content/UltimateHorsePack/Demo/Mannequins_UE5/Textures/Quinn/T_Quinn_01ID_BN.uexp" 1574
"C:/Users/djd10/OneDrive/Desktop/Game/The-Immortals-Alpha-build/Content/UltimateHorsePack/Demo/Mannequins_UE5/Textures/Quinn/T_Quinn_01ID_D.ubulk" 1575
"C:/Users/djd10/OneDrive/Desktop/Game/The-Immortals-Alpha-build/Content/UltimateHorsePack/Demo/Mannequins_UE5/Textures/Quinn/T_Quinn_01ID_D.uasset" 1576
"C:/Users/djd10/OneDrive/Desktop/Game/The-Immortals-Alpha-build/Content/UltimateHorsePack/Demo/Mannequins_UE5/Textures/Quinn/T_Quinn_01ID_D.uexp" 1577
"C:/Users/djd10/OneDrive/Desktop/Game/The-Immortals-Alpha-build/Content/UltimateHorsePack/Demo/Mannequins_UE5/Textures/Quinn/T_Quinn_01ID_MSR_MSK.ubulk" 1578
"C:/Users/djd10/OneDrive/Desktop/Game/The-Immortals-Alpha-build/Content/UltimateHorsePack/Demo/Mannequins_UE5/Textures/Quinn/T_Quinn_01ID_MSR_MSK.uasset" 1579
"C:/Users/djd10/OneDrive/Desktop/Game/The-Immortals-Alpha-build/Content/UltimateHorsePack/Demo/Mannequins_UE5/Textures/Quinn/T_Quinn_01ID_MSR_MSK.uexp" 1580
"C:/Users/djd10/OneDrive/Desktop/Game/The-Immortals-Alpha-build/Content/UltimateHorsePack/Demo/Mannequins_UE5/Textures/Quinn/T_Quinn_01ID_N.ubulk" 1581
"C:/Users/djd10/OneDrive/Desktop/Game/The-Immortals-Alpha-build/Content/UltimateHorsePack/Demo/Mannequins_UE5/Textures/Quinn/T_Quinn_01ID_N.uasset" 1582
"C:/Users/djd10/OneDrive/Desktop/Game/The-Immortals-Alpha-build/Content/UltimateHorsePack/Demo/Mannequins_UE5/Textures/Quinn/T_Quinn_01ID_N.uexp" 1583
"C:/Users/djd10/OneDrive/Desktop/Game/The-Immortals-Alpha-build/Content/UltimateHorsePack/Demo/Mannequins_UE5/Textures/Quinn/T_Quinn_01ID_Tan.ubulk" 1584
"C:/Users/djd10/OneDrive/Desktop/Game/The-Immortals-Alpha-build/Content/UltimateHorsePack/Demo/Mannequins_UE5/Textures/Quinn/T_Quinn_01ID_Tan.uasset" 1585
"C:/Users/djd10/OneDrive/Desktop/Game/The-Immortals-Alpha-build/Content/UltimateHorsePack/Demo/Mannequins_UE5/Textures/Quinn/T_Quinn_01ID_Tan.uexp" 1586
"C:/Users/djd10/OneDrive/Desktop/Game/The-Immortals-Alpha-build/Content/UltimateHorsePack/Demo/Mannequins_UE5/Textures/Quinn/T_Quinn_01_ASAOMASK_MSK.ubulk" 1587
"C:/Users/djd10/OneDrive/Desktop/Game/The-Immortals-Alpha-build/Content/UltimateHorsePack/Demo/Mannequins_UE5/Textures/Quinn/T_Quinn_01_ASAOMASK_MSK.uasset" 1588
"C:/Users/djd10/OneDrive/Desktop/Game/The-Immortals-Alpha-build/Content/UltimateHorsePack/Demo/Mannequins_UE5/Textures/Quinn/T_Quinn_01_ASAOMASK_MSK.uexp" 1589
"C:/Users/djd10/OneDrive/Desktop/Game/The-Immortals-Alpha-build/Content/UltimateHorsePack/Demo/Mannequins_UE5/Textures/Quinn/T_Quinn_01_CCRCCPlastic_MSK.ubulk" 1590
"C:/Users/djd10/OneDrive/Desktop/Game/The-Immortals-Alpha-build/Content/UltimateHorsePack/Demo/Mannequins_UE5/Textures/Quinn/T_Quinn_01_CCRCCPlastic_MSK.uasset" 1591
"C:/Users/djd10/OneDrive/Desktop/Game/The-Immortals-Alpha-build/Content/UltimateHorsePack/Demo/Mannequins_UE5/Textures/Quinn/T_Quinn_01_CCRCCPlastic_MSK.uexp" 1592
"C:/Users/djd10/OneDrive/Desktop/Game/The-Immortals-Alpha-build/Content/UltimateHorsePack/Demo/Mannequins_UE5/Materials/Instances/Quinn/MI_Quinn_01.uasset" 1593
"C:/Users/djd10/OneDrive/Desktop/Game/The-Immortals-Alpha-build/Content/UltimateHorsePack/Demo/Mannequins_UE5/Materials/Instances/Quinn/MI_Quinn_01.uexp" 1594
"C:/Users/djd10/OneDrive/Desktop/Game/The-Immortals-Alpha-build/Content/UltimateHorsePack/Demo/Mannequins_UE5/Textures/Quinn/T_Quinn_02ID_BN.ubulk" 1595
"C:/Users/djd10/OneDrive/Desktop/Game/The-Immortals-Alpha-build/Content/UltimateHorsePack/Demo/Mannequins_UE5/Textures/Quinn/T_Quinn_02ID_BN.uasset" 1596
"C:/Users/djd10/OneDrive/Desktop/Game/The-Immortals-Alpha-build/Content/UltimateHorsePack/Demo/Mannequins_UE5/Textures/Quinn/T_Quinn_02ID_BN.uexp" 1597
"C:/Users/djd10/OneDrive/Desktop/Game/The-Immortals-Alpha-build/Content/UltimateHorsePack/Demo/Mannequins_UE5/Textures/Quinn/T_Quinn_02ID_D.ubulk" 1598
"C:/Users/djd10/OneDrive/Desktop/Game/The-Immortals-Alpha-build/Content/UltimateHorsePack/Demo/Mannequins_UE5/Textures/Quinn/T_Quinn_02ID_D.uasset" 1599
"C:/Users/djd10/OneDrive/Desktop/Game/The-Immortals-Alpha-build/Content/UltimateHorsePack/Demo/Mannequins_UE5/Textures/Quinn/T_Quinn_02ID_D.uexp" 1600
"C:/Users/djd10/OneDrive/Desktop/Game/The-Immortals-Alpha-build/Content/UltimateHorsePack/Demo/Mannequins_UE5/Textures/Quinn/T_Quinn_02ID_MSR_MSK.ubulk" 1601
"C:/Users/djd10/OneDrive/Desktop/Game/The-Immortals-Alpha-build/Content/UltimateHorsePack/Demo/Mannequins_UE5/Textures/Quinn/T_Quinn_02ID_MSR_MSK.uasset" 1602
"C:/Users/djd10/OneDrive/Desktop/Game/The-Immortals-Alpha-build/Content/UltimateHorsePack/Demo/Mannequins_UE5/Textures/Quinn/T_Quinn_02ID_MSR_MSK.uexp" 1603
"C:/Users/djd10/OneDrive/Desktop/Game/The-Immortals-Alpha-build/Content/UltimateHorsePack/Demo/Mannequins_UE5/Textures/Quinn/T_Quinn_02ID_N.ubulk" 1604
"C:/Users/djd10/OneDrive/Desktop/Game/The-Immortals-Alpha-build/Content/UltimateHorsePack/Demo/Mannequins_UE5/Textures/Quinn/T_Quinn_02ID_N.uasset" 1605
"C:/Users/djd10/OneDrive/Desktop/Game/The-Immortals-Alpha-build/Content/UltimateHorsePack/Demo/Mannequins_UE5/Textures/Quinn/T_Quinn_02ID_N.uexp" 1606
"C:/Users/djd10/OneDrive/Desktop/Game/The-Immortals-Alpha-build/Content/UltimateHorsePack/Demo/Mannequins_UE5/Textures/Quinn/T_Quinn_02ID_Tan.ubulk" 1607
"C:/Users/djd10/OneDrive/Desktop/Game/The-Immortals-Alpha-build/Content/UltimateHorsePack/Demo/Mannequins_UE5/Textures/Quinn/T_Quinn_02ID_Tan.uasset" 1608
"C:/Users/djd10/OneDrive/Desktop/Game/The-Immortals-Alpha-build/Content/UltimateHorsePack/Demo/Mannequins_UE5/Textures/Quinn/T_Quinn_02ID_Tan.uexp" 1609
"C:/Users/djd10/OneDrive/Desktop/Game/The-Immortals-Alpha-build/Content/UltimateHorsePack/Demo/Mannequins_UE5/Textures/Quinn/T_Quinn_02_ASAOMASK_MSK.ubulk" 1610
"C:/Users/djd10/OneDrive/Desktop/Game/The-Immortals-Alpha-build/Content/UltimateHorsePack/Demo/Mannequins_UE5/Textures/Quinn/T_Quinn_02_ASAOMASK_MSK.uasset" 1611
"C:/Users/djd10/OneDrive/Desktop/Game/The-Immortals-Alpha-build/Content/UltimateHorsePack/Demo/Mannequins_UE5/Textures/Quinn/T_Quinn_02_ASAOMASK_MSK.uexp" 1612
"C:/Users/djd10/OneDrive/Desktop/Game/The-Immortals-Alpha-build/Content/UltimateHorsePack/Demo/Mannequins_UE5/Textures/Quinn/T_Quinn_02_CCRCCPlastic_MSK.ubulk" 1613
"C:/Users/djd10/OneDrive/Desktop/Game/The-Immortals-Alpha-build/Content/UltimateHorsePack/Demo/Mannequins_UE5/Textures/Quinn/T_Quinn_02_CCRCCPlastic_MSK.uasset" 1614
"C:/Users/djd10/OneDrive/Desktop/Game/The-Immortals-Alpha-build/Content/UltimateHorsePack/Demo/Mannequins_UE5/Textures/Quinn/T_Quinn_02_CCRCCPlastic_MSK.uexp" 1615
"C:/Users/djd10/OneDrive/Desktop/Game/The-Immortals-Alpha-build/Content/UltimateHorsePack/Demo/Mannequins_UE5/Materials/Instances/Quinn/MI_Quinn_02.uasset" 1616
"C:/Users/djd10/OneDrive/Desktop/Game/The-Immortals-Alpha-build/Content/UltimateHorsePack/Demo/Mannequins_UE5/Materials/Instances/Quinn/MI_Quinn_02.uexp" 1617
"C:/Users/djd10/OneDrive/Desktop/Game/The-Immortals-Alpha-build/Content/UltimateHorsePack/Demo/Mannequins_UE5/Meshes/SK_Quinn.uasset" 1618
"C:/Users/djd10/OneDrive/Desktop/Game/The-Immortals-Alpha-build/Content/UltimateHorsePack/Demo/Mannequins_UE5/Meshes/SK_Quinn.uexp" 1619
"../../../Engine/Plugins/Interchange/Runtime/Content/Pipelines/DefaultAssetsPipeline.uasset" 1620
"../../../Engine/Plugins/Interchange/Runtime/Content/Pipelines/DefaultAssetsPipeline.uexp" 1621
"../../../Engine/Plugins/Interchange/Runtime/Content/Pipelines/DefaultAudioPipeline.uasset" 1622
"../../../Engine/Plugins/Interchange/Runtime/Content/Pipelines/DefaultAudioPipeline.uexp" 1623
"../../../Engine/Plugins/Interchange/Runtime/Content/Pipelines/DefaultGLTFAssetsPipeline.uasset" 1624
"../../../Engine/Plugins/Interchange/Runtime/Content/Pipelines/DefaultGLTFAssetsPipeline.uexp" 1625
"../../../Engine/Plugins/Interchange/Runtime/Content/Pipelines/DefaultGLTFPipeline.uasset" 1626
"../../../Engine/Plugins/Interchange/Runtime/Content/Pipelines/DefaultGLTFPipeline.uexp" 1627
"../../../Engine/Plugins/Interchange/Runtime/Content/Pipelines/DefaultGLTFSceneAssetsPipeline.uasset" 1628
"../../../Engine/Plugins/Interchange/Runtime/Content/Pipelines/DefaultGLTFSceneAssetsPipeline.uexp" 1629
"../../../Engine/Plugins/Interchange/Runtime/Content/Pipelines/DefaultMaterialPipeline.uasset" 1630
"../../../Engine/Plugins/Interchange/Runtime/Content/Pipelines/DefaultMaterialPipeline.uexp" 1631
"../../../Engine/Plugins/Interchange/Runtime/Content/Pipelines/DefaultMaterialXPipeline.uasset" 1632
"../../../Engine/Plugins/Interchange/Runtime/Content/Pipelines/DefaultMaterialXPipeline.uexp" 1633
"../../../Engine/Plugins/Interchange/Runtime/Content/Pipelines/DefaultSceneAssetsPipeline.uasset" 1634
"../../../Engine/Plugins/Interchange/Runtime/Content/Pipelines/DefaultSceneAssetsPipeline.uexp" 1635
"../../../Engine/Plugins/Interchange/Runtime/Content/Pipelines/DefaultSceneLevelPipeline.uasset" 1636
"../../../Engine/Plugins/Interchange/Runtime/Content/Pipelines/DefaultSceneLevelPipeline.uexp" 1637
"../../../Engine/Plugins/Interchange/Runtime/Content/Pipelines/DefaultTexturePipeline.uasset" 1638
"../../../Engine/Plugins/Interchange/Runtime/Content/Pipelines/DefaultTexturePipeline.uexp" 1639
"../../../Engine/Plugins/Experimental/Water/Content/Materials/MPC/MPC_Water.uasset" 1640
"../../../Engine/Plugins/Experimental/Water/Content/Materials/MPC/MPC_Water.uexp" 1641
"C:/Users/djd10/OneDrive/Desktop/Game/The-Immortals-Alpha-build/Content/DemoTemplate/_Core/M_Corner.uasset" 1642
"C:/Users/djd10/OneDrive/Desktop/Game/The-Immortals-Alpha-build/Content/DemoTemplate/_Core/M_Corner.uexp" 1643
"C:/Users/djd10/OneDrive/Desktop/Game/The-Immortals-Alpha-build/Content/DemoTemplate/_Core/M_D_Direction.uasset" 1644
"C:/Users/djd10/OneDrive/Desktop/Game/The-Immortals-Alpha-build/Content/DemoTemplate/_Core/M_D_Direction.uexp" 1645
"C:/Users/djd10/OneDrive/Desktop/Game/The-Immortals-Alpha-build/Content/DemoTemplate/_Core/BP_SplinePath.uasset" 1646
"C:/Users/djd10/OneDrive/Desktop/Game/The-Immortals-Alpha-build/Content/DemoTemplate/_Core/BP_SplinePath.uexp" 1647
"C:/Users/djd10/OneDrive/Desktop/Game/The-Immortals-Alpha-build/Content/DemoTemplate/_Core/BP_SaveData.uasset" 1648
"C:/Users/djd10/OneDrive/Desktop/Game/The-Immortals-Alpha-build/Content/DemoTemplate/_Core/BP_SaveData.uexp" 1649
"C:/Users/djd10/OneDrive/Desktop/Game/The-Immortals-Alpha-build/Content/DemoTemplate/_Core/M_Gradient.uasset" 1650
"C:/Users/djd10/OneDrive/Desktop/Game/The-Immortals-Alpha-build/Content/DemoTemplate/_Core/M_Gradient.uexp" 1651
"C:/Users/djd10/OneDrive/Desktop/Game/The-Immortals-Alpha-build/Content/DemoTemplate/_Core/EditorUI/Transform.uasset" 1652
"C:/Users/djd10/OneDrive/Desktop/Game/The-Immortals-Alpha-build/Content/DemoTemplate/_Core/EditorUI/Transform.uexp" 1653
"C:/Users/djd10/OneDrive/Desktop/Game/The-Immortals-Alpha-build/Content/DemoTemplate/_Core/EditorUI/T_ContentDrawer.uasset" 1654
"C:/Users/djd10/OneDrive/Desktop/Game/The-Immortals-Alpha-build/Content/DemoTemplate/_Core/EditorUI/T_ContentDrawer.uexp" 1655
"C:/Users/djd10/OneDrive/Desktop/Game/The-Immortals-Alpha-build/Content/DemoTemplate/_Core/EditorUI/T_ContentDrawer_Asset.uasset" 1656
"C:/Users/djd10/OneDrive/Desktop/Game/The-Immortals-Alpha-build/Content/DemoTemplate/_Core/EditorUI/T_ContentDrawer_Asset.uexp" 1657
"C:/Users/djd10/OneDrive/Desktop/Game/The-Immortals-Alpha-build/Content/DemoTemplate/_Core/EditorUI/T_ContentDrawer_Tab.uasset" 1658
"C:/Users/djd10/OneDrive/Desktop/Game/The-Immortals-Alpha-build/Content/DemoTemplate/_Core/EditorUI/T_ContentDrawer_Tab.uexp" 1659
"C:/Users/djd10/OneDrive/Desktop/Game/The-Immortals-Alpha-build/Content/DemoTemplate/_Core/EditorUI/T_DetailsPanel_Coll.uasset" 1660
"C:/Users/djd10/OneDrive/Desktop/Game/The-Immortals-Alpha-build/Content/DemoTemplate/_Core/EditorUI/T_DetailsPanel_Coll.uexp" 1661
"C:/Users/djd10/OneDrive/Desktop/Game/The-Immortals-Alpha-build/Content/DemoTemplate/_Core/EditorUI/T_DetailsPanel_CollList.uasset" 1662
"C:/Users/djd10/OneDrive/Desktop/Game/The-Immortals-Alpha-build/Content/DemoTemplate/_Core/EditorUI/T_DetailsPanel_CollList.uexp" 1663
"C:/Users/djd10/OneDrive/Desktop/Game/The-Immortals-Alpha-build/Content/DemoTemplate/_Core/EditorUI/T_Outliner.uasset" 1664
"C:/Users/djd10/OneDrive/Desktop/Game/The-Immortals-Alpha-build/Content/DemoTemplate/_Core/EditorUI/T_Outliner.uexp" 1665
"C:/Users/djd10/OneDrive/Desktop/Game/The-Immortals-Alpha-build/Content/DemoTemplate/_Core/UI_InGame.uasset" 1666
"C:/Users/djd10/OneDrive/Desktop/Game/The-Immortals-Alpha-build/Content/DemoTemplate/_Core/UI_InGame.uexp" 1667
"../../../Engine/Content/EditorBlueprintResources/ActorMacros.uasset" 1668
"../../../Engine/Content/EditorBlueprintResources/ActorMacros.uexp" 1669
"C:/Users/djd10/OneDrive/Desktop/Game/The-Immortals-Alpha-build/Content/FlexibleCombatSystem/DemoFolder/UE4_Mannequin_Skeleton.uasset" 1670
"C:/Users/djd10/OneDrive/Desktop/Game/The-Immortals-Alpha-build/Content/FlexibleCombatSystem/DemoFolder/UE4_Mannequin_Skeleton.uexp" 1671
"../../../Engine/Content/Functions/MaterialLayerFunctions/MatLayerBlend_NormalBlend.uasset" 1672
"../../../Engine/Content/Functions/MaterialLayerFunctions/MatLayerBlend_NormalBlend.uexp" 1673
"../../../Engine/Content/Functions/MaterialLayerFunctions/MatLayerBlend_Simple.uasset" 1674
"../../../Engine/Content/Functions/MaterialLayerFunctions/MatLayerBlend_Simple.uexp" 1675
"C:/Users/djd10/OneDrive/Desktop/Game/The-Immortals-Alpha-build/Content/FlexibleCombatSystem/DemoFolder/Textures/T_ML_Rubber_Blue_01_D.ubulk" 1676
"C:/Users/djd10/OneDrive/Desktop/Game/The-Immortals-Alpha-build/Content/FlexibleCombatSystem/DemoFolder/Textures/T_ML_Rubber_Blue_01_D.uasset" 1677
"C:/Users/djd10/OneDrive/Desktop/Game/The-Immortals-Alpha-build/Content/FlexibleCombatSystem/DemoFolder/Textures/T_ML_Rubber_Blue_01_D.uexp" 1678
"C:/Users/djd10/OneDrive/Desktop/Game/The-Immortals-Alpha-build/Content/FlexibleCombatSystem/DemoFolder/Textures/T_ML_Rubber_Blue_01_N.ubulk" 1679
"C:/Users/djd10/OneDrive/Desktop/Game/The-Immortals-Alpha-build/Content/FlexibleCombatSystem/DemoFolder/Textures/T_ML_Rubber_Blue_01_N.uasset" 1680
"C:/Users/djd10/OneDrive/Desktop/Game/The-Immortals-Alpha-build/Content/FlexibleCombatSystem/DemoFolder/Textures/T_ML_Rubber_Blue_01_N.uexp" 1681
"C:/Users/djd10/OneDrive/Desktop/Game/The-Immortals-Alpha-build/Content/FlexibleCombatSystem/DemoFolder/MaterialFunctions/MF_GlossyBlack_Latex_UE4.uasset" 1682
"C:/Users/djd10/OneDrive/Desktop/Game/The-Immortals-Alpha-build/Content/FlexibleCombatSystem/DemoFolder/MaterialFunctions/MF_GlossyBlack_Latex_UE4.uexp" 1683
"C:/Users/djd10/OneDrive/Desktop/Game/The-Immortals-Alpha-build/Content/FlexibleCombatSystem/DemoFolder/MaterialFunctions/MF_Plastic_Shiny_Beige.uasset" 1684
"C:/Users/djd10/OneDrive/Desktop/Game/The-Immortals-Alpha-build/Content/FlexibleCombatSystem/DemoFolder/MaterialFunctions/MF_Plastic_Shiny_Beige.uexp" 1685
"C:/Users/djd10/OneDrive/Desktop/Game/The-Immortals-Alpha-build/Content/FlexibleCombatSystem/DemoFolder/Textures/T_UE4_LOGO_CARD.ubulk" 1686
"C:/Users/djd10/OneDrive/Desktop/Game/The-Immortals-Alpha-build/Content/FlexibleCombatSystem/DemoFolder/Textures/T_UE4_LOGO_CARD.uasset" 1687
"C:/Users/djd10/OneDrive/Desktop/Game/The-Immortals-Alpha-build/Content/FlexibleCombatSystem/DemoFolder/Textures/T_UE4_LOGO_CARD.uexp" 1688
"C:/Users/djd10/OneDrive/Desktop/Game/The-Immortals-Alpha-build/Content/FlexibleCombatSystem/DemoFolder/MaterialFunctions/MF_Plastic_Shiny_Beige_LOGO.uasset" 1689
"C:/Users/djd10/OneDrive/Desktop/Game/The-Immortals-Alpha-build/Content/FlexibleCombatSystem/DemoFolder/MaterialFunctions/MF_Plastic_Shiny_Beige_LOGO.uexp" 1690
"C:/Users/djd10/OneDrive/Desktop/Game/The-Immortals-Alpha-build/Content/FlexibleCombatSystem/DemoFolder/Textures/T_ML_Aluminum.ubulk" 1691
"C:/Users/djd10/OneDrive/Desktop/Game/The-Immortals-Alpha-build/Content/FlexibleCombatSystem/DemoFolder/Textures/T_ML_Aluminum.uasset" 1692
"C:/Users/djd10/OneDrive/Desktop/Game/The-Immortals-Alpha-build/Content/FlexibleCombatSystem/DemoFolder/Textures/T_ML_Aluminum.uexp" 1693
"C:/Users/djd10/OneDrive/Desktop/Game/The-Immortals-Alpha-build/Content/FlexibleCombatSystem/DemoFolder/Textures/T_ML_AluminumN.ubulk" 1694
"C:/Users/djd10/OneDrive/Desktop/Game/The-Immortals-Alpha-build/Content/FlexibleCombatSystem/DemoFolder/Textures/T_ML_AluminumN.uasset" 1695
"C:/Users/djd10/OneDrive/Desktop/Game/The-Immortals-Alpha-build/Content/FlexibleCombatSystem/DemoFolder/Textures/T_ML_AluminumN.uexp" 1696
"C:/Users/djd10/OneDrive/Desktop/Game/The-Immortals-Alpha-build/Content/FlexibleCombatSystem/DemoFolder/MaterialFunctions/MF_SoftMetal_UE4.uasset" 1697
"C:/Users/djd10/OneDrive/Desktop/Game/The-Immortals-Alpha-build/Content/FlexibleCombatSystem/DemoFolder/MaterialFunctions/MF_SoftMetal_UE4.uexp" 1698
"C:/Users/djd10/OneDrive/Desktop/Game/The-Immortals-Alpha-build/Content/FlexibleCombatSystem/DemoFolder/Textures/T_UE4_Mannequin_MAT_MASKA.ubulk" 1699
"C:/Users/djd10/OneDrive/Desktop/Game/The-Immortals-Alpha-build/Content/FlexibleCombatSystem/DemoFolder/Textures/T_UE4_Mannequin_MAT_MASKA.uasset" 1700
"C:/Users/djd10/OneDrive/Desktop/Game/The-Immortals-Alpha-build/Content/FlexibleCombatSystem/DemoFolder/Textures/T_UE4_Mannequin_MAT_MASKA.uexp" 1701
"C:/Users/djd10/OneDrive/Desktop/Game/The-Immortals-Alpha-build/Content/FlexibleCombatSystem/DemoFolder/Textures/T_UE4_Mannequin__normals.ubulk" 1702
"C:/Users/djd10/OneDrive/Desktop/Game/The-Immortals-Alpha-build/Content/FlexibleCombatSystem/DemoFolder/Textures/T_UE4_Mannequin__normals.uasset" 1703
"C:/Users/djd10/OneDrive/Desktop/Game/The-Immortals-Alpha-build/Content/FlexibleCombatSystem/DemoFolder/Textures/T_UE4_Mannequin__normals.uexp" 1704
"C:/Users/djd10/OneDrive/Desktop/Game/The-Immortals-Alpha-build/Content/FlexibleCombatSystem/DemoFolder/Materials/M_UE4Man_Body.uasset" 1705
"C:/Users/djd10/OneDrive/Desktop/Game/The-Immortals-Alpha-build/Content/FlexibleCombatSystem/DemoFolder/Materials/M_UE4Man_Body.uexp" 1706
"C:/Users/djd10/OneDrive/Desktop/Game/The-Immortals-Alpha-build/Content/FlexibleCombatSystem/Meshes/Armor_UE5/WarriorSet/PA_WarriorArmorFull.uasset" 1707
"C:/Users/djd10/OneDrive/Desktop/Game/The-Immortals-Alpha-build/Content/FlexibleCombatSystem/Meshes/Armor_UE5/WarriorSet/PA_WarriorArmorFull.uexp" 1708
"C:/Users/djd10/OneDrive/Desktop/Game/The-Immortals-Alpha-build/Content/FlexibleCombatSystem/Meshes/Textures/WarriorTextures/T_Wukong_Hair_ID.ubulk" 1709
"C:/Users/djd10/OneDrive/Desktop/Game/The-Immortals-Alpha-build/Content/FlexibleCombatSystem/Meshes/Textures/WarriorTextures/T_Wukong_Hair_ID.uasset" 1710
"C:/Users/djd10/OneDrive/Desktop/Game/The-Immortals-Alpha-build/Content/FlexibleCombatSystem/Meshes/Textures/WarriorTextures/T_Wukong_Hair_ID.uexp" 1711
"C:/Users/djd10/OneDrive/Desktop/Game/The-Immortals-Alpha-build/Content/FlexibleCombatSystem/Meshes/Textures/WarriorTextures/T_Wukong_Hair_Root.ubulk" 1712
"C:/Users/djd10/OneDrive/Desktop/Game/The-Immortals-Alpha-build/Content/FlexibleCombatSystem/Meshes/Textures/WarriorTextures/T_Wukong_Hair_Root.uasset" 1713
"C:/Users/djd10/OneDrive/Desktop/Game/The-Immortals-Alpha-build/Content/FlexibleCombatSystem/Meshes/Textures/WarriorTextures/T_Wukong_Hair_Root.uexp" 1714
"../../../Engine/Content/Functions/Engine_MaterialFunctions02/HueShift.uasset" 1715
"../../../Engine/Content/Functions/Engine_MaterialFunctions02/HueShift.uexp" 1716
"../../../Engine/Content/Functions/Engine_MaterialFunctions02/Utility/DitherTemporalAA.uasset" 1717
"../../../Engine/Content/Functions/Engine_MaterialFunctions02/Utility/DitherTemporalAA.uexp" 1718
"../../../Engine/Content/EngineMaterials/DefaultNormal.ubulk" 1719
"../../../Engine/Content/EngineMaterials/DefaultNormal.uasset" 1720
"../../../Engine/Content/EngineMaterials/DefaultNormal.uexp" 1721
"../../../Engine/Content/EngineResources/Black.uasset" 1722
"../../../Engine/Content/EngineResources/Black.uexp" 1723
"../../../Engine/Content/EditorMaterials/Cascade/CASC_Solo_On.uasset" 1724
"../../../Engine/Content/EditorMaterials/Cascade/CASC_Solo_On.uexp" 1725
"../../../Engine/Content/Functions/Engine_MaterialFunctions01/Texturing/WorldAlignedTexture.uasset" 1726
"../../../Engine/Content/Functions/Engine_MaterialFunctions01/Texturing/WorldAlignedTexture.uexp" 1727
"../../../Engine/Content/Functions/MaterialLayerFunctions/MatLayerBlend_OverrideBaseColor.uasset" 1728
"../../../Engine/Content/Functions/MaterialLayerFunctions/MatLayerBlend_OverrideBaseColor.uexp" 1729
"../../../Engine/Content/Functions/MaterialLayerFunctions/MatLayerBlend_BreakBaseColor.uasset" 1730
"../../../Engine/Content/Functions/MaterialLayerFunctions/MatLayerBlend_BreakBaseColor.uexp" 1731
"../../../Engine/Content/Functions/MaterialLayerFunctions/MatLayerBlend_Emissive.uasset" 1732
"../../../Engine/Content/Functions/MaterialLayerFunctions/MatLayerBlend_Emissive.uexp" 1733
"../../../Engine/Content/Functions/MaterialLayerFunctions/MatLayerBlend_Standard.uasset" 1734
"../../../Engine/Content/Functions/MaterialLayerFunctions/MatLayerBlend_Standard.uexp" 1735
"../../../Engine/Content/Functions/MaterialLayerFunctions/MatLayerBlend_Tint.uasset" 1736
"../../../Engine/Content/Functions/MaterialLayerFunctions/MatLayerBlend_Tint.uexp" 1737
"../../../Engine/Content/Functions/Engine_MaterialFunctions01/Shading/MetallicShading.uasset" 1738
"../../../Engine/Content/Functions/Engine_MaterialFunctions01/Shading/MetallicShading.uexp" 1739
"../../../Engine/Content/Functions/Engine_MaterialFunctions02/Math/MultiplyAdd.uasset" 1740
"../../../Engine/Content/Functions/Engine_MaterialFunctions02/Math/MultiplyAdd.uexp" 1741
"../../../Engine/Content/Functions/Engine_MaterialFunctions03/Blends/Lerp_ScratchGrime.uasset" 1742
"../../../Engine/Content/Functions/Engine_MaterialFunctions03/Blends/Lerp_ScratchGrime.uexp" 1743
"C:/Users/djd10/OneDrive/Desktop/Game/The-Immortals-Alpha-build/Content/FlexibleCombatSystem/Meshes/Materials/MF/MF_BlendHairColorsWithParam.uasset" 1744
"C:/Users/djd10/OneDrive/Desktop/Game/The-Immortals-Alpha-build/Content/FlexibleCombatSystem/Meshes/Materials/MF/MF_BlendHairColorsWithParam.uexp" 1745
"C:/Users/djd10/OneDrive/Desktop/Game/The-Immortals-Alpha-build/Content/FlexibleCombatSystem/Meshes/Materials/MF/MF_BrightnessAdjust.uasset" 1746
"C:/Users/djd10/OneDrive/Desktop/Game/The-Immortals-Alpha-build/Content/FlexibleCombatSystem/Meshes/Materials/MF/MF_BrightnessAdjust.uexp" 1747
"C:/Users/djd10/OneDrive/Desktop/Game/The-Immortals-Alpha-build/Content/FlexibleCombatSystem/Meshes/Textures/WarriorTextures/T_AtmosphericCloudNoise01.ubulk" 1748
"C:/Users/djd10/OneDrive/Desktop/Game/The-Immortals-Alpha-build/Content/FlexibleCombatSystem/Meshes/Textures/WarriorTextures/T_AtmosphericCloudNoise01.uasset" 1749
"C:/Users/djd10/OneDrive/Desktop/Game/The-Immortals-Alpha-build/Content/FlexibleCombatSystem/Meshes/Textures/WarriorTextures/T_AtmosphericCloudNoise01.uexp" 1750
"C:/Users/djd10/OneDrive/Desktop/Game/The-Immortals-Alpha-build/Content/FlexibleCombatSystem/Meshes/Textures/WarriorTextures/T_AtmosphericCloudNoise01_N.ubulk" 1751
"C:/Users/djd10/OneDrive/Desktop/Game/The-Immortals-Alpha-build/Content/FlexibleCombatSystem/Meshes/Textures/WarriorTextures/T_AtmosphericCloudNoise01_N.uasset" 1752
"C:/Users/djd10/OneDrive/Desktop/Game/The-Immortals-Alpha-build/Content/FlexibleCombatSystem/Meshes/Textures/WarriorTextures/T_AtmosphericCloudNoise01_N.uexp" 1753
"C:/Users/djd10/OneDrive/Desktop/Game/The-Immortals-Alpha-build/Content/FlexibleCombatSystem/Meshes/Textures/WarriorTextures/T_AtmosphericCloudNoise03.ubulk" 1754
"C:/Users/djd10/OneDrive/Desktop/Game/The-Immortals-Alpha-build/Content/FlexibleCombatSystem/Meshes/Textures/WarriorTextures/T_AtmosphericCloudNoise03.uasset" 1755
"C:/Users/djd10/OneDrive/Desktop/Game/The-Immortals-Alpha-build/Content/FlexibleCombatSystem/Meshes/Textures/WarriorTextures/T_AtmosphericCloudNoise03.uexp" 1756
"C:/Users/djd10/OneDrive/Desktop/Game/The-Immortals-Alpha-build/Content/FlexibleCombatSystem/Meshes/Materials/MF/MF_DeathFade.uasset" 1757
"C:/Users/djd10/OneDrive/Desktop/Game/The-Immortals-Alpha-build/Content/FlexibleCombatSystem/Meshes/Materials/MF/MF_DeathFade.uexp" 1758
"C:/Users/djd10/OneDrive/Desktop/Game/The-Immortals-Alpha-build/Content/FlexibleCombatSystem/Meshes/Textures/WarriorTextures/T_TestML_Mask.ubulk" 1759
"C:/Users/djd10/OneDrive/Desktop/Game/The-Immortals-Alpha-build/Content/FlexibleCombatSystem/Meshes/Textures/WarriorTextures/T_TestML_Mask.uasset" 1760
"C:/Users/djd10/OneDrive/Desktop/Game/The-Immortals-Alpha-build/Content/FlexibleCombatSystem/Meshes/Textures/WarriorTextures/T_TestML_Mask.uexp" 1761
"C:/Users/djd10/OneDrive/Desktop/Game/The-Immortals-Alpha-build/Content/FlexibleCombatSystem/Meshes/Materials/MF/ML__Blank.uasset" 1762
"C:/Users/djd10/OneDrive/Desktop/Game/The-Immortals-Alpha-build/Content/FlexibleCombatSystem/Meshes/Materials/MF/ML__Blank.uexp" 1763
"C:/Users/djd10/OneDrive/Desktop/Game/The-Immortals-Alpha-build/Content/FlexibleCombatSystem/Meshes/Materials/MF/OrionGlobalGameplayCollection.uasset" 1764
"C:/Users/djd10/OneDrive/Desktop/Game/The-Immortals-Alpha-build/Content/FlexibleCombatSystem/Meshes/Materials/MF/OrionGlobalGameplayCollection.uexp" 1765
"C:/Users/djd10/OneDrive/Desktop/Game/The-Immortals-Alpha-build/Content/FlexibleCombatSystem/Meshes/Materials/MF/MF_HitFlash.uasset" 1766
"C:/Users/djd10/OneDrive/Desktop/Game/The-Immortals-Alpha-build/Content/FlexibleCombatSystem/Meshes/Materials/MF/MF_HitFlash.uexp" 1767
"C:/Users/djd10/OneDrive/Desktop/Game/The-Immortals-Alpha-build/Content/FlexibleCombatSystem/Meshes/Materials/MF/MLC_ScratchAndGrime.uasset" 1768
"C:/Users/djd10/OneDrive/Desktop/Game/The-Immortals-Alpha-build/Content/FlexibleCombatSystem/Meshes/Materials/MF/MLC_ScratchAndGrime.uexp" 1769
"C:/Users/djd10/OneDrive/Desktop/Game/The-Immortals-Alpha-build/Content/FlexibleCombatSystem/Meshes/Materials/MF/MLC_Standard.uasset" 1770
"C:/Users/djd10/OneDrive/Desktop/Game/The-Immortals-Alpha-build/Content/FlexibleCombatSystem/Meshes/Materials/MF/MLC_Standard.uexp" 1771
"C:/Users/djd10/OneDrive/Desktop/Game/The-Immortals-Alpha-build/Content/FlexibleCombatSystem/Meshes/Textures/WarriorTextures/T_Blank_N.uasset" 1772
"C:/Users/djd10/OneDrive/Desktop/Game/The-Immortals-Alpha-build/Content/FlexibleCombatSystem/Meshes/Textures/WarriorTextures/T_Blank_N.uexp" 1773
"C:/Users/djd10/OneDrive/Desktop/Game/The-Immortals-Alpha-build/Content/FlexibleCombatSystem/Meshes/Textures/WarriorTextures/T_Blue_Metal02.ubulk" 1774
"C:/Users/djd10/OneDrive/Desktop/Game/The-Immortals-Alpha-build/Content/FlexibleCombatSystem/Meshes/Textures/WarriorTextures/T_Blue_Metal02.uasset" 1775
"C:/Users/djd10/OneDrive/Desktop/Game/The-Immortals-Alpha-build/Content/FlexibleCombatSystem/Meshes/Textures/WarriorTextures/T_Blue_Metal02.uexp" 1776
"C:/Users/djd10/OneDrive/Desktop/Game/The-Immortals-Alpha-build/Content/FlexibleCombatSystem/Meshes/Materials/MF/ML_blue_Metal.uasset" 1777
"C:/Users/djd10/OneDrive/Desktop/Game/The-Immortals-Alpha-build/Content/FlexibleCombatSystem/Meshes/Materials/MF/ML_blue_Metal.uexp" 1778
"C:/Users/djd10/OneDrive/Desktop/Game/The-Immortals-Alpha-build/Content/FlexibleCombatSystem/Meshes/Materials/MF/MF_OrionRimlight.uasset" 1779
"C:/Users/djd10/OneDrive/Desktop/Game/The-Immortals-Alpha-build/Content/FlexibleCombatSystem/Meshes/Materials/MF/MF_OrionRimlight.uexp" 1780
"C:/Users/djd10/OneDrive/Desktop/Game/The-Immortals-Alpha-build/Content/FlexibleCombatSystem/Meshes/Materials/MF/MF_CharacterEffects.uasset" 1781
"C:/Users/djd10/OneDrive/Desktop/Game/The-Immortals-Alpha-build/Content/FlexibleCombatSystem/Meshes/Materials/MF/MF_CharacterEffects.uexp" 1782
"C:/Users/djd10/OneDrive/Desktop/Game/The-Immortals-Alpha-build/Content/FlexibleCombatSystem/Meshes/Materials/MF/MF_ParagonCharacterHairWind.uasset" 1783
"C:/Users/djd10/OneDrive/Desktop/Game/The-Immortals-Alpha-build/Content/FlexibleCombatSystem/Meshes/Materials/MF/MF_ParagonCharacterHairWind.uexp" 1784
"C:/Users/djd10/OneDrive/Desktop/Game/The-Immortals-Alpha-build/Content/FlexibleCombatSystem/Meshes/Textures/WarriorTextures/T_Black_Linear.uasset" 1785
"C:/Users/djd10/OneDrive/Desktop/Game/The-Immortals-Alpha-build/Content/FlexibleCombatSystem/Meshes/Textures/WarriorTextures/T_Black_Linear.uexp" 1786
"C:/Users/djd10/OneDrive/Desktop/Game/The-Immortals-Alpha-build/Content/FlexibleCombatSystem/Meshes/Textures/WarriorTextures/T_Caustics_2.ubulk" 1787
"C:/Users/djd10/OneDrive/Desktop/Game/The-Immortals-Alpha-build/Content/FlexibleCombatSystem/Meshes/Textures/WarriorTextures/T_Caustics_2.uasset" 1788
"C:/Users/djd10/OneDrive/Desktop/Game/The-Immortals-Alpha-build/Content/FlexibleCombatSystem/Meshes/Textures/WarriorTextures/T_Caustics_2.uexp" 1789
"C:/Users/djd10/OneDrive/Desktop/Game/The-Immortals-Alpha-build/Content/FlexibleCombatSystem/Meshes/Textures/WarriorTextures/T_Fire_Tiled_D.ubulk" 1790
"C:/Users/djd10/OneDrive/Desktop/Game/The-Immortals-Alpha-build/Content/FlexibleCombatSystem/Meshes/Textures/WarriorTextures/T_Fire_Tiled_D.uasset" 1791
"C:/Users/djd10/OneDrive/Desktop/Game/The-Immortals-Alpha-build/Content/FlexibleCombatSystem/Meshes/Textures/WarriorTextures/T_Fire_Tiled_D.uexp" 1792
"C:/Users/djd10/OneDrive/Desktop/Game/The-Immortals-Alpha-build/Content/FlexibleCombatSystem/Meshes/Textures/WarriorTextures/T_gradient_stasis.ubulk" 1793
"C:/Users/djd10/OneDrive/Desktop/Game/The-Immortals-Alpha-build/Content/FlexibleCombatSystem/Meshes/Textures/WarriorTextures/T_gradient_stasis.uasset" 1794
"C:/Users/djd10/OneDrive/Desktop/Game/The-Immortals-Alpha-build/Content/FlexibleCombatSystem/Meshes/Textures/WarriorTextures/T_gradient_stasis.uexp" 1795
"C:/Users/djd10/OneDrive/Desktop/Game/The-Immortals-Alpha-build/Content/FlexibleCombatSystem/Meshes/Textures/WarriorTextures/T_HairClump02_Alpha.ubulk" 1796
"C:/Users/djd10/OneDrive/Desktop/Game/The-Immortals-Alpha-build/Content/FlexibleCombatSystem/Meshes/Textures/WarriorTextures/T_HairClump02_Alpha.uasset" 1797
"C:/Users/djd10/OneDrive/Desktop/Game/The-Immortals-Alpha-build/Content/FlexibleCombatSystem/Meshes/Textures/WarriorTextures/T_HairClump02_Alpha.uexp" 1798
"C:/Users/djd10/OneDrive/Desktop/Game/The-Immortals-Alpha-build/Content/FlexibleCombatSystem/Meshes/Textures/WarriorTextures/T_HairClump02_Depth.ubulk" 1799
"C:/Users/djd10/OneDrive/Desktop/Game/The-Immortals-Alpha-build/Content/FlexibleCombatSystem/Meshes/Textures/WarriorTextures/T_HairClump02_Depth.uasset" 1800
"C:/Users/djd10/OneDrive/Desktop/Game/The-Immortals-Alpha-build/Content/FlexibleCombatSystem/Meshes/Textures/WarriorTextures/T_HairClump02_Depth.uexp" 1801
"C:/Users/djd10/OneDrive/Desktop/Game/The-Immortals-Alpha-build/Content/FlexibleCombatSystem/Meshes/Textures/WarriorTextures/T_HairClump02_DyeMask.ubulk" 1802
"C:/Users/djd10/OneDrive/Desktop/Game/The-Immortals-Alpha-build/Content/FlexibleCombatSystem/Meshes/Textures/WarriorTextures/T_HairClump02_DyeMask.uasset" 1803
"C:/Users/djd10/OneDrive/Desktop/Game/The-Immortals-Alpha-build/Content/FlexibleCombatSystem/Meshes/Textures/WarriorTextures/T_HairClump02_DyeMask.uexp" 1804
"C:/Users/djd10/OneDrive/Desktop/Game/The-Immortals-Alpha-build/Content/FlexibleCombatSystem/Meshes/Textures/WarriorTextures/T_HairClump02_ID.ubulk" 1805
"C:/Users/djd10/OneDrive/Desktop/Game/The-Immortals-Alpha-build/Content/FlexibleCombatSystem/Meshes/Textures/WarriorTextures/T_HairClump02_ID.uasset" 1806
"C:/Users/djd10/OneDrive/Desktop/Game/The-Immortals-Alpha-build/Content/FlexibleCombatSystem/Meshes/Textures/WarriorTextures/T_HairClump02_ID.uexp" 1807
"C:/Users/djd10/OneDrive/Desktop/Game/The-Immortals-Alpha-build/Content/FlexibleCombatSystem/Meshes/Textures/WarriorTextures/T_HairClump02_Roots.ubulk" 1808
"C:/Users/djd10/OneDrive/Desktop/Game/The-Immortals-Alpha-build/Content/FlexibleCombatSystem/Meshes/Textures/WarriorTextures/T_HairClump02_Roots.uasset" 1809
"C:/Users/djd10/OneDrive/Desktop/Game/The-Immortals-Alpha-build/Content/FlexibleCombatSystem/Meshes/Textures/WarriorTextures/T_HairClump02_Roots.uexp" 1810
"C:/Users/djd10/OneDrive/Desktop/Game/The-Immortals-Alpha-build/Content/FlexibleCombatSystem/Meshes/Materials/WarriorMaterials/M_WarriorHairSheet_Master2.uasset" 1811
"C:/Users/djd10/OneDrive/Desktop/Game/The-Immortals-Alpha-build/Content/FlexibleCombatSystem/Meshes/Materials/WarriorMaterials/M_WarriorHairSheet_Master2.uexp" 1812
"C:/Users/djd10/OneDrive/Desktop/Game/The-Immortals-Alpha-build/Content/FlexibleCombatSystem/Meshes/Textures/WarriorTextures/T_Substance_Wukong_2ndHairUVs_M13_Hair_skin13_Wind.ubulk" 1813
"C:/Users/djd10/OneDrive/Desktop/Game/The-Immortals-Alpha-build/Content/FlexibleCombatSystem/Meshes/Textures/WarriorTextures/T_Substance_Wukong_2ndHairUVs_M13_Hair_skin13_Wind.uasset" 1814
"C:/Users/djd10/OneDrive/Desktop/Game/The-Immortals-Alpha-build/Content/FlexibleCombatSystem/Meshes/Textures/WarriorTextures/T_Substance_Wukong_2ndHairUVs_M13_Hair_skin13_Wind.uexp" 1815
"C:/Users/djd10/OneDrive/Desktop/Game/The-Immortals-Alpha-build/Content/FlexibleCombatSystem/Meshes/Textures/WarriorTextures/T_WukongHair_Flow.uasset" 1816
"C:/Users/djd10/OneDrive/Desktop/Game/The-Immortals-Alpha-build/Content/FlexibleCombatSystem/Meshes/Textures/WarriorTextures/T_WukongHair_Flow.uexp" 1817
"C:/Users/djd10/OneDrive/Desktop/Game/The-Immortals-Alpha-build/Content/FlexibleCombatSystem/Meshes/Textures/WarriorTextures/T_Wukong_Hair_Depth.ubulk" 1818
"C:/Users/djd10/OneDrive/Desktop/Game/The-Immortals-Alpha-build/Content/FlexibleCombatSystem/Meshes/Textures/WarriorTextures/T_Wukong_Hair_Depth.uasset" 1819
"C:/Users/djd10/OneDrive/Desktop/Game/The-Immortals-Alpha-build/Content/FlexibleCombatSystem/Meshes/Textures/WarriorTextures/T_Wukong_Hair_Depth.uexp" 1820
"C:/Users/djd10/OneDrive/Desktop/Game/The-Immortals-Alpha-build/Content/FlexibleCombatSystem/Meshes/Textures/WarriorTextures/T_Wukong_Hair_Diffuse.ubulk" 1821
"C:/Users/djd10/OneDrive/Desktop/Game/The-Immortals-Alpha-build/Content/FlexibleCombatSystem/Meshes/Textures/WarriorTextures/T_Wukong_Hair_Diffuse.uasset" 1822
"C:/Users/djd10/OneDrive/Desktop/Game/The-Immortals-Alpha-build/Content/FlexibleCombatSystem/Meshes/Textures/WarriorTextures/T_Wukong_Hair_Diffuse.uexp" 1823
"C:/Users/djd10/OneDrive/Desktop/Game/The-Immortals-Alpha-build/Content/FlexibleCombatSystem/Meshes/Textures/WarriorTextures/T_Wukong_Hair_Opacity.ubulk" 1824
"C:/Users/djd10/OneDrive/Desktop/Game/The-Immortals-Alpha-build/Content/FlexibleCombatSystem/Meshes/Textures/WarriorTextures/T_Wukong_Hair_Opacity.uasset" 1825
"C:/Users/djd10/OneDrive/Desktop/Game/The-Immortals-Alpha-build/Content/FlexibleCombatSystem/Meshes/Textures/WarriorTextures/T_Wukong_Hair_Opacity.uexp" 1826
"C:/Users/djd10/OneDrive/Desktop/Game/The-Immortals-Alpha-build/Content/FlexibleCombatSystem/Meshes/Materials/WarriorMaterials/M_WarriorFurHair.uasset" 1827
"C:/Users/djd10/OneDrive/Desktop/Game/The-Immortals-Alpha-build/Content/FlexibleCombatSystem/Meshes/Materials/WarriorMaterials/M_WarriorFurHair.uexp" 1828
"C:/Users/djd10/OneDrive/Desktop/Game/The-Immortals-Alpha-build/Content/FlexibleCombatSystem/Meshes/Textures/WarriorTextures/T_Fur_AO.ubulk" 1829
"C:/Users/djd10/OneDrive/Desktop/Game/The-Immortals-Alpha-build/Content/FlexibleCombatSystem/Meshes/Textures/WarriorTextures/T_Fur_AO.uasset" 1830
"C:/Users/djd10/OneDrive/Desktop/Game/The-Immortals-Alpha-build/Content/FlexibleCombatSystem/Meshes/Textures/WarriorTextures/T_Fur_AO.uexp" 1831
"C:/Users/djd10/OneDrive/Desktop/Game/The-Immortals-Alpha-build/Content/FlexibleCombatSystem/Meshes/Textures/WarriorTextures/T_Fur_Diffuse.ubulk" 1832
"C:/Users/djd10/OneDrive/Desktop/Game/The-Immortals-Alpha-build/Content/FlexibleCombatSystem/Meshes/Textures/WarriorTextures/T_Fur_Diffuse.uasset" 1833
"C:/Users/djd10/OneDrive/Desktop/Game/The-Immortals-Alpha-build/Content/FlexibleCombatSystem/Meshes/Textures/WarriorTextures/T_Fur_Diffuse.uexp" 1834
"C:/Users/djd10/OneDrive/Desktop/Game/The-Immortals-Alpha-build/Content/FlexibleCombatSystem/Meshes/Textures/WarriorTextures/T_Fur_Flow.ubulk" 1835
"C:/Users/djd10/OneDrive/Desktop/Game/The-Immortals-Alpha-build/Content/FlexibleCombatSystem/Meshes/Textures/WarriorTextures/T_Fur_Flow.uasset" 1836
"C:/Users/djd10/OneDrive/Desktop/Game/The-Immortals-Alpha-build/Content/FlexibleCombatSystem/Meshes/Textures/WarriorTextures/T_Fur_Flow.uexp" 1837
"C:/Users/djd10/OneDrive/Desktop/Game/The-Immortals-Alpha-build/Content/FlexibleCombatSystem/Meshes/Textures/WarriorTextures/T_Fur_Mask.ubulk" 1838
"C:/Users/djd10/OneDrive/Desktop/Game/The-Immortals-Alpha-build/Content/FlexibleCombatSystem/Meshes/Textures/WarriorTextures/T_Fur_Mask.uasset" 1839
"C:/Users/djd10/OneDrive/Desktop/Game/The-Immortals-Alpha-build/Content/FlexibleCombatSystem/Meshes/Textures/WarriorTextures/T_Fur_Mask.uexp" 1840
"C:/Users/djd10/OneDrive/Desktop/Game/The-Immortals-Alpha-build/Content/FlexibleCombatSystem/Meshes/Materials/WarriorMaterials/MI_Warrior_Fur_Cards.uasset" 1841
"C:/Users/djd10/OneDrive/Desktop/Game/The-Immortals-Alpha-build/Content/FlexibleCombatSystem/Meshes/Materials/WarriorMaterials/MI_Warrior_Fur_Cards.uexp" 1842
"C:/Users/djd10/OneDrive/Desktop/Game/The-Immortals-Alpha-build/Content/FlexibleCombatSystem/Meshes/Textures/WarriorTextures/T_Melee_Warrior_Armor_Bottom_BaseColor.uexp" 1843
"C:/Users/djd10/OneDrive/Desktop/Game/The-Immortals-Alpha-build/Content/FlexibleCombatSystem/Meshes/Textures/WarriorTextures/T_Melee_Warrior_Armor_Bottom_BaseColor.ubulk" 1844
"C:/Users/djd10/OneDrive/Desktop/Game/The-Immortals-Alpha-build/Content/FlexibleCombatSystem/Meshes/Textures/WarriorTextures/T_Melee_Warrior_Armor_Bottom_BaseColor.uasset" 1845
"C:/Users/djd10/OneDrive/Desktop/Game/The-Immortals-Alpha-build/Content/FlexibleCombatSystem/Meshes/Textures/WarriorTextures/T_Melee_Warrior_Armor_Bottom_BaseColor.uptnl" 1846
"C:/Users/djd10/OneDrive/Desktop/Game/The-Immortals-Alpha-build/Content/FlexibleCombatSystem/Meshes/Textures/WarriorTextures/T_Melee_Warrior_Armor_Bottom_Normal.uexp" 1847
"C:/Users/djd10/OneDrive/Desktop/Game/The-Immortals-Alpha-build/Content/FlexibleCombatSystem/Meshes/Textures/WarriorTextures/T_Melee_Warrior_Armor_Bottom_Normal.ubulk" 1848
"C:/Users/djd10/OneDrive/Desktop/Game/The-Immortals-Alpha-build/Content/FlexibleCombatSystem/Meshes/Textures/WarriorTextures/T_Melee_Warrior_Armor_Bottom_Normal.uasset" 1849
"C:/Users/djd10/OneDrive/Desktop/Game/The-Immortals-Alpha-build/Content/FlexibleCombatSystem/Meshes/Textures/WarriorTextures/T_Melee_Warrior_Armor_Bottom_Normal.uptnl" 1850
"C:/Users/djd10/OneDrive/Desktop/Game/The-Immortals-Alpha-build/Content/FlexibleCombatSystem/Meshes/Textures/WarriorTextures/T_Warrior_Armor_BottomOcclusionRoughnessMetallic.uexp" 1851
"C:/Users/djd10/OneDrive/Desktop/Game/The-Immortals-Alpha-build/Content/FlexibleCombatSystem/Meshes/Textures/WarriorTextures/T_Warrior_Armor_BottomOcclusionRoughnessMetallic.ubulk" 1852
"C:/Users/djd10/OneDrive/Desktop/Game/The-Immortals-Alpha-build/Content/FlexibleCombatSystem/Meshes/Textures/WarriorTextures/T_Warrior_Armor_BottomOcclusionRoughnessMetallic.uasset" 1853
"C:/Users/djd10/OneDrive/Desktop/Game/The-Immortals-Alpha-build/Content/FlexibleCombatSystem/Meshes/Textures/WarriorTextures/T_Warrior_Armor_BottomOcclusionRoughnessMetallic.uptnl" 1854
"C:/Users/djd10/OneDrive/Desktop/Game/The-Immortals-Alpha-build/Content/FlexibleCombatSystem/Meshes/Materials/WarriorMaterials/M_WarriorArmor_Bottom.uasset" 1855
"C:/Users/djd10/OneDrive/Desktop/Game/The-Immortals-Alpha-build/Content/FlexibleCombatSystem/Meshes/Materials/WarriorMaterials/M_WarriorArmor_Bottom.uexp" 1856
"C:/Users/djd10/OneDrive/Desktop/Game/The-Immortals-Alpha-build/Content/FlexibleCombatSystem/Meshes/Textures/WarriorTextures/T_Armor_Top_Normal.uexp" 1857
"C:/Users/djd10/OneDrive/Desktop/Game/The-Immortals-Alpha-build/Content/FlexibleCombatSystem/Meshes/Textures/WarriorTextures/T_Armor_Top_Normal.ubulk" 1858
"C:/Users/djd10/OneDrive/Desktop/Game/The-Immortals-Alpha-build/Content/FlexibleCombatSystem/Meshes/Textures/WarriorTextures/T_Armor_Top_Normal.uasset" 1859
"C:/Users/djd10/OneDrive/Desktop/Game/The-Immortals-Alpha-build/Content/FlexibleCombatSystem/Meshes/Textures/WarriorTextures/T_Armor_Top_Normal.uptnl" 1860
"C:/Users/djd10/OneDrive/Desktop/Game/The-Immortals-Alpha-build/Content/FlexibleCombatSystem/Meshes/Textures/WarriorTextures/T_Warrior_Armor_Top_BaseColor.uexp" 1861
"C:/Users/djd10/OneDrive/Desktop/Game/The-Immortals-Alpha-build/Content/FlexibleCombatSystem/Meshes/Textures/WarriorTextures/T_Warrior_Armor_Top_BaseColor.ubulk" 1862
"C:/Users/djd10/OneDrive/Desktop/Game/The-Immortals-Alpha-build/Content/FlexibleCombatSystem/Meshes/Textures/WarriorTextures/T_Warrior_Armor_Top_BaseColor.uasset" 1863
"C:/Users/djd10/OneDrive/Desktop/Game/The-Immortals-Alpha-build/Content/FlexibleCombatSystem/Meshes/Textures/WarriorTextures/T_Warrior_Armor_Top_BaseColor.uptnl" 1864
"C:/Users/djd10/OneDrive/Desktop/Game/The-Immortals-Alpha-build/Content/FlexibleCombatSystem/Meshes/Textures/WarriorTextures/T_Warrior_Armor_Top_OcclusionRoughnessMetallic.uexp" 1865
"C:/Users/djd10/OneDrive/Desktop/Game/The-Immortals-Alpha-build/Content/FlexibleCombatSystem/Meshes/Textures/WarriorTextures/T_Warrior_Armor_Top_OcclusionRoughnessMetallic.ubulk" 1866
"C:/Users/djd10/OneDrive/Desktop/Game/The-Immortals-Alpha-build/Content/FlexibleCombatSystem/Meshes/Textures/WarriorTextures/T_Warrior_Armor_Top_OcclusionRoughnessMetallic.uasset" 1867
"C:/Users/djd10/OneDrive/Desktop/Game/The-Immortals-Alpha-build/Content/FlexibleCombatSystem/Meshes/Textures/WarriorTextures/T_Warrior_Armor_Top_OcclusionRoughnessMetallic.uptnl" 1868
"C:/Users/djd10/OneDrive/Desktop/Game/The-Immortals-Alpha-build/Content/FlexibleCombatSystem/Meshes/Materials/WarriorMaterials/M_WarriorArmor_Top.uasset" 1869
"C:/Users/djd10/OneDrive/Desktop/Game/The-Immortals-Alpha-build/Content/FlexibleCombatSystem/Meshes/Materials/WarriorMaterials/M_WarriorArmor_Top.uexp" 1870
"C:/Users/djd10/OneDrive/Desktop/Game/The-Immortals-Alpha-build/Content/FlexibleCombatSystem/Meshes/Textures/WarriorTextures/T_Warrior_Cape_BaseColor.uexp" 1871
"C:/Users/djd10/OneDrive/Desktop/Game/The-Immortals-Alpha-build/Content/FlexibleCombatSystem/Meshes/Textures/WarriorTextures/T_Warrior_Cape_BaseColor.ubulk" 1872
"C:/Users/djd10/OneDrive/Desktop/Game/The-Immortals-Alpha-build/Content/FlexibleCombatSystem/Meshes/Textures/WarriorTextures/T_Warrior_Cape_BaseColor.uasset" 1873
"C:/Users/djd10/OneDrive/Desktop/Game/The-Immortals-Alpha-build/Content/FlexibleCombatSystem/Meshes/Textures/WarriorTextures/T_Warrior_Cape_BaseColor.uptnl" 1874
"C:/Users/djd10/OneDrive/Desktop/Game/The-Immortals-Alpha-build/Content/FlexibleCombatSystem/Meshes/Textures/WarriorTextures/T_Warrior_Cape_Normal.uexp" 1875
"C:/Users/djd10/OneDrive/Desktop/Game/The-Immortals-Alpha-build/Content/FlexibleCombatSystem/Meshes/Textures/WarriorTextures/T_Warrior_Cape_Normal.ubulk" 1876
"C:/Users/djd10/OneDrive/Desktop/Game/The-Immortals-Alpha-build/Content/FlexibleCombatSystem/Meshes/Textures/WarriorTextures/T_Warrior_Cape_Normal.uasset" 1877
"C:/Users/djd10/OneDrive/Desktop/Game/The-Immortals-Alpha-build/Content/FlexibleCombatSystem/Meshes/Textures/WarriorTextures/T_Warrior_Cape_Normal.uptnl" 1878
"C:/Users/djd10/OneDrive/Desktop/Game/The-Immortals-Alpha-build/Content/FlexibleCombatSystem/Meshes/Textures/WarriorTextures/T_Warrior_Cape_OcclusionRoughnessMetallic.uexp" 1879
"C:/Users/djd10/OneDrive/Desktop/Game/The-Immortals-Alpha-build/Content/FlexibleCombatSystem/Meshes/Textures/WarriorTextures/T_Warrior_Cape_OcclusionRoughnessMetallic.ubulk" 1880
"C:/Users/djd10/OneDrive/Desktop/Game/The-Immortals-Alpha-build/Content/FlexibleCombatSystem/Meshes/Textures/WarriorTextures/T_Warrior_Cape_OcclusionRoughnessMetallic.uasset" 1881
"C:/Users/djd10/OneDrive/Desktop/Game/The-Immortals-Alpha-build/Content/FlexibleCombatSystem/Meshes/Textures/WarriorTextures/T_Warrior_Cape_OcclusionRoughnessMetallic.uptnl" 1882
"C:/Users/djd10/OneDrive/Desktop/Game/The-Immortals-Alpha-build/Content/FlexibleCombatSystem/Meshes/Materials/WarriorMaterials/M_WarriorCape.uasset" 1883
"C:/Users/djd10/OneDrive/Desktop/Game/The-Immortals-Alpha-build/Content/FlexibleCombatSystem/Meshes/Materials/WarriorMaterials/M_WarriorCape.uexp" 1884
"C:/Users/djd10/OneDrive/Desktop/Game/The-Immortals-Alpha-build/Content/FlexibleCombatSystem/Meshes/Textures/WarriorTextures/T_Warrior_Fur_BaseColor.uexp" 1885
"C:/Users/djd10/OneDrive/Desktop/Game/The-Immortals-Alpha-build/Content/FlexibleCombatSystem/Meshes/Textures/WarriorTextures/T_Warrior_Fur_BaseColor.ubulk" 1886
"C:/Users/djd10/OneDrive/Desktop/Game/The-Immortals-Alpha-build/Content/FlexibleCombatSystem/Meshes/Textures/WarriorTextures/T_Warrior_Fur_BaseColor.uasset" 1887
"C:/Users/djd10/OneDrive/Desktop/Game/The-Immortals-Alpha-build/Content/FlexibleCombatSystem/Meshes/Textures/WarriorTextures/T_Warrior_Fur_BaseColor.uptnl" 1888
"C:/Users/djd10/OneDrive/Desktop/Game/The-Immortals-Alpha-build/Content/FlexibleCombatSystem/Meshes/Textures/WarriorTextures/T_Warrior_Fur_Normal.uexp" 1889
"C:/Users/djd10/OneDrive/Desktop/Game/The-Immortals-Alpha-build/Content/FlexibleCombatSystem/Meshes/Textures/WarriorTextures/T_Warrior_Fur_Normal.ubulk" 1890
"C:/Users/djd10/OneDrive/Desktop/Game/The-Immortals-Alpha-build/Content/FlexibleCombatSystem/Meshes/Textures/WarriorTextures/T_Warrior_Fur_Normal.uasset" 1891
"C:/Users/djd10/OneDrive/Desktop/Game/The-Immortals-Alpha-build/Content/FlexibleCombatSystem/Meshes/Textures/WarriorTextures/T_Warrior_Fur_Normal.uptnl" 1892
"C:/Users/djd10/OneDrive/Desktop/Game/The-Immortals-Alpha-build/Content/FlexibleCombatSystem/Meshes/Textures/WarriorTextures/T_Warrior_Fur_OcclusionRoughnessMetallic.uexp" 1893
"C:/Users/djd10/OneDrive/Desktop/Game/The-Immortals-Alpha-build/Content/FlexibleCombatSystem/Meshes/Textures/WarriorTextures/T_Warrior_Fur_OcclusionRoughnessMetallic.ubulk" 1894
"C:/Users/djd10/OneDrive/Desktop/Game/The-Immortals-Alpha-build/Content/FlexibleCombatSystem/Meshes/Textures/WarriorTextures/T_Warrior_Fur_OcclusionRoughnessMetallic.uasset" 1895
"C:/Users/djd10/OneDrive/Desktop/Game/The-Immortals-Alpha-build/Content/FlexibleCombatSystem/Meshes/Textures/WarriorTextures/T_Warrior_Fur_OcclusionRoughnessMetallic.uptnl" 1896
"C:/Users/djd10/OneDrive/Desktop/Game/The-Immortals-Alpha-build/Content/FlexibleCombatSystem/Meshes/Materials/WarriorMaterials/M_WarriorFur.uasset" 1897
"C:/Users/djd10/OneDrive/Desktop/Game/The-Immortals-Alpha-build/Content/FlexibleCombatSystem/Meshes/Materials/WarriorMaterials/M_WarriorFur.uexp" 1898
"C:/Users/djd10/OneDrive/Desktop/Game/The-Immortals-Alpha-build/Content/FlexibleCombatSystem/Meshes/Armor_UE5/WarriorSet/SK_WarriorArmorFull.uasset" 1899
"C:/Users/djd10/OneDrive/Desktop/Game/The-Immortals-Alpha-build/Content/FlexibleCombatSystem/Meshes/Armor_UE5/WarriorSet/SK_WarriorArmorFull.uexp" 1900
"C:/Users/djd10/OneDrive/Desktop/Game/The-Immortals-Alpha-build/Content/UltimateHorsePack/Meshes/SKEL_Horse.uasset" 1901
"C:/Users/djd10/OneDrive/Desktop/Game/The-Immortals-Alpha-build/Content/UltimateHorsePack/Meshes/SKEL_Horse.uexp" 1902
"C:/Users/djd10/OneDrive/Desktop/Game/The-Immortals-Alpha-build/Content/UltimateHorsePack/Animations/A_Horse_JumpStart.uasset" 1903
"C:/Users/djd10/OneDrive/Desktop/Game/The-Immortals-Alpha-build/Content/UltimateHorsePack/Animations/A_Horse_JumpStart.uexp" 1904
"C:/Users/djd10/OneDrive/Desktop/Game/The-Immortals-Alpha-build/Content/UltimateHorsePack/Animations/ABP_AdvancedSaddle.uasset" 1905
"C:/Users/djd10/OneDrive/Desktop/Game/The-Immortals-Alpha-build/Content/UltimateHorsePack/Animations/ABP_AdvancedSaddle.uexp" 1906
"C:/Users/djd10/OneDrive/Desktop/Game/The-Immortals-Alpha-build/Content/UltimateHorsePack/Animations/A_Horse_AttackBackLegs.uasset" 1907
"C:/Users/djd10/OneDrive/Desktop/Game/The-Immortals-Alpha-build/Content/UltimateHorsePack/Animations/A_Horse_AttackBackLegs.uexp" 1908
"C:/Users/djd10/OneDrive/Desktop/Game/The-Immortals-Alpha-build/Content/UltimateHorsePack/Animations/A_Horse_AttackFront.uasset" 1909
"C:/Users/djd10/OneDrive/Desktop/Game/The-Immortals-Alpha-build/Content/UltimateHorsePack/Animations/A_Horse_AttackFront.uexp" 1910
"C:/Users/djd10/OneDrive/Desktop/Game/The-Immortals-Alpha-build/Content/UltimateHorsePack/Animations/A_Horse_Front_Attack2.uasset" 1911
"C:/Users/djd10/OneDrive/Desktop/Game/The-Immortals-Alpha-build/Content/UltimateHorsePack/Animations/A_Horse_Front_Attack2.uexp" 1912
"C:/Users/djd10/OneDrive/Desktop/Game/The-Immortals-Alpha-build/Content/UltimateHorsePack/Animations/A_Horse_HitReact_back.uasset" 1913
"C:/Users/djd10/OneDrive/Desktop/Game/The-Immortals-Alpha-build/Content/UltimateHorsePack/Animations/A_Horse_HitReact_back.uexp" 1914
"C:/Users/djd10/OneDrive/Desktop/Game/The-Immortals-Alpha-build/Content/UltimateHorsePack/Animations/A_Horse_HitReact_Front2.uasset" 1915
"C:/Users/djd10/OneDrive/Desktop/Game/The-Immortals-Alpha-build/Content/UltimateHorsePack/Animations/A_Horse_HitReact_Front2.uexp" 1916
"C:/Users/djd10/OneDrive/Desktop/Game/The-Immortals-Alpha-build/Content/UltimateHorsePack/Animations/A_Horse_HitReact_Left.uasset" 1917
"C:/Users/djd10/OneDrive/Desktop/Game/The-Immortals-Alpha-build/Content/UltimateHorsePack/Animations/A_Horse_HitReact_Left.uexp" 1918
"C:/Users/djd10/OneDrive/Desktop/Game/The-Immortals-Alpha-build/Content/UltimateHorsePack/Animations/A_Horse_HitReact_right.uasset" 1919
"C:/Users/djd10/OneDrive/Desktop/Game/The-Immortals-Alpha-build/Content/UltimateHorsePack/Animations/A_Horse_HitReact_right.uexp" 1920
"C:/Users/djd10/OneDrive/Desktop/Game/The-Immortals-Alpha-build/Content/UltimateHorsePack/Animations/A_Horse_Idle.uasset" 1921
"C:/Users/djd10/OneDrive/Desktop/Game/The-Immortals-Alpha-build/Content/UltimateHorsePack/Animations/A_Horse_Idle.uexp" 1922
"C:/Users/djd10/OneDrive/Desktop/Game/The-Immortals-Alpha-build/Content/UltimateHorsePack/Animations/A_horse_Idle_3.uasset" 1923
"C:/Users/djd10/OneDrive/Desktop/Game/The-Immortals-Alpha-build/Content/UltimateHorsePack/Animations/A_horse_Idle_3.uexp" 1924
"C:/Users/djd10/OneDrive/Desktop/Game/The-Immortals-Alpha-build/Content/UltimateHorsePack/Animations/A_horse_Idle_4.uasset" 1925
"C:/Users/djd10/OneDrive/Desktop/Game/The-Immortals-Alpha-build/Content/UltimateHorsePack/Animations/A_horse_Idle_4.uexp" 1926
"C:/Users/djd10/OneDrive/Desktop/Game/The-Immortals-Alpha-build/Content/UltimateHorsePack/Animations/A_horse_Idle_5.uasset" 1927
"C:/Users/djd10/OneDrive/Desktop/Game/The-Immortals-Alpha-build/Content/UltimateHorsePack/Animations/A_horse_Idle_5.uexp" 1928
"C:/Users/djd10/OneDrive/Desktop/Game/The-Immortals-Alpha-build/Content/UltimateHorsePack/Animations/A_horse_Idle_Long_2.uasset" 1929
"C:/Users/djd10/OneDrive/Desktop/Game/The-Immortals-Alpha-build/Content/UltimateHorsePack/Animations/A_horse_Idle_Long_2.uexp" 1930
"C:/Users/djd10/OneDrive/Desktop/Game/The-Immortals-Alpha-build/Content/UltimateHorsePack/Animations/A_Horse_JumpLand.uasset" 1931
"C:/Users/djd10/OneDrive/Desktop/Game/The-Immortals-Alpha-build/Content/UltimateHorsePack/Animations/A_Horse_JumpLand.uexp" 1932
"C:/Users/djd10/OneDrive/Desktop/Game/The-Immortals-Alpha-build/Content/UltimateHorsePack/Animations/A_Horse_JumpMidAir.uasset" 1933
"C:/Users/djd10/OneDrive/Desktop/Game/The-Immortals-Alpha-build/Content/UltimateHorsePack/Animations/A_Horse_JumpMidAir.uexp" 1934
"C:/Users/djd10/OneDrive/Desktop/Game/The-Immortals-Alpha-build/Content/UltimateHorsePack/Animations/A_Horse_JumpMidAir2.uasset" 1935
"C:/Users/djd10/OneDrive/Desktop/Game/The-Immortals-Alpha-build/Content/UltimateHorsePack/Animations/A_Horse_JumpMidAir2.uexp" 1936
"C:/Users/djd10/OneDrive/Desktop/Game/The-Immortals-Alpha-build/Content/UltimateHorsePack/Animations/A_Horse_Jump_End.uasset" 1937
"C:/Users/djd10/OneDrive/Desktop/Game/The-Immortals-Alpha-build/Content/UltimateHorsePack/Animations/A_Horse_Jump_End.uexp" 1938
"C:/Users/djd10/OneDrive/Desktop/Game/The-Immortals-Alpha-build/Content/UltimateHorsePack/Animations/A_Horse_Jump_Start.uasset" 1939
"C:/Users/djd10/OneDrive/Desktop/Game/The-Immortals-Alpha-build/Content/UltimateHorsePack/Animations/A_Horse_Jump_Start.uexp" 1940
"C:/Users/djd10/OneDrive/Desktop/Game/The-Immortals-Alpha-build/Content/UltimateHorsePack/Animations/A_Horse_Rearing.uasset" 1941
"C:/Users/djd10/OneDrive/Desktop/Game/The-Immortals-Alpha-build/Content/UltimateHorsePack/Animations/A_Horse_Rearing.uexp" 1942
"C:/Users/djd10/OneDrive/Desktop/Game/The-Immortals-Alpha-build/Content/UltimateHorsePack/Animations/A_Horse_SuddenStop2.uasset" 1943
"C:/Users/djd10/OneDrive/Desktop/Game/The-Immortals-Alpha-build/Content/UltimateHorsePack/Animations/A_Horse_SuddenStop2.uexp" 1944
"C:/Users/djd10/OneDrive/Desktop/Game/The-Immortals-Alpha-build/Content/UltimateHorsePack/Animations/A_Horse_Swim_inPlace.uasset" 1945
"C:/Users/djd10/OneDrive/Desktop/Game/The-Immortals-Alpha-build/Content/UltimateHorsePack/Animations/A_Horse_Swim_inPlace.uexp" 1946
"C:/Users/djd10/OneDrive/Desktop/Game/The-Immortals-Alpha-build/Content/UltimateHorsePack/SFX/SFX_Foley_Metal_4.ubulk" 1947
"C:/Users/djd10/OneDrive/Desktop/Game/The-Immortals-Alpha-build/Content/UltimateHorsePack/SFX/SFX_Foley_Metal_4.uasset" 1948
"C:/Users/djd10/OneDrive/Desktop/Game/The-Immortals-Alpha-build/Content/UltimateHorsePack/SFX/SFX_Foley_Metal_4.uexp" 1949
"C:/Users/djd10/OneDrive/Desktop/Game/The-Immortals-Alpha-build/Content/UltimateHorsePack/SFX/SFX_Foley_metal_5.ubulk" 1950
"C:/Users/djd10/OneDrive/Desktop/Game/The-Immortals-Alpha-build/Content/UltimateHorsePack/SFX/SFX_Foley_metal_5.uasset" 1951
"C:/Users/djd10/OneDrive/Desktop/Game/The-Immortals-Alpha-build/Content/UltimateHorsePack/SFX/SFX_Foley_metal_5.uexp" 1952
"C:/Users/djd10/OneDrive/Desktop/Game/The-Immortals-Alpha-build/Content/UltimateHorsePack/SFX/SFX_Foley_metal_6.ubulk" 1953
"C:/Users/djd10/OneDrive/Desktop/Game/The-Immortals-Alpha-build/Content/UltimateHorsePack/SFX/SFX_Foley_metal_6.uasset" 1954
"C:/Users/djd10/OneDrive/Desktop/Game/The-Immortals-Alpha-build/Content/UltimateHorsePack/SFX/SFX_Foley_metal_6.uexp" 1955
"C:/Users/djd10/OneDrive/Desktop/Game/The-Immortals-Alpha-build/Content/UltimateHorsePack/SFX/SFX_Foley_Metal_9.ubulk" 1956
"C:/Users/djd10/OneDrive/Desktop/Game/The-Immortals-Alpha-build/Content/UltimateHorsePack/SFX/SFX_Foley_Metal_9.uasset" 1957
"C:/Users/djd10/OneDrive/Desktop/Game/The-Immortals-Alpha-build/Content/UltimateHorsePack/SFX/SFX_Foley_Metal_9.uexp" 1958
"C:/Users/djd10/OneDrive/Desktop/Game/The-Immortals-Alpha-build/Content/UltimateHorsePack/SFX/SFX_Foley_Metal_10.ubulk" 1959
"C:/Users/djd10/OneDrive/Desktop/Game/The-Immortals-Alpha-build/Content/UltimateHorsePack/SFX/SFX_Foley_Metal_10.uasset" 1960
"C:/Users/djd10/OneDrive/Desktop/Game/The-Immortals-Alpha-build/Content/UltimateHorsePack/SFX/SFX_Foley_Metal_10.uexp" 1961
"C:/Users/djd10/OneDrive/Desktop/Game/The-Immortals-Alpha-build/Content/UltimateHorsePack/SFX/SFX_Foley_Metal_11.ubulk" 1962
"C:/Users/djd10/OneDrive/Desktop/Game/The-Immortals-Alpha-build/Content/UltimateHorsePack/SFX/SFX_Foley_Metal_11.uasset" 1963
"C:/Users/djd10/OneDrive/Desktop/Game/The-Immortals-Alpha-build/Content/UltimateHorsePack/SFX/SFX_Foley_Metal_11.uexp" 1964
"C:/Users/djd10/OneDrive/Desktop/Game/The-Immortals-Alpha-build/Content/UltimateHorsePack/SFX/Cue_RiderMetal.uasset" 1965
"C:/Users/djd10/OneDrive/Desktop/Game/The-Immortals-Alpha-build/Content/UltimateHorsePack/SFX/Cue_RiderMetal.uexp" 1966
"C:/Users/djd10/OneDrive/Desktop/Game/The-Immortals-Alpha-build/Content/UltimateHorsePack/Animations/A_Horse_Canter.uasset" 1967
"C:/Users/djd10/OneDrive/Desktop/Game/The-Immortals-Alpha-build/Content/UltimateHorsePack/Animations/A_Horse_Canter.uexp" 1968
"C:/Users/djd10/OneDrive/Desktop/Game/The-Immortals-Alpha-build/Content/UltimateHorsePack/Animations/A_Horse_Walk_Alternate.uasset" 1969
"C:/Users/djd10/OneDrive/Desktop/Game/The-Immortals-Alpha-build/Content/UltimateHorsePack/Animations/A_Horse_Walk_Alternate.uexp" 1970
"C:/Users/djd10/OneDrive/Desktop/Game/The-Immortals-Alpha-build/Content/UltimateHorsePack/Animations/BS1D_HorseMovement.uasset" 1971
"C:/Users/djd10/OneDrive/Desktop/Game/The-Immortals-Alpha-build/Content/UltimateHorsePack/Animations/BS1D_HorseMovement.uexp" 1972
"C:/Users/djd10/OneDrive/Desktop/Game/The-Immortals-Alpha-build/Content/UltimateHorsePack/Animations/A_Horse_Swim.uasset" 1973
"C:/Users/djd10/OneDrive/Desktop/Game/The-Immortals-Alpha-build/Content/UltimateHorsePack/Animations/A_Horse_Swim.uexp" 1974
"C:/Users/djd10/OneDrive/Desktop/Game/The-Immortals-Alpha-build/Content/UltimateHorsePack/Animations/A_Horse_Swim1.uasset" 1975
"C:/Users/djd10/OneDrive/Desktop/Game/The-Immortals-Alpha-build/Content/UltimateHorsePack/Animations/A_Horse_Swim1.uexp" 1976
"C:/Users/djd10/OneDrive/Desktop/Game/The-Immortals-Alpha-build/Content/UltimateHorsePack/Animations/BS1D_HorseSwimming.uasset" 1977
"C:/Users/djd10/OneDrive/Desktop/Game/The-Immortals-Alpha-build/Content/UltimateHorsePack/Animations/BS1D_HorseSwimming.uexp" 1978
"C:/Users/djd10/OneDrive/Desktop/Game/The-Immortals-Alpha-build/Content/UltimateHorsePack/Animations/A_Horse_Walk_Backwards_3.uasset" 1979
"C:/Users/djd10/OneDrive/Desktop/Game/The-Immortals-Alpha-build/Content/UltimateHorsePack/Animations/A_Horse_Walk_Backwards_3.uexp" 1980
"C:/Users/djd10/OneDrive/Desktop/Game/The-Immortals-Alpha-build/Content/UltimateHorsePack/Animations/BS1D_Horse_BackwardsMovement.uasset" 1981
"C:/Users/djd10/OneDrive/Desktop/Game/The-Immortals-Alpha-build/Content/UltimateHorsePack/Animations/BS1D_Horse_BackwardsMovement.uexp" 1982
"C:/Users/djd10/OneDrive/Desktop/Game/The-Immortals-Alpha-build/Content/UltimateHorsePack/Blueprints/Enum_HitID.uasset" 1983
"C:/Users/djd10/OneDrive/Desktop/Game/The-Immortals-Alpha-build/Content/UltimateHorsePack/Blueprints/Enum_HitID.uexp" 1984
"C:/Users/djd10/OneDrive/Desktop/Game/The-Immortals-Alpha-build/Content/UltimateHorsePack/Meshes/PHYS_HorsSaddle.uasset" 1985
"C:/Users/djd10/OneDrive/Desktop/Game/The-Immortals-Alpha-build/Content/UltimateHorsePack/Meshes/PHYS_HorsSaddle.uexp" 1986
"C:/Users/djd10/OneDrive/Desktop/Game/The-Immortals-Alpha-build/Content/UltimateHorsePack/Animations/ABP_Horse.uasset" 1987
"C:/Users/djd10/OneDrive/Desktop/Game/The-Immortals-Alpha-build/Content/UltimateHorsePack/Animations/ABP_Horse.uexp" 1988
"C:/Users/djd10/OneDrive/Desktop/Game/The-Immortals-Alpha-build/Content/UltimateHorsePack/Animations/A_Rider_Dismount_center.uasset" 1989
"C:/Users/djd10/OneDrive/Desktop/Game/The-Immortals-Alpha-build/Content/UltimateHorsePack/Animations/A_Rider_Dismount_center.uexp" 1990
"C:/Users/djd10/OneDrive/Desktop/Game/The-Immortals-Alpha-build/Content/UltimateHorsePack/Animations/A_Rider_Dismount_Left.uasset" 1991
"C:/Users/djd10/OneDrive/Desktop/Game/The-Immortals-Alpha-build/Content/UltimateHorsePack/Animations/A_Rider_Dismount_Left.uexp" 1992
"C:/Users/djd10/OneDrive/Desktop/Game/The-Immortals-Alpha-build/Content/UltimateHorsePack/Animations/A_Rider_Dismount_Right.uasset" 1993
"C:/Users/djd10/OneDrive/Desktop/Game/The-Immortals-Alpha-build/Content/UltimateHorsePack/Animations/A_Rider_Dismount_Right.uexp" 1994
"C:/Users/djd10/OneDrive/Desktop/Game/The-Immortals-Alpha-build/Content/UltimateHorsePack/Animations/A_Rider_Hat_Equip.uasset" 1995
"C:/Users/djd10/OneDrive/Desktop/Game/The-Immortals-Alpha-build/Content/UltimateHorsePack/Animations/A_Rider_Hat_Equip.uexp" 1996
"C:/Users/djd10/OneDrive/Desktop/Game/The-Immortals-Alpha-build/Content/UltimateHorsePack/Animations/A_Rider_Hat_Unequip.uasset" 1997
"C:/Users/djd10/OneDrive/Desktop/Game/The-Immortals-Alpha-build/Content/UltimateHorsePack/Animations/A_Rider_Hat_Unequip.uexp" 1998
"C:/Users/djd10/OneDrive/Desktop/Game/The-Immortals-Alpha-build/Content/UltimateHorsePack/Animations/A_Rider_MountUP_center.uasset" 1999
"C:/Users/djd10/OneDrive/Desktop/Game/The-Immortals-Alpha-build/Content/UltimateHorsePack/Animations/A_Rider_MountUP_center.uexp" 2000
"C:/Users/djd10/OneDrive/Desktop/Game/The-Immortals-Alpha-build/Content/UltimateHorsePack/Animations/A_Rider_MountUP_Left.uasset" 2001
"C:/Users/djd10/OneDrive/Desktop/Game/The-Immortals-Alpha-build/Content/UltimateHorsePack/Animations/A_Rider_MountUP_Left.uexp" 2002
"C:/Users/djd10/OneDrive/Desktop/Game/The-Immortals-Alpha-build/Content/UltimateHorsePack/Animations/A_Rider_MountUP_Right.uasset" 2003
"C:/Users/djd10/OneDrive/Desktop/Game/The-Immortals-Alpha-build/Content/UltimateHorsePack/Animations/A_Rider_MountUP_Right.uexp" 2004
"C:/Users/djd10/OneDrive/Desktop/Game/The-Immortals-Alpha-build/Content/UltimateHorsePack/Animations/A_Rider_Rearing.uasset" 2005
"C:/Users/djd10/OneDrive/Desktop/Game/The-Immortals-Alpha-build/Content/UltimateHorsePack/Animations/A_Rider_Rearing.uexp" 2006
"C:/Users/djd10/OneDrive/Desktop/Game/The-Immortals-Alpha-build/Content/UltimateHorsePack/Animations/A_Rider_SpeedUP.uasset" 2007
"C:/Users/djd10/OneDrive/Desktop/Game/The-Immortals-Alpha-build/Content/UltimateHorsePack/Animations/A_Rider_SpeedUP.uexp" 2008
"C:/Users/djd10/OneDrive/Desktop/Game/The-Immortals-Alpha-build/Content/UltimateHorsePack/Animations/A_Rider_FastGallop_FPS.uasset" 2009
"C:/Users/djd10/OneDrive/Desktop/Game/The-Immortals-Alpha-build/Content/UltimateHorsePack/Animations/A_Rider_FastGallop_FPS.uexp" 2010
"C:/Users/djd10/OneDrive/Desktop/Game/The-Immortals-Alpha-build/Content/UltimateHorsePack/Animations/A_Rider_Idle.uasset" 2011
"C:/Users/djd10/OneDrive/Desktop/Game/The-Immortals-Alpha-build/Content/UltimateHorsePack/Animations/A_Rider_Idle.uexp" 2012
"C:/Users/djd10/OneDrive/Desktop/Game/The-Immortals-Alpha-build/Content/UltimateHorsePack/Animations/A_Rider_SlowWalk.uasset" 2013
"C:/Users/djd10/OneDrive/Desktop/Game/The-Immortals-Alpha-build/Content/UltimateHorsePack/Animations/A_Rider_SlowWalk.uexp" 2014
"C:/Users/djd10/OneDrive/Desktop/Game/The-Immortals-Alpha-build/Content/UltimateHorsePack/Animations/BS1D_RiderMovement.uasset" 2015
"C:/Users/djd10/OneDrive/Desktop/Game/The-Immortals-Alpha-build/Content/UltimateHorsePack/Animations/BS1D_RiderMovement.uexp" 2016
"C:/Users/djd10/OneDrive/Desktop/Game/The-Immortals-Alpha-build/Content/UltimateHorsePack/Blueprints/BPI_HorseRiding.uasset" 2017
"C:/Users/djd10/OneDrive/Desktop/Game/The-Immortals-Alpha-build/Content/UltimateHorsePack/Blueprints/BPI_HorseRiding.uexp" 2018
"C:/Users/djd10/OneDrive/Desktop/Game/The-Immortals-Alpha-build/Content/UltimateHorsePack/Blueprints/BPI_RiderABP_control.uasset" 2019
"C:/Users/djd10/OneDrive/Desktop/Game/The-Immortals-Alpha-build/Content/UltimateHorsePack/Blueprints/BPI_RiderABP_control.uexp" 2020
"C:/Users/djd10/OneDrive/Desktop/Game/The-Immortals-Alpha-build/Content/UltimateHorsePack/Textures/Saddle/T_BagRound_AORM.ubulk" 2021
"C:/Users/djd10/OneDrive/Desktop/Game/The-Immortals-Alpha-build/Content/UltimateHorsePack/Textures/Saddle/T_BagRound_AORM.uasset" 2022
"C:/Users/djd10/OneDrive/Desktop/Game/The-Immortals-Alpha-build/Content/UltimateHorsePack/Textures/Saddle/T_BagRound_AORM.uexp" 2023
"C:/Users/djd10/OneDrive/Desktop/Game/The-Immortals-Alpha-build/Content/UltimateHorsePack/Textures/Saddle/T_BagRound_C.ubulk" 2024
"C:/Users/djd10/OneDrive/Desktop/Game/The-Immortals-Alpha-build/Content/UltimateHorsePack/Textures/Saddle/T_BagRound_C.uasset" 2025
"C:/Users/djd10/OneDrive/Desktop/Game/The-Immortals-Alpha-build/Content/UltimateHorsePack/Textures/Saddle/T_BagRound_C.uexp" 2026
"C:/Users/djd10/OneDrive/Desktop/Game/The-Immortals-Alpha-build/Content/UltimateHorsePack/Textures/Saddle/T_BagRound_N.ubulk" 2027
"C:/Users/djd10/OneDrive/Desktop/Game/The-Immortals-Alpha-build/Content/UltimateHorsePack/Textures/Saddle/T_BagRound_N.uasset" 2028
"C:/Users/djd10/OneDrive/Desktop/Game/The-Immortals-Alpha-build/Content/UltimateHorsePack/Textures/Saddle/T_BagRound_N.uexp" 2029
"C:/Users/djd10/OneDrive/Desktop/Game/The-Immortals-Alpha-build/Content/UltimateHorsePack/Materials/Saddle/M_BagRound1.uasset" 2030
"C:/Users/djd10/OneDrive/Desktop/Game/The-Immortals-Alpha-build/Content/UltimateHorsePack/Materials/Saddle/M_BagRound1.uexp" 2031
"C:/Users/djd10/OneDrive/Desktop/Game/The-Immortals-Alpha-build/Content/UltimateHorsePack/Textures/Saddle/T_Bag01_AORM.ubulk" 2032
"C:/Users/djd10/OneDrive/Desktop/Game/The-Immortals-Alpha-build/Content/UltimateHorsePack/Textures/Saddle/T_Bag01_AORM.uasset" 2033
"C:/Users/djd10/OneDrive/Desktop/Game/The-Immortals-Alpha-build/Content/UltimateHorsePack/Textures/Saddle/T_Bag01_AORM.uexp" 2034
"C:/Users/djd10/OneDrive/Desktop/Game/The-Immortals-Alpha-build/Content/UltimateHorsePack/Textures/Saddle/T_Bag01_C.ubulk" 2035
"C:/Users/djd10/OneDrive/Desktop/Game/The-Immortals-Alpha-build/Content/UltimateHorsePack/Textures/Saddle/T_Bag01_C.uasset" 2036
"C:/Users/djd10/OneDrive/Desktop/Game/The-Immortals-Alpha-build/Content/UltimateHorsePack/Textures/Saddle/T_Bag01_C.uexp" 2037
"C:/Users/djd10/OneDrive/Desktop/Game/The-Immortals-Alpha-build/Content/UltimateHorsePack/Textures/Saddle/T_Bag01_N.ubulk" 2038
"C:/Users/djd10/OneDrive/Desktop/Game/The-Immortals-Alpha-build/Content/UltimateHorsePack/Textures/Saddle/T_Bag01_N.uasset" 2039
"C:/Users/djd10/OneDrive/Desktop/Game/The-Immortals-Alpha-build/Content/UltimateHorsePack/Textures/Saddle/T_Bag01_N.uexp" 2040
"C:/Users/djd10/OneDrive/Desktop/Game/The-Immortals-Alpha-build/Content/UltimateHorsePack/Materials/Saddle/MI_Bag01.uasset" 2041
"C:/Users/djd10/OneDrive/Desktop/Game/The-Immortals-Alpha-build/Content/UltimateHorsePack/Materials/Saddle/MI_Bag01.uexp" 2042
"C:/Users/djd10/OneDrive/Desktop/Game/The-Immortals-Alpha-build/Content/UltimateHorsePack/Meshes/SM_SideBag.ubulk" 2043
"C:/Users/djd10/OneDrive/Desktop/Game/The-Immortals-Alpha-build/Content/UltimateHorsePack/Meshes/SM_SideBag.uasset" 2044
"C:/Users/djd10/OneDrive/Desktop/Game/The-Immortals-Alpha-build/Content/UltimateHorsePack/Meshes/SM_SideBag.uexp" 2045
"C:/Users/djd10/OneDrive/Desktop/Game/The-Immortals-Alpha-build/Content/UltimateHorsePack/Textures/Saddle/T_Light_AORM.ubulk" 2046
"C:/Users/djd10/OneDrive/Desktop/Game/The-Immortals-Alpha-build/Content/UltimateHorsePack/Textures/Saddle/T_Light_AORM.uasset" 2047
"C:/Users/djd10/OneDrive/Desktop/Game/The-Immortals-Alpha-build/Content/UltimateHorsePack/Textures/Saddle/T_Light_AORM.uexp" 2048
"C:/Users/djd10/OneDrive/Desktop/Game/The-Immortals-Alpha-build/Content/UltimateHorsePack/Textures/Saddle/T_Light_C.ubulk" 2049
"C:/Users/djd10/OneDrive/Desktop/Game/The-Immortals-Alpha-build/Content/UltimateHorsePack/Textures/Saddle/T_Light_C.uasset" 2050
"C:/Users/djd10/OneDrive/Desktop/Game/The-Immortals-Alpha-build/Content/UltimateHorsePack/Textures/Saddle/T_Light_C.uexp" 2051
"C:/Users/djd10/OneDrive/Desktop/Game/The-Immortals-Alpha-build/Content/UltimateHorsePack/Textures/Saddle/T_Light_N.ubulk" 2052
"C:/Users/djd10/OneDrive/Desktop/Game/The-Immortals-Alpha-build/Content/UltimateHorsePack/Textures/Saddle/T_Light_N.uasset" 2053
"C:/Users/djd10/OneDrive/Desktop/Game/The-Immortals-Alpha-build/Content/UltimateHorsePack/Textures/Saddle/T_Light_N.uexp" 2054
"C:/Users/djd10/OneDrive/Desktop/Game/The-Immortals-Alpha-build/Content/UltimateHorsePack/Materials/Saddle/MI_Light.uasset" 2055
"C:/Users/djd10/OneDrive/Desktop/Game/The-Immortals-Alpha-build/Content/UltimateHorsePack/Materials/Saddle/MI_Light.uexp" 2056
"C:/Users/djd10/OneDrive/Desktop/Game/The-Immortals-Alpha-build/Content/UltimateHorsePack/Textures/Saddle/T_BackBelt_AORM.ubulk" 2057
"C:/Users/djd10/OneDrive/Desktop/Game/The-Immortals-Alpha-build/Content/UltimateHorsePack/Textures/Saddle/T_BackBelt_AORM.uasset" 2058
"C:/Users/djd10/OneDrive/Desktop/Game/The-Immortals-Alpha-build/Content/UltimateHorsePack/Textures/Saddle/T_BackBelt_AORM.uexp" 2059
"C:/Users/djd10/OneDrive/Desktop/Game/The-Immortals-Alpha-build/Content/UltimateHorsePack/Textures/Saddle/T_BeltBack_C.ubulk" 2060
"C:/Users/djd10/OneDrive/Desktop/Game/The-Immortals-Alpha-build/Content/UltimateHorsePack/Textures/Saddle/T_BeltBack_C.uasset" 2061
"C:/Users/djd10/OneDrive/Desktop/Game/The-Immortals-Alpha-build/Content/UltimateHorsePack/Textures/Saddle/T_BeltBack_C.uexp" 2062
"C:/Users/djd10/OneDrive/Desktop/Game/The-Immortals-Alpha-build/Content/UltimateHorsePack/Textures/Saddle/T_BeltBack_N.ubulk" 2063
"C:/Users/djd10/OneDrive/Desktop/Game/The-Immortals-Alpha-build/Content/UltimateHorsePack/Textures/Saddle/T_BeltBack_N.uasset" 2064
"C:/Users/djd10/OneDrive/Desktop/Game/The-Immortals-Alpha-build/Content/UltimateHorsePack/Textures/Saddle/T_BeltBack_N.uexp" 2065
"C:/Users/djd10/OneDrive/Desktop/Game/The-Immortals-Alpha-build/Content/UltimateHorsePack/Materials/Saddle/MI_BeltBack.uasset" 2066
"C:/Users/djd10/OneDrive/Desktop/Game/The-Immortals-Alpha-build/Content/UltimateHorsePack/Materials/Saddle/MI_BeltBack.uexp" 2067
"C:/Users/djd10/OneDrive/Desktop/Game/The-Immortals-Alpha-build/Content/UltimateHorsePack/Textures/Saddle/T_BeltBits_AORM.ubulk" 2068
"C:/Users/djd10/OneDrive/Desktop/Game/The-Immortals-Alpha-build/Content/UltimateHorsePack/Textures/Saddle/T_BeltBits_AORM.uasset" 2069
"C:/Users/djd10/OneDrive/Desktop/Game/The-Immortals-Alpha-build/Content/UltimateHorsePack/Textures/Saddle/T_BeltBits_AORM.uexp" 2070
"C:/Users/djd10/OneDrive/Desktop/Game/The-Immortals-Alpha-build/Content/UltimateHorsePack/Textures/Saddle/T_BeltBits_C.ubulk" 2071
"C:/Users/djd10/OneDrive/Desktop/Game/The-Immortals-Alpha-build/Content/UltimateHorsePack/Textures/Saddle/T_BeltBits_C.uasset" 2072
"C:/Users/djd10/OneDrive/Desktop/Game/The-Immortals-Alpha-build/Content/UltimateHorsePack/Textures/Saddle/T_BeltBits_C.uexp" 2073
"C:/Users/djd10/OneDrive/Desktop/Game/The-Immortals-Alpha-build/Content/UltimateHorsePack/Textures/Saddle/T_BeltBits_N.ubulk" 2074
"C:/Users/djd10/OneDrive/Desktop/Game/The-Immortals-Alpha-build/Content/UltimateHorsePack/Textures/Saddle/T_BeltBits_N.uasset" 2075
"C:/Users/djd10/OneDrive/Desktop/Game/The-Immortals-Alpha-build/Content/UltimateHorsePack/Textures/Saddle/T_BeltBits_N.uexp" 2076
"C:/Users/djd10/OneDrive/Desktop/Game/The-Immortals-Alpha-build/Content/UltimateHorsePack/Materials/Saddle/MI_BeltBits.uasset" 2077
"C:/Users/djd10/OneDrive/Desktop/Game/The-Immortals-Alpha-build/Content/UltimateHorsePack/Materials/Saddle/MI_BeltBits.uexp" 2078
"C:/Users/djd10/OneDrive/Desktop/Game/The-Immortals-Alpha-build/Content/UltimateHorsePack/Textures/Saddle/T_Bridle_AORM.ubulk" 2079
"C:/Users/djd10/OneDrive/Desktop/Game/The-Immortals-Alpha-build/Content/UltimateHorsePack/Textures/Saddle/T_Bridle_AORM.uasset" 2080
"C:/Users/djd10/OneDrive/Desktop/Game/The-Immortals-Alpha-build/Content/UltimateHorsePack/Textures/Saddle/T_Bridle_AORM.uexp" 2081
"C:/Users/djd10/OneDrive/Desktop/Game/The-Immortals-Alpha-build/Content/UltimateHorsePack/Textures/Saddle/T_Bridle_C.ubulk" 2082
"C:/Users/djd10/OneDrive/Desktop/Game/The-Immortals-Alpha-build/Content/UltimateHorsePack/Textures/Saddle/T_Bridle_C.uasset" 2083
"C:/Users/djd10/OneDrive/Desktop/Game/The-Immortals-Alpha-build/Content/UltimateHorsePack/Textures/Saddle/T_Bridle_C.uexp" 2084
"C:/Users/djd10/OneDrive/Desktop/Game/The-Immortals-Alpha-build/Content/UltimateHorsePack/Textures/Saddle/T_Bridle_N.ubulk" 2085
"C:/Users/djd10/OneDrive/Desktop/Game/The-Immortals-Alpha-build/Content/UltimateHorsePack/Textures/Saddle/T_Bridle_N.uasset" 2086
"C:/Users/djd10/OneDrive/Desktop/Game/The-Immortals-Alpha-build/Content/UltimateHorsePack/Textures/Saddle/T_Bridle_N.uexp" 2087
"C:/Users/djd10/OneDrive/Desktop/Game/The-Immortals-Alpha-build/Content/UltimateHorsePack/Materials/Saddle/MI_Bridle.uasset" 2088
"C:/Users/djd10/OneDrive/Desktop/Game/The-Immortals-Alpha-build/Content/UltimateHorsePack/Materials/Saddle/MI_Bridle.uexp" 2089
"C:/Users/djd10/OneDrive/Desktop/Game/The-Immortals-Alpha-build/Content/UltimateHorsePack/Textures/Saddle/T_SaddleSeat_AORM.ubulk" 2090
"C:/Users/djd10/OneDrive/Desktop/Game/The-Immortals-Alpha-build/Content/UltimateHorsePack/Textures/Saddle/T_SaddleSeat_AORM.uasset" 2091
"C:/Users/djd10/OneDrive/Desktop/Game/The-Immortals-Alpha-build/Content/UltimateHorsePack/Textures/Saddle/T_SaddleSeat_AORM.uexp" 2092
"C:/Users/djd10/OneDrive/Desktop/Game/The-Immortals-Alpha-build/Content/UltimateHorsePack/Textures/Saddle/T_SaddleSeat_C.ubulk" 2093
"C:/Users/djd10/OneDrive/Desktop/Game/The-Immortals-Alpha-build/Content/UltimateHorsePack/Textures/Saddle/T_SaddleSeat_C.uasset" 2094
"C:/Users/djd10/OneDrive/Desktop/Game/The-Immortals-Alpha-build/Content/UltimateHorsePack/Textures/Saddle/T_SaddleSeat_C.uexp" 2095
"C:/Users/djd10/OneDrive/Desktop/Game/The-Immortals-Alpha-build/Content/UltimateHorsePack/Textures/Saddle/T_SaddleSeat_N.ubulk" 2096
"C:/Users/djd10/OneDrive/Desktop/Game/The-Immortals-Alpha-build/Content/UltimateHorsePack/Textures/Saddle/T_SaddleSeat_N.uasset" 2097
"C:/Users/djd10/OneDrive/Desktop/Game/The-Immortals-Alpha-build/Content/UltimateHorsePack/Textures/Saddle/T_SaddleSeat_N.uexp" 2098
"C:/Users/djd10/OneDrive/Desktop/Game/The-Immortals-Alpha-build/Content/UltimateHorsePack/Materials/Saddle/MI_SaddleSeat.uasset" 2099
"C:/Users/djd10/OneDrive/Desktop/Game/The-Immortals-Alpha-build/Content/UltimateHorsePack/Materials/Saddle/MI_SaddleSeat.uexp" 2100
"C:/Users/djd10/OneDrive/Desktop/Game/The-Immortals-Alpha-build/Content/UltimateHorsePack/Textures/Saddle/T_RectBag_AORM.ubulk" 2101
"C:/Users/djd10/OneDrive/Desktop/Game/The-Immortals-Alpha-build/Content/UltimateHorsePack/Textures/Saddle/T_RectBag_AORM.uasset" 2102
"C:/Users/djd10/OneDrive/Desktop/Game/The-Immortals-Alpha-build/Content/UltimateHorsePack/Textures/Saddle/T_RectBag_AORM.uexp" 2103
"C:/Users/djd10/OneDrive/Desktop/Game/The-Immortals-Alpha-build/Content/UltimateHorsePack/Textures/Saddle/T_RectBag_C.ubulk" 2104
"C:/Users/djd10/OneDrive/Desktop/Game/The-Immortals-Alpha-build/Content/UltimateHorsePack/Textures/Saddle/T_RectBag_C.uasset" 2105
"C:/Users/djd10/OneDrive/Desktop/Game/The-Immortals-Alpha-build/Content/UltimateHorsePack/Textures/Saddle/T_RectBag_C.uexp" 2106
"C:/Users/djd10/OneDrive/Desktop/Game/The-Immortals-Alpha-build/Content/UltimateHorsePack/Textures/Saddle/T_RectBag_N.ubulk" 2107
"C:/Users/djd10/OneDrive/Desktop/Game/The-Immortals-Alpha-build/Content/UltimateHorsePack/Textures/Saddle/T_RectBag_N.uasset" 2108
"C:/Users/djd10/OneDrive/Desktop/Game/The-Immortals-Alpha-build/Content/UltimateHorsePack/Textures/Saddle/T_RectBag_N.uexp" 2109
"C:/Users/djd10/OneDrive/Desktop/Game/The-Immortals-Alpha-build/Content/UltimateHorsePack/Materials/Saddle/MI_RectBagTop.uasset" 2110
"C:/Users/djd10/OneDrive/Desktop/Game/The-Immortals-Alpha-build/Content/UltimateHorsePack/Materials/Saddle/MI_RectBagTop.uexp" 2111
"C:/Users/djd10/OneDrive/Desktop/Game/The-Immortals-Alpha-build/Content/UltimateHorsePack/Textures/Saddle/T_SaddleSeat_AORM2.ubulk" 2112
"C:/Users/djd10/OneDrive/Desktop/Game/The-Immortals-Alpha-build/Content/UltimateHorsePack/Textures/Saddle/T_SaddleSeat_AORM2.uasset" 2113
"C:/Users/djd10/OneDrive/Desktop/Game/The-Immortals-Alpha-build/Content/UltimateHorsePack/Textures/Saddle/T_SaddleSeat_AORM2.uexp" 2114
"C:/Users/djd10/OneDrive/Desktop/Game/The-Immortals-Alpha-build/Content/UltimateHorsePack/Textures/Saddle/T_SaddleSeat_C3.ubulk" 2115
"C:/Users/djd10/OneDrive/Desktop/Game/The-Immortals-Alpha-build/Content/UltimateHorsePack/Textures/Saddle/T_SaddleSeat_C3.uasset" 2116
"C:/Users/djd10/OneDrive/Desktop/Game/The-Immortals-Alpha-build/Content/UltimateHorsePack/Textures/Saddle/T_SaddleSeat_C3.uexp" 2117
"C:/Users/djd10/OneDrive/Desktop/Game/The-Immortals-Alpha-build/Content/UltimateHorsePack/Textures/Saddle/T_SaddleSeat_N2.ubulk" 2118
"C:/Users/djd10/OneDrive/Desktop/Game/The-Immortals-Alpha-build/Content/UltimateHorsePack/Textures/Saddle/T_SaddleSeat_N2.uasset" 2119
"C:/Users/djd10/OneDrive/Desktop/Game/The-Immortals-Alpha-build/Content/UltimateHorsePack/Textures/Saddle/T_SaddleSeat_N2.uexp" 2120
"C:/Users/djd10/OneDrive/Desktop/Game/The-Immortals-Alpha-build/Content/UltimateHorsePack/Materials/Saddle/MI_SaddleSeat2.uasset" 2121
"C:/Users/djd10/OneDrive/Desktop/Game/The-Immortals-Alpha-build/Content/UltimateHorsePack/Materials/Saddle/MI_SaddleSeat2.uexp" 2122
"C:/Users/djd10/OneDrive/Desktop/Game/The-Immortals-Alpha-build/Content/UltimateHorsePack/Meshes/PHYS_SaddleRe_Western.uasset" 2123
"C:/Users/djd10/OneDrive/Desktop/Game/The-Immortals-Alpha-build/Content/UltimateHorsePack/Meshes/PHYS_SaddleRe_Western.uexp" 2124
"C:/Users/djd10/OneDrive/Desktop/Game/The-Immortals-Alpha-build/Content/UltimateHorsePack/Meshes/SK_WesternSaddle.uasset" 2125
"C:/Users/djd10/OneDrive/Desktop/Game/The-Immortals-Alpha-build/Content/UltimateHorsePack/Meshes/SK_WesternSaddle.uexp" 2126
"C:/Users/djd10/OneDrive/Desktop/Game/The-Immortals-Alpha-build/Content/UltimateHorsePack/Blueprints/Enum_AdvancedSaddleVariant.uasset" 2127
"C:/Users/djd10/OneDrive/Desktop/Game/The-Immortals-Alpha-build/Content/UltimateHorsePack/Blueprints/Enum_AdvancedSaddleVariant.uexp" 2128
"C:/Users/djd10/OneDrive/Desktop/Game/The-Immortals-Alpha-build/Content/UltimateHorsePack/Textures/Saddle/T_Hat_AORm.ubulk" 2129
"C:/Users/djd10/OneDrive/Desktop/Game/The-Immortals-Alpha-build/Content/UltimateHorsePack/Textures/Saddle/T_Hat_AORm.uasset" 2130
"C:/Users/djd10/OneDrive/Desktop/Game/The-Immortals-Alpha-build/Content/UltimateHorsePack/Textures/Saddle/T_Hat_AORm.uexp" 2131
"C:/Users/djd10/OneDrive/Desktop/Game/The-Immortals-Alpha-build/Content/UltimateHorsePack/Textures/Saddle/T_Hat_C.ubulk" 2132
"C:/Users/djd10/OneDrive/Desktop/Game/The-Immortals-Alpha-build/Content/UltimateHorsePack/Textures/Saddle/T_Hat_C.uasset" 2133
"C:/Users/djd10/OneDrive/Desktop/Game/The-Immortals-Alpha-build/Content/UltimateHorsePack/Textures/Saddle/T_Hat_C.uexp" 2134
"C:/Users/djd10/OneDrive/Desktop/Game/The-Immortals-Alpha-build/Content/UltimateHorsePack/Textures/Saddle/T_Hat_N.ubulk" 2135
"C:/Users/djd10/OneDrive/Desktop/Game/The-Immortals-Alpha-build/Content/UltimateHorsePack/Textures/Saddle/T_Hat_N.uasset" 2136
"C:/Users/djd10/OneDrive/Desktop/Game/The-Immortals-Alpha-build/Content/UltimateHorsePack/Textures/Saddle/T_Hat_N.uexp" 2137
"C:/Users/djd10/OneDrive/Desktop/Game/The-Immortals-Alpha-build/Content/UltimateHorsePack/Materials/Saddle/MI_Hat01.uasset" 2138
"C:/Users/djd10/OneDrive/Desktop/Game/The-Immortals-Alpha-build/Content/UltimateHorsePack/Materials/Saddle/MI_Hat01.uexp" 2139
"C:/Users/djd10/OneDrive/Desktop/Game/The-Immortals-Alpha-build/Content/UltimateHorsePack/Meshes/SM_CowboyHat.ubulk" 2140
"C:/Users/djd10/OneDrive/Desktop/Game/The-Immortals-Alpha-build/Content/UltimateHorsePack/Meshes/SM_CowboyHat.uasset" 2141
"C:/Users/djd10/OneDrive/Desktop/Game/The-Immortals-Alpha-build/Content/UltimateHorsePack/Meshes/SM_CowboyHat.uexp" 2142
"C:/Users/djd10/OneDrive/Desktop/Game/The-Immortals-Alpha-build/Content/UltimateHorsePack/Textures/Saddle/T_Flask_AORM.ubulk" 2143
"C:/Users/djd10/OneDrive/Desktop/Game/The-Immortals-Alpha-build/Content/UltimateHorsePack/Textures/Saddle/T_Flask_AORM.uasset" 2144
"C:/Users/djd10/OneDrive/Desktop/Game/The-Immortals-Alpha-build/Content/UltimateHorsePack/Textures/Saddle/T_Flask_AORM.uexp" 2145
"C:/Users/djd10/OneDrive/Desktop/Game/The-Immortals-Alpha-build/Content/UltimateHorsePack/Textures/Saddle/T_Flask_C.ubulk" 2146
"C:/Users/djd10/OneDrive/Desktop/Game/The-Immortals-Alpha-build/Content/UltimateHorsePack/Textures/Saddle/T_Flask_C.uasset" 2147
"C:/Users/djd10/OneDrive/Desktop/Game/The-Immortals-Alpha-build/Content/UltimateHorsePack/Textures/Saddle/T_Flask_C.uexp" 2148
"C:/Users/djd10/OneDrive/Desktop/Game/The-Immortals-Alpha-build/Content/UltimateHorsePack/Textures/Saddle/T_Flask_N.ubulk" 2149
"C:/Users/djd10/OneDrive/Desktop/Game/The-Immortals-Alpha-build/Content/UltimateHorsePack/Textures/Saddle/T_Flask_N.uasset" 2150
"C:/Users/djd10/OneDrive/Desktop/Game/The-Immortals-Alpha-build/Content/UltimateHorsePack/Textures/Saddle/T_Flask_N.uexp" 2151
"C:/Users/djd10/OneDrive/Desktop/Game/The-Immortals-Alpha-build/Content/UltimateHorsePack/Materials/Saddle/MI_Flask.uasset" 2152
"C:/Users/djd10/OneDrive/Desktop/Game/The-Immortals-Alpha-build/Content/UltimateHorsePack/Materials/Saddle/MI_Flask.uexp" 2153
"C:/Users/djd10/OneDrive/Desktop/Game/The-Immortals-Alpha-build/Content/UltimateHorsePack/Meshes/SM_Flask.ubulk" 2154
"C:/Users/djd10/OneDrive/Desktop/Game/The-Immortals-Alpha-build/Content/UltimateHorsePack/Meshes/SM_Flask.uasset" 2155
"C:/Users/djd10/OneDrive/Desktop/Game/The-Immortals-Alpha-build/Content/UltimateHorsePack/Meshes/SM_Flask.uexp" 2156
"C:/Users/djd10/OneDrive/Desktop/Game/The-Immortals-Alpha-build/Content/UltimateHorsePack/Textures/Saddle/T_LightGlass_AORM.ubulk" 2157
"C:/Users/djd10/OneDrive/Desktop/Game/The-Immortals-Alpha-build/Content/UltimateHorsePack/Textures/Saddle/T_LightGlass_AORM.uasset" 2158
"C:/Users/djd10/OneDrive/Desktop/Game/The-Immortals-Alpha-build/Content/UltimateHorsePack/Textures/Saddle/T_LightGlass_AORM.uexp" 2159
"C:/Users/djd10/OneDrive/Desktop/Game/The-Immortals-Alpha-build/Content/UltimateHorsePack/Textures/Saddle/T_LightGlass_C.ubulk" 2160
"C:/Users/djd10/OneDrive/Desktop/Game/The-Immortals-Alpha-build/Content/UltimateHorsePack/Textures/Saddle/T_LightGlass_C.uasset" 2161
"C:/Users/djd10/OneDrive/Desktop/Game/The-Immortals-Alpha-build/Content/UltimateHorsePack/Textures/Saddle/T_LightGlass_C.uexp" 2162
"C:/Users/djd10/OneDrive/Desktop/Game/The-Immortals-Alpha-build/Content/UltimateHorsePack/Textures/Saddle/T_LightGlass_Opacity.ubulk" 2163
"C:/Users/djd10/OneDrive/Desktop/Game/The-Immortals-Alpha-build/Content/UltimateHorsePack/Textures/Saddle/T_LightGlass_Opacity.uasset" 2164
"C:/Users/djd10/OneDrive/Desktop/Game/The-Immortals-Alpha-build/Content/UltimateHorsePack/Textures/Saddle/T_LightGlass_Opacity.uexp" 2165
"C:/Users/djd10/OneDrive/Desktop/Game/The-Immortals-Alpha-build/Content/UltimateHorsePack/Materials/Saddle/M_Glass.uasset" 2166
"C:/Users/djd10/OneDrive/Desktop/Game/The-Immortals-Alpha-build/Content/UltimateHorsePack/Materials/Saddle/M_Glass.uexp" 2167
"C:/Users/djd10/OneDrive/Desktop/Game/The-Immortals-Alpha-build/Content/UltimateHorsePack/Materials/Saddle/MI_Glass.uasset" 2168
"C:/Users/djd10/OneDrive/Desktop/Game/The-Immortals-Alpha-build/Content/UltimateHorsePack/Materials/Saddle/MI_Glass.uexp" 2169
"C:/Users/djd10/OneDrive/Desktop/Game/The-Immortals-Alpha-build/Content/UltimateHorsePack/Meshes/SM_Light.ubulk" 2170
"C:/Users/djd10/OneDrive/Desktop/Game/The-Immortals-Alpha-build/Content/UltimateHorsePack/Meshes/SM_Light.uasset" 2171
"C:/Users/djd10/OneDrive/Desktop/Game/The-Immortals-Alpha-build/Content/UltimateHorsePack/Meshes/SM_Light.uexp" 2172
"C:/Users/djd10/OneDrive/Desktop/Game/The-Immortals-Alpha-build/Content/UltimateHorsePack/Textures/Saddle/T_Rope_AORM.ubulk" 2173
"C:/Users/djd10/OneDrive/Desktop/Game/The-Immortals-Alpha-build/Content/UltimateHorsePack/Textures/Saddle/T_Rope_AORM.uasset" 2174
"C:/Users/djd10/OneDrive/Desktop/Game/The-Immortals-Alpha-build/Content/UltimateHorsePack/Textures/Saddle/T_Rope_AORM.uexp" 2175
"C:/Users/djd10/OneDrive/Desktop/Game/The-Immortals-Alpha-build/Content/UltimateHorsePack/Textures/Saddle/T_Rope_C.ubulk" 2176
"C:/Users/djd10/OneDrive/Desktop/Game/The-Immortals-Alpha-build/Content/UltimateHorsePack/Textures/Saddle/T_Rope_C.uasset" 2177
"C:/Users/djd10/OneDrive/Desktop/Game/The-Immortals-Alpha-build/Content/UltimateHorsePack/Textures/Saddle/T_Rope_C.uexp" 2178
"C:/Users/djd10/OneDrive/Desktop/Game/The-Immortals-Alpha-build/Content/UltimateHorsePack/Textures/Saddle/T_Rope_N.ubulk" 2179
"C:/Users/djd10/OneDrive/Desktop/Game/The-Immortals-Alpha-build/Content/UltimateHorsePack/Textures/Saddle/T_Rope_N.uasset" 2180
"C:/Users/djd10/OneDrive/Desktop/Game/The-Immortals-Alpha-build/Content/UltimateHorsePack/Textures/Saddle/T_Rope_N.uexp" 2181
"C:/Users/djd10/OneDrive/Desktop/Game/The-Immortals-Alpha-build/Content/UltimateHorsePack/Materials/Saddle/MI_Rope.uasset" 2182
"C:/Users/djd10/OneDrive/Desktop/Game/The-Immortals-Alpha-build/Content/UltimateHorsePack/Materials/Saddle/MI_Rope.uexp" 2183
"C:/Users/djd10/OneDrive/Desktop/Game/The-Immortals-Alpha-build/Content/UltimateHorsePack/Meshes/SM_Rope.ubulk" 2184
"C:/Users/djd10/OneDrive/Desktop/Game/The-Immortals-Alpha-build/Content/UltimateHorsePack/Meshes/SM_Rope.uasset" 2185
"C:/Users/djd10/OneDrive/Desktop/Game/The-Immortals-Alpha-build/Content/UltimateHorsePack/Meshes/SM_Rope.uexp" 2186
"C:/Users/djd10/OneDrive/Desktop/Game/The-Immortals-Alpha-build/Content/UltimateHorsePack/Textures/Saddle/T_BagRound_AORm2.ubulk" 2187
"C:/Users/djd10/OneDrive/Desktop/Game/The-Immortals-Alpha-build/Content/UltimateHorsePack/Textures/Saddle/T_BagRound_AORm2.uasset" 2188
"C:/Users/djd10/OneDrive/Desktop/Game/The-Immortals-Alpha-build/Content/UltimateHorsePack/Textures/Saddle/T_BagRound_AORm2.uexp" 2189
"C:/Users/djd10/OneDrive/Desktop/Game/The-Immortals-Alpha-build/Content/UltimateHorsePack/Textures/Saddle/T_BagRound_C2.ubulk" 2190
"C:/Users/djd10/OneDrive/Desktop/Game/The-Immortals-Alpha-build/Content/UltimateHorsePack/Textures/Saddle/T_BagRound_C2.uasset" 2191
"C:/Users/djd10/OneDrive/Desktop/Game/The-Immortals-Alpha-build/Content/UltimateHorsePack/Textures/Saddle/T_BagRound_C2.uexp" 2192
"C:/Users/djd10/OneDrive/Desktop/Game/The-Immortals-Alpha-build/Content/UltimateHorsePack/Textures/Saddle/T_BagRound_N2.ubulk" 2193
"C:/Users/djd10/OneDrive/Desktop/Game/The-Immortals-Alpha-build/Content/UltimateHorsePack/Textures/Saddle/T_BagRound_N2.uasset" 2194
"C:/Users/djd10/OneDrive/Desktop/Game/The-Immortals-Alpha-build/Content/UltimateHorsePack/Textures/Saddle/T_BagRound_N2.uexp" 2195
"C:/Users/djd10/OneDrive/Desktop/Game/The-Immortals-Alpha-build/Content/UltimateHorsePack/Materials/Saddle/MI_BagRound2.uasset" 2196
"C:/Users/djd10/OneDrive/Desktop/Game/The-Immortals-Alpha-build/Content/UltimateHorsePack/Materials/Saddle/MI_BagRound2.uexp" 2197
"C:/Users/djd10/OneDrive/Desktop/Game/The-Immortals-Alpha-build/Content/UltimateHorsePack/Meshes/SM_RoundBag.ubulk" 2198
"C:/Users/djd10/OneDrive/Desktop/Game/The-Immortals-Alpha-build/Content/UltimateHorsePack/Meshes/SM_RoundBag.uasset" 2199
"C:/Users/djd10/OneDrive/Desktop/Game/The-Immortals-Alpha-build/Content/UltimateHorsePack/Meshes/SM_RoundBag.uexp" 2200
"C:/Users/djd10/OneDrive/Desktop/Game/The-Immortals-Alpha-build/Content/UltimateHorsePack/Textures/Saddle/T_Bag01_AORM2.ubulk" 2201
"C:/Users/djd10/OneDrive/Desktop/Game/The-Immortals-Alpha-build/Content/UltimateHorsePack/Textures/Saddle/T_Bag01_AORM2.uasset" 2202
"C:/Users/djd10/OneDrive/Desktop/Game/The-Immortals-Alpha-build/Content/UltimateHorsePack/Textures/Saddle/T_Bag01_AORM2.uexp" 2203
"C:/Users/djd10/OneDrive/Desktop/Game/The-Immortals-Alpha-build/Content/UltimateHorsePack/Textures/Saddle/T_Bag01_C2.ubulk" 2204
"C:/Users/djd10/OneDrive/Desktop/Game/The-Immortals-Alpha-build/Content/UltimateHorsePack/Textures/Saddle/T_Bag01_C2.uasset" 2205
"C:/Users/djd10/OneDrive/Desktop/Game/The-Immortals-Alpha-build/Content/UltimateHorsePack/Textures/Saddle/T_Bag01_C2.uexp" 2206
"C:/Users/djd10/OneDrive/Desktop/Game/The-Immortals-Alpha-build/Content/UltimateHorsePack/Textures/Saddle/T_Bag01_N2.ubulk" 2207
"C:/Users/djd10/OneDrive/Desktop/Game/The-Immortals-Alpha-build/Content/UltimateHorsePack/Textures/Saddle/T_Bag01_N2.uasset" 2208
"C:/Users/djd10/OneDrive/Desktop/Game/The-Immortals-Alpha-build/Content/UltimateHorsePack/Textures/Saddle/T_Bag01_N2.uexp" 2209
"C:/Users/djd10/OneDrive/Desktop/Game/The-Immortals-Alpha-build/Content/UltimateHorsePack/Materials/Saddle/MI_Bag02.uasset" 2210
"C:/Users/djd10/OneDrive/Desktop/Game/The-Immortals-Alpha-build/Content/UltimateHorsePack/Materials/Saddle/MI_Bag02.uexp" 2211
"C:/Users/djd10/OneDrive/Desktop/Game/The-Immortals-Alpha-build/Content/UltimateHorsePack/Textures/Saddle/T_Bag01_AORM3.ubulk" 2212
"C:/Users/djd10/OneDrive/Desktop/Game/The-Immortals-Alpha-build/Content/UltimateHorsePack/Textures/Saddle/T_Bag01_AORM3.uasset" 2213
"C:/Users/djd10/OneDrive/Desktop/Game/The-Immortals-Alpha-build/Content/UltimateHorsePack/Textures/Saddle/T_Bag01_AORM3.uexp" 2214
"C:/Users/djd10/OneDrive/Desktop/Game/The-Immortals-Alpha-build/Content/UltimateHorsePack/Textures/Saddle/T_Bag01_C3.ubulk" 2215
"C:/Users/djd10/OneDrive/Desktop/Game/The-Immortals-Alpha-build/Content/UltimateHorsePack/Textures/Saddle/T_Bag01_C3.uasset" 2216
"C:/Users/djd10/OneDrive/Desktop/Game/The-Immortals-Alpha-build/Content/UltimateHorsePack/Textures/Saddle/T_Bag01_C3.uexp" 2217
"C:/Users/djd10/OneDrive/Desktop/Game/The-Immortals-Alpha-build/Content/UltimateHorsePack/Textures/Saddle/T_Bag01_N3.ubulk" 2218
"C:/Users/djd10/OneDrive/Desktop/Game/The-Immortals-Alpha-build/Content/UltimateHorsePack/Textures/Saddle/T_Bag01_N3.uasset" 2219
"C:/Users/djd10/OneDrive/Desktop/Game/The-Immortals-Alpha-build/Content/UltimateHorsePack/Textures/Saddle/T_Bag01_N3.uexp" 2220
"C:/Users/djd10/OneDrive/Desktop/Game/The-Immortals-Alpha-build/Content/UltimateHorsePack/Materials/Saddle/MI_Bag03.uasset" 2221
"C:/Users/djd10/OneDrive/Desktop/Game/The-Immortals-Alpha-build/Content/UltimateHorsePack/Materials/Saddle/MI_Bag03.uexp" 2222
"C:/Users/djd10/OneDrive/Desktop/Game/The-Immortals-Alpha-build/Content/UltimateHorsePack/Textures/Saddle/T_Bag01_AORM5.ubulk" 2223
"C:/Users/djd10/OneDrive/Desktop/Game/The-Immortals-Alpha-build/Content/UltimateHorsePack/Textures/Saddle/T_Bag01_AORM5.uasset" 2224
"C:/Users/djd10/OneDrive/Desktop/Game/The-Immortals-Alpha-build/Content/UltimateHorsePack/Textures/Saddle/T_Bag01_AORM5.uexp" 2225
"C:/Users/djd10/OneDrive/Desktop/Game/The-Immortals-Alpha-build/Content/UltimateHorsePack/Textures/Saddle/T_Bag01_C5.ubulk" 2226
"C:/Users/djd10/OneDrive/Desktop/Game/The-Immortals-Alpha-build/Content/UltimateHorsePack/Textures/Saddle/T_Bag01_C5.uasset" 2227
"C:/Users/djd10/OneDrive/Desktop/Game/The-Immortals-Alpha-build/Content/UltimateHorsePack/Textures/Saddle/T_Bag01_C5.uexp" 2228
"C:/Users/djd10/OneDrive/Desktop/Game/The-Immortals-Alpha-build/Content/UltimateHorsePack/Textures/Saddle/T_Bag01_N5.ubulk" 2229
"C:/Users/djd10/OneDrive/Desktop/Game/The-Immortals-Alpha-build/Content/UltimateHorsePack/Textures/Saddle/T_Bag01_N5.uasset" 2230
"C:/Users/djd10/OneDrive/Desktop/Game/The-Immortals-Alpha-build/Content/UltimateHorsePack/Textures/Saddle/T_Bag01_N5.uexp" 2231
"C:/Users/djd10/OneDrive/Desktop/Game/The-Immortals-Alpha-build/Content/UltimateHorsePack/Materials/Saddle/MI_Bag05.uasset" 2232
"C:/Users/djd10/OneDrive/Desktop/Game/The-Immortals-Alpha-build/Content/UltimateHorsePack/Materials/Saddle/MI_Bag05.uexp" 2233
"C:/Users/djd10/OneDrive/Desktop/Game/The-Immortals-Alpha-build/Content/UltimateHorsePack/Textures/Saddle/T_Bag01_AORM6.ubulk" 2234
"C:/Users/djd10/OneDrive/Desktop/Game/The-Immortals-Alpha-build/Content/UltimateHorsePack/Textures/Saddle/T_Bag01_AORM6.uasset" 2235
"C:/Users/djd10/OneDrive/Desktop/Game/The-Immortals-Alpha-build/Content/UltimateHorsePack/Textures/Saddle/T_Bag01_AORM6.uexp" 2236
"C:/Users/djd10/OneDrive/Desktop/Game/The-Immortals-Alpha-build/Content/UltimateHorsePack/Textures/Saddle/T_Bag01_C6.ubulk" 2237
"C:/Users/djd10/OneDrive/Desktop/Game/The-Immortals-Alpha-build/Content/UltimateHorsePack/Textures/Saddle/T_Bag01_C6.uasset" 2238
"C:/Users/djd10/OneDrive/Desktop/Game/The-Immortals-Alpha-build/Content/UltimateHorsePack/Textures/Saddle/T_Bag01_C6.uexp" 2239
"C:/Users/djd10/OneDrive/Desktop/Game/The-Immortals-Alpha-build/Content/UltimateHorsePack/Textures/Saddle/T_Bag01_N6.ubulk" 2240
"C:/Users/djd10/OneDrive/Desktop/Game/The-Immortals-Alpha-build/Content/UltimateHorsePack/Textures/Saddle/T_Bag01_N6.uasset" 2241
"C:/Users/djd10/OneDrive/Desktop/Game/The-Immortals-Alpha-build/Content/UltimateHorsePack/Textures/Saddle/T_Bag01_N6.uexp" 2242
"C:/Users/djd10/OneDrive/Desktop/Game/The-Immortals-Alpha-build/Content/UltimateHorsePack/Materials/Saddle/MI_Bag06.uasset" 2243
"C:/Users/djd10/OneDrive/Desktop/Game/The-Immortals-Alpha-build/Content/UltimateHorsePack/Materials/Saddle/MI_Bag06.uexp" 2244
"C:/Users/djd10/OneDrive/Desktop/Game/The-Immortals-Alpha-build/Content/UltimateHorsePack/Materials/Saddle/MI_BagRound01.uasset" 2245
"C:/Users/djd10/OneDrive/Desktop/Game/The-Immortals-Alpha-build/Content/UltimateHorsePack/Materials/Saddle/MI_BagRound01.uexp" 2246
"C:/Users/djd10/OneDrive/Desktop/Game/The-Immortals-Alpha-build/Content/UltimateHorsePack/Textures/Saddle/T_baground_AORm3.ubulk" 2247
"C:/Users/djd10/OneDrive/Desktop/Game/The-Immortals-Alpha-build/Content/UltimateHorsePack/Textures/Saddle/T_baground_AORm3.uasset" 2248
"C:/Users/djd10/OneDrive/Desktop/Game/The-Immortals-Alpha-build/Content/UltimateHorsePack/Textures/Saddle/T_baground_AORm3.uexp" 2249
"C:/Users/djd10/OneDrive/Desktop/Game/The-Immortals-Alpha-build/Content/UltimateHorsePack/Textures/Saddle/T_baground_C3.ubulk" 2250
"C:/Users/djd10/OneDrive/Desktop/Game/The-Immortals-Alpha-build/Content/UltimateHorsePack/Textures/Saddle/T_baground_C3.uasset" 2251
"C:/Users/djd10/OneDrive/Desktop/Game/The-Immortals-Alpha-build/Content/UltimateHorsePack/Textures/Saddle/T_baground_C3.uexp" 2252
"C:/Users/djd10/OneDrive/Desktop/Game/The-Immortals-Alpha-build/Content/UltimateHorsePack/Textures/Saddle/T_baground_N3.ubulk" 2253
"C:/Users/djd10/OneDrive/Desktop/Game/The-Immortals-Alpha-build/Content/UltimateHorsePack/Textures/Saddle/T_baground_N3.uasset" 2254
"C:/Users/djd10/OneDrive/Desktop/Game/The-Immortals-Alpha-build/Content/UltimateHorsePack/Textures/Saddle/T_baground_N3.uexp" 2255
"C:/Users/djd10/OneDrive/Desktop/Game/The-Immortals-Alpha-build/Content/UltimateHorsePack/Materials/Saddle/MI_BagRound3.uasset" 2256
"C:/Users/djd10/OneDrive/Desktop/Game/The-Immortals-Alpha-build/Content/UltimateHorsePack/Materials/Saddle/MI_BagRound3.uexp" 2257
"C:/Users/djd10/OneDrive/Desktop/Game/The-Immortals-Alpha-build/Content/UltimateHorsePack/Textures/Saddle/T_BagRound_AORM5.ubulk" 2258
"C:/Users/djd10/OneDrive/Desktop/Game/The-Immortals-Alpha-build/Content/UltimateHorsePack/Textures/Saddle/T_BagRound_AORM5.uasset" 2259
"C:/Users/djd10/OneDrive/Desktop/Game/The-Immortals-Alpha-build/Content/UltimateHorsePack/Textures/Saddle/T_BagRound_AORM5.uexp" 2260
"C:/Users/djd10/OneDrive/Desktop/Game/The-Immortals-Alpha-build/Content/UltimateHorsePack/Textures/Saddle/T_BagRound_C5.ubulk" 2261
"C:/Users/djd10/OneDrive/Desktop/Game/The-Immortals-Alpha-build/Content/UltimateHorsePack/Textures/Saddle/T_BagRound_C5.uasset" 2262
"C:/Users/djd10/OneDrive/Desktop/Game/The-Immortals-Alpha-build/Content/UltimateHorsePack/Textures/Saddle/T_BagRound_C5.uexp" 2263
"C:/Users/djd10/OneDrive/Desktop/Game/The-Immortals-Alpha-build/Content/UltimateHorsePack/Textures/Saddle/T_BagRound_N5.ubulk" 2264
"C:/Users/djd10/OneDrive/Desktop/Game/The-Immortals-Alpha-build/Content/UltimateHorsePack/Textures/Saddle/T_BagRound_N5.uasset" 2265
"C:/Users/djd10/OneDrive/Desktop/Game/The-Immortals-Alpha-build/Content/UltimateHorsePack/Textures/Saddle/T_BagRound_N5.uexp" 2266
"C:/Users/djd10/OneDrive/Desktop/Game/The-Immortals-Alpha-build/Content/UltimateHorsePack/Materials/Saddle/MI_BagRound5.uasset" 2267
"C:/Users/djd10/OneDrive/Desktop/Game/The-Immortals-Alpha-build/Content/UltimateHorsePack/Materials/Saddle/MI_BagRound5.uexp" 2268
"C:/Users/djd10/OneDrive/Desktop/Game/The-Immortals-Alpha-build/Content/UltimateHorsePack/Textures/Saddle/T_BagRound_AORM7.ubulk" 2269
"C:/Users/djd10/OneDrive/Desktop/Game/The-Immortals-Alpha-build/Content/UltimateHorsePack/Textures/Saddle/T_BagRound_AORM7.uasset" 2270
"C:/Users/djd10/OneDrive/Desktop/Game/The-Immortals-Alpha-build/Content/UltimateHorsePack/Textures/Saddle/T_BagRound_AORM7.uexp" 2271
"C:/Users/djd10/OneDrive/Desktop/Game/The-Immortals-Alpha-build/Content/UltimateHorsePack/Textures/Saddle/T_BagRound_C7.ubulk" 2272
"C:/Users/djd10/OneDrive/Desktop/Game/The-Immortals-Alpha-build/Content/UltimateHorsePack/Textures/Saddle/T_BagRound_C7.uasset" 2273
"C:/Users/djd10/OneDrive/Desktop/Game/The-Immortals-Alpha-build/Content/UltimateHorsePack/Textures/Saddle/T_BagRound_C7.uexp" 2274
"C:/Users/djd10/OneDrive/Desktop/Game/The-Immortals-Alpha-build/Content/UltimateHorsePack/Textures/Saddle/T_BagRound_N7.ubulk" 2275
"C:/Users/djd10/OneDrive/Desktop/Game/The-Immortals-Alpha-build/Content/UltimateHorsePack/Textures/Saddle/T_BagRound_N7.uasset" 2276
"C:/Users/djd10/OneDrive/Desktop/Game/The-Immortals-Alpha-build/Content/UltimateHorsePack/Textures/Saddle/T_BagRound_N7.uexp" 2277
"C:/Users/djd10/OneDrive/Desktop/Game/The-Immortals-Alpha-build/Content/UltimateHorsePack/Materials/Saddle/MI_BagRound7.uasset" 2278
"C:/Users/djd10/OneDrive/Desktop/Game/The-Immortals-Alpha-build/Content/UltimateHorsePack/Materials/Saddle/MI_BagRound7.uexp" 2279
"C:/Users/djd10/OneDrive/Desktop/Game/The-Immortals-Alpha-build/Content/UltimateHorsePack/Textures/Saddle/T_BeltBits_AORM2.ubulk" 2280
"C:/Users/djd10/OneDrive/Desktop/Game/The-Immortals-Alpha-build/Content/UltimateHorsePack/Textures/Saddle/T_BeltBits_AORM2.uasset" 2281
"C:/Users/djd10/OneDrive/Desktop/Game/The-Immortals-Alpha-build/Content/UltimateHorsePack/Textures/Saddle/T_BeltBits_AORM2.uexp" 2282
"C:/Users/djd10/OneDrive/Desktop/Game/The-Immortals-Alpha-build/Content/UltimateHorsePack/Textures/Saddle/T_BeltBits_C2.ubulk" 2283
"C:/Users/djd10/OneDrive/Desktop/Game/The-Immortals-Alpha-build/Content/UltimateHorsePack/Textures/Saddle/T_BeltBits_C2.uasset" 2284
"C:/Users/djd10/OneDrive/Desktop/Game/The-Immortals-Alpha-build/Content/UltimateHorsePack/Textures/Saddle/T_BeltBits_C2.uexp" 2285
"C:/Users/djd10/OneDrive/Desktop/Game/The-Immortals-Alpha-build/Content/UltimateHorsePack/Textures/Saddle/T_BeltBits_N2.ubulk" 2286
"C:/Users/djd10/OneDrive/Desktop/Game/The-Immortals-Alpha-build/Content/UltimateHorsePack/Textures/Saddle/T_BeltBits_N2.uasset" 2287
"C:/Users/djd10/OneDrive/Desktop/Game/The-Immortals-Alpha-build/Content/UltimateHorsePack/Textures/Saddle/T_BeltBits_N2.uexp" 2288
"C:/Users/djd10/OneDrive/Desktop/Game/The-Immortals-Alpha-build/Content/UltimateHorsePack/Materials/Saddle/MI_BeltBits2.uasset" 2289
"C:/Users/djd10/OneDrive/Desktop/Game/The-Immortals-Alpha-build/Content/UltimateHorsePack/Materials/Saddle/MI_BeltBits2.uexp" 2290
"C:/Users/djd10/OneDrive/Desktop/Game/The-Immortals-Alpha-build/Content/UltimateHorsePack/Textures/Saddle/T_Bridle_AORM2.ubulk" 2291
"C:/Users/djd10/OneDrive/Desktop/Game/The-Immortals-Alpha-build/Content/UltimateHorsePack/Textures/Saddle/T_Bridle_AORM2.uasset" 2292
"C:/Users/djd10/OneDrive/Desktop/Game/The-Immortals-Alpha-build/Content/UltimateHorsePack/Textures/Saddle/T_Bridle_AORM2.uexp" 2293
"C:/Users/djd10/OneDrive/Desktop/Game/The-Immortals-Alpha-build/Content/UltimateHorsePack/Textures/Saddle/T_Bridle_C2.ubulk" 2294
"C:/Users/djd10/OneDrive/Desktop/Game/The-Immortals-Alpha-build/Content/UltimateHorsePack/Textures/Saddle/T_Bridle_C2.uasset" 2295
"C:/Users/djd10/OneDrive/Desktop/Game/The-Immortals-Alpha-build/Content/UltimateHorsePack/Textures/Saddle/T_Bridle_C2.uexp" 2296
"C:/Users/djd10/OneDrive/Desktop/Game/The-Immortals-Alpha-build/Content/UltimateHorsePack/Textures/Saddle/T_Bridle_N2.ubulk" 2297
"C:/Users/djd10/OneDrive/Desktop/Game/The-Immortals-Alpha-build/Content/UltimateHorsePack/Textures/Saddle/T_Bridle_N2.uasset" 2298
"C:/Users/djd10/OneDrive/Desktop/Game/The-Immortals-Alpha-build/Content/UltimateHorsePack/Textures/Saddle/T_Bridle_N2.uexp" 2299
"C:/Users/djd10/OneDrive/Desktop/Game/The-Immortals-Alpha-build/Content/UltimateHorsePack/Materials/Saddle/MI_Bridle2.uasset" 2300
"C:/Users/djd10/OneDrive/Desktop/Game/The-Immortals-Alpha-build/Content/UltimateHorsePack/Materials/Saddle/MI_Bridle2.uexp" 2301
"C:/Users/djd10/OneDrive/Desktop/Game/The-Immortals-Alpha-build/Content/UltimateHorsePack/Textures/Saddle/T_Hat_AORM2.ubulk" 2302
"C:/Users/djd10/OneDrive/Desktop/Game/The-Immortals-Alpha-build/Content/UltimateHorsePack/Textures/Saddle/T_Hat_AORM2.uasset" 2303
"C:/Users/djd10/OneDrive/Desktop/Game/The-Immortals-Alpha-build/Content/UltimateHorsePack/Textures/Saddle/T_Hat_AORM2.uexp" 2304
"C:/Users/djd10/OneDrive/Desktop/Game/The-Immortals-Alpha-build/Content/UltimateHorsePack/Textures/Saddle/T_Hat_C2.ubulk" 2305
"C:/Users/djd10/OneDrive/Desktop/Game/The-Immortals-Alpha-build/Content/UltimateHorsePack/Textures/Saddle/T_Hat_C2.uasset" 2306
"C:/Users/djd10/OneDrive/Desktop/Game/The-Immortals-Alpha-build/Content/UltimateHorsePack/Textures/Saddle/T_Hat_C2.uexp" 2307
"C:/Users/djd10/OneDrive/Desktop/Game/The-Immortals-Alpha-build/Content/UltimateHorsePack/Textures/Saddle/T_Hat_N2.ubulk" 2308
"C:/Users/djd10/OneDrive/Desktop/Game/The-Immortals-Alpha-build/Content/UltimateHorsePack/Textures/Saddle/T_Hat_N2.uasset" 2309
"C:/Users/djd10/OneDrive/Desktop/Game/The-Immortals-Alpha-build/Content/UltimateHorsePack/Textures/Saddle/T_Hat_N2.uexp" 2310
"C:/Users/djd10/OneDrive/Desktop/Game/The-Immortals-Alpha-build/Content/UltimateHorsePack/Materials/Saddle/MI_Hat02.uasset" 2311
"C:/Users/djd10/OneDrive/Desktop/Game/The-Immortals-Alpha-build/Content/UltimateHorsePack/Materials/Saddle/MI_Hat02.uexp" 2312
"C:/Users/djd10/OneDrive/Desktop/Game/The-Immortals-Alpha-build/Content/UltimateHorsePack/Textures/Saddle/T_Hat_AORM3.ubulk" 2313
"C:/Users/djd10/OneDrive/Desktop/Game/The-Immortals-Alpha-build/Content/UltimateHorsePack/Textures/Saddle/T_Hat_AORM3.uasset" 2314
"C:/Users/djd10/OneDrive/Desktop/Game/The-Immortals-Alpha-build/Content/UltimateHorsePack/Textures/Saddle/T_Hat_AORM3.uexp" 2315
"C:/Users/djd10/OneDrive/Desktop/Game/The-Immortals-Alpha-build/Content/UltimateHorsePack/Textures/Saddle/T_Hat_C3.ubulk" 2316
"C:/Users/djd10/OneDrive/Desktop/Game/The-Immortals-Alpha-build/Content/UltimateHorsePack/Textures/Saddle/T_Hat_C3.uasset" 2317
"C:/Users/djd10/OneDrive/Desktop/Game/The-Immortals-Alpha-build/Content/UltimateHorsePack/Textures/Saddle/T_Hat_C3.uexp" 2318
"C:/Users/djd10/OneDrive/Desktop/Game/The-Immortals-Alpha-build/Content/UltimateHorsePack/Textures/Saddle/T_Hat_N3.ubulk" 2319
"C:/Users/djd10/OneDrive/Desktop/Game/The-Immortals-Alpha-build/Content/UltimateHorsePack/Textures/Saddle/T_Hat_N3.uasset" 2320
"C:/Users/djd10/OneDrive/Desktop/Game/The-Immortals-Alpha-build/Content/UltimateHorsePack/Textures/Saddle/T_Hat_N3.uexp" 2321
"C:/Users/djd10/OneDrive/Desktop/Game/The-Immortals-Alpha-build/Content/UltimateHorsePack/Materials/Saddle/MI_Hat03.uasset" 2322
"C:/Users/djd10/OneDrive/Desktop/Game/The-Immortals-Alpha-build/Content/UltimateHorsePack/Materials/Saddle/MI_Hat03.uexp" 2323
"C:/Users/djd10/OneDrive/Desktop/Game/The-Immortals-Alpha-build/Content/UltimateHorsePack/Textures/Saddle/T_Hat_AORM4.ubulk" 2324
"C:/Users/djd10/OneDrive/Desktop/Game/The-Immortals-Alpha-build/Content/UltimateHorsePack/Textures/Saddle/T_Hat_AORM4.uasset" 2325
"C:/Users/djd10/OneDrive/Desktop/Game/The-Immortals-Alpha-build/Content/UltimateHorsePack/Textures/Saddle/T_Hat_AORM4.uexp" 2326
"C:/Users/djd10/OneDrive/Desktop/Game/The-Immortals-Alpha-build/Content/UltimateHorsePack/Textures/Saddle/T_Hat_C4.ubulk" 2327
"C:/Users/djd10/OneDrive/Desktop/Game/The-Immortals-Alpha-build/Content/UltimateHorsePack/Textures/Saddle/T_Hat_C4.uasset" 2328
"C:/Users/djd10/OneDrive/Desktop/Game/The-Immortals-Alpha-build/Content/UltimateHorsePack/Textures/Saddle/T_Hat_C4.uexp" 2329
"C:/Users/djd10/OneDrive/Desktop/Game/The-Immortals-Alpha-build/Content/UltimateHorsePack/Textures/Saddle/T_Hat_N4.ubulk" 2330
"C:/Users/djd10/OneDrive/Desktop/Game/The-Immortals-Alpha-build/Content/UltimateHorsePack/Textures/Saddle/T_Hat_N4.uasset" 2331
"C:/Users/djd10/OneDrive/Desktop/Game/The-Immortals-Alpha-build/Content/UltimateHorsePack/Textures/Saddle/T_Hat_N4.uexp" 2332
"C:/Users/djd10/OneDrive/Desktop/Game/The-Immortals-Alpha-build/Content/UltimateHorsePack/Materials/Saddle/MI_Hat04.uasset" 2333
"C:/Users/djd10/OneDrive/Desktop/Game/The-Immortals-Alpha-build/Content/UltimateHorsePack/Materials/Saddle/MI_Hat04.uexp" 2334
"C:/Users/djd10/OneDrive/Desktop/Game/The-Immortals-Alpha-build/Content/UltimateHorsePack/Textures/Saddle/T_RectBag_AORM2.ubulk" 2335
"C:/Users/djd10/OneDrive/Desktop/Game/The-Immortals-Alpha-build/Content/UltimateHorsePack/Textures/Saddle/T_RectBag_AORM2.uasset" 2336
"C:/Users/djd10/OneDrive/Desktop/Game/The-Immortals-Alpha-build/Content/UltimateHorsePack/Textures/Saddle/T_RectBag_AORM2.uexp" 2337
"C:/Users/djd10/OneDrive/Desktop/Game/The-Immortals-Alpha-build/Content/UltimateHorsePack/Textures/Saddle/T_RectBag_C2.ubulk" 2338
"C:/Users/djd10/OneDrive/Desktop/Game/The-Immortals-Alpha-build/Content/UltimateHorsePack/Textures/Saddle/T_RectBag_C2.uasset" 2339
"C:/Users/djd10/OneDrive/Desktop/Game/The-Immortals-Alpha-build/Content/UltimateHorsePack/Textures/Saddle/T_RectBag_C2.uexp" 2340
"C:/Users/djd10/OneDrive/Desktop/Game/The-Immortals-Alpha-build/Content/UltimateHorsePack/Textures/Saddle/T_RectBag_N2.ubulk" 2341
"C:/Users/djd10/OneDrive/Desktop/Game/The-Immortals-Alpha-build/Content/UltimateHorsePack/Textures/Saddle/T_RectBag_N2.uasset" 2342
"C:/Users/djd10/OneDrive/Desktop/Game/The-Immortals-Alpha-build/Content/UltimateHorsePack/Textures/Saddle/T_RectBag_N2.uexp" 2343
"C:/Users/djd10/OneDrive/Desktop/Game/The-Immortals-Alpha-build/Content/UltimateHorsePack/Materials/Saddle/MI_RectBagTop2.uasset" 2344
"C:/Users/djd10/OneDrive/Desktop/Game/The-Immortals-Alpha-build/Content/UltimateHorsePack/Materials/Saddle/MI_RectBagTop2.uexp" 2345
"C:/Users/djd10/OneDrive/Desktop/Game/The-Immortals-Alpha-build/Content/UltimateHorsePack/Textures/Saddle/T_RectBag_AORM3.ubulk" 2346
"C:/Users/djd10/OneDrive/Desktop/Game/The-Immortals-Alpha-build/Content/UltimateHorsePack/Textures/Saddle/T_RectBag_AORM3.uasset" 2347
"C:/Users/djd10/OneDrive/Desktop/Game/The-Immortals-Alpha-build/Content/UltimateHorsePack/Textures/Saddle/T_RectBag_AORM3.uexp" 2348
"C:/Users/djd10/OneDrive/Desktop/Game/The-Immortals-Alpha-build/Content/UltimateHorsePack/Textures/Saddle/T_RectBag_C3.ubulk" 2349
"C:/Users/djd10/OneDrive/Desktop/Game/The-Immortals-Alpha-build/Content/UltimateHorsePack/Textures/Saddle/T_RectBag_C3.uasset" 2350
"C:/Users/djd10/OneDrive/Desktop/Game/The-Immortals-Alpha-build/Content/UltimateHorsePack/Textures/Saddle/T_RectBag_C3.uexp" 2351
"C:/Users/djd10/OneDrive/Desktop/Game/The-Immortals-Alpha-build/Content/UltimateHorsePack/Textures/Saddle/T_RectBag_N3.ubulk" 2352
"C:/Users/djd10/OneDrive/Desktop/Game/The-Immortals-Alpha-build/Content/UltimateHorsePack/Textures/Saddle/T_RectBag_N3.uasset" 2353
"C:/Users/djd10/OneDrive/Desktop/Game/The-Immortals-Alpha-build/Content/UltimateHorsePack/Textures/Saddle/T_RectBag_N3.uexp" 2354
"C:/Users/djd10/OneDrive/Desktop/Game/The-Immortals-Alpha-build/Content/UltimateHorsePack/Materials/Saddle/MI_RectBagTop3.uasset" 2355
"C:/Users/djd10/OneDrive/Desktop/Game/The-Immortals-Alpha-build/Content/UltimateHorsePack/Materials/Saddle/MI_RectBagTop3.uexp" 2356
"C:/Users/djd10/OneDrive/Desktop/Game/The-Immortals-Alpha-build/Content/UltimateHorsePack/Textures/Saddle/T_RectBag_AORM5.ubulk" 2357
"C:/Users/djd10/OneDrive/Desktop/Game/The-Immortals-Alpha-build/Content/UltimateHorsePack/Textures/Saddle/T_RectBag_AORM5.uasset" 2358
"C:/Users/djd10/OneDrive/Desktop/Game/The-Immortals-Alpha-build/Content/UltimateHorsePack/Textures/Saddle/T_RectBag_AORM5.uexp" 2359
"C:/Users/djd10/OneDrive/Desktop/Game/The-Immortals-Alpha-build/Content/UltimateHorsePack/Textures/Saddle/T_RectBag_C5.ubulk" 2360
"C:/Users/djd10/OneDrive/Desktop/Game/The-Immortals-Alpha-build/Content/UltimateHorsePack/Textures/Saddle/T_RectBag_C5.uasset" 2361
"C:/Users/djd10/OneDrive/Desktop/Game/The-Immortals-Alpha-build/Content/UltimateHorsePack/Textures/Saddle/T_RectBag_C5.uexp" 2362
"C:/Users/djd10/OneDrive/Desktop/Game/The-Immortals-Alpha-build/Content/UltimateHorsePack/Textures/Saddle/T_RectBag_N5.ubulk" 2363
"C:/Users/djd10/OneDrive/Desktop/Game/The-Immortals-Alpha-build/Content/UltimateHorsePack/Textures/Saddle/T_RectBag_N5.uasset" 2364
"C:/Users/djd10/OneDrive/Desktop/Game/The-Immortals-Alpha-build/Content/UltimateHorsePack/Textures/Saddle/T_RectBag_N5.uexp" 2365
"C:/Users/djd10/OneDrive/Desktop/Game/The-Immortals-Alpha-build/Content/UltimateHorsePack/Materials/Saddle/MI_RectBagTop5.uasset" 2366
"C:/Users/djd10/OneDrive/Desktop/Game/The-Immortals-Alpha-build/Content/UltimateHorsePack/Materials/Saddle/MI_RectBagTop5.uexp" 2367
"C:/Users/djd10/OneDrive/Desktop/Game/The-Immortals-Alpha-build/Content/UltimateHorsePack/Textures/Saddle/T_RectBag_AORM6.ubulk" 2368
"C:/Users/djd10/OneDrive/Desktop/Game/The-Immortals-Alpha-build/Content/UltimateHorsePack/Textures/Saddle/T_RectBag_AORM6.uasset" 2369
"C:/Users/djd10/OneDrive/Desktop/Game/The-Immortals-Alpha-build/Content/UltimateHorsePack/Textures/Saddle/T_RectBag_AORM6.uexp" 2370
"C:/Users/djd10/OneDrive/Desktop/Game/The-Immortals-Alpha-build/Content/UltimateHorsePack/Textures/Saddle/T_RectBag_C6.ubulk" 2371
"C:/Users/djd10/OneDrive/Desktop/Game/The-Immortals-Alpha-build/Content/UltimateHorsePack/Textures/Saddle/T_RectBag_C6.uasset" 2372
"C:/Users/djd10/OneDrive/Desktop/Game/The-Immortals-Alpha-build/Content/UltimateHorsePack/Textures/Saddle/T_RectBag_C6.uexp" 2373
"C:/Users/djd10/OneDrive/Desktop/Game/The-Immortals-Alpha-build/Content/UltimateHorsePack/Textures/Saddle/T_RectBag_N6.ubulk" 2374
"C:/Users/djd10/OneDrive/Desktop/Game/The-Immortals-Alpha-build/Content/UltimateHorsePack/Textures/Saddle/T_RectBag_N6.uasset" 2375
"C:/Users/djd10/OneDrive/Desktop/Game/The-Immortals-Alpha-build/Content/UltimateHorsePack/Textures/Saddle/T_RectBag_N6.uexp" 2376
"C:/Users/djd10/OneDrive/Desktop/Game/The-Immortals-Alpha-build/Content/UltimateHorsePack/Materials/Saddle/MI_RectBagTop6.uasset" 2377
"C:/Users/djd10/OneDrive/Desktop/Game/The-Immortals-Alpha-build/Content/UltimateHorsePack/Materials/Saddle/MI_RectBagTop6.uexp" 2378
"C:/Users/djd10/OneDrive/Desktop/Game/The-Immortals-Alpha-build/Content/UltimateHorsePack/Textures/Saddle/T_SaddleSeat_AORM5.ubulk" 2379
"C:/Users/djd10/OneDrive/Desktop/Game/The-Immortals-Alpha-build/Content/UltimateHorsePack/Textures/Saddle/T_SaddleSeat_AORM5.uasset" 2380
"C:/Users/djd10/OneDrive/Desktop/Game/The-Immortals-Alpha-build/Content/UltimateHorsePack/Textures/Saddle/T_SaddleSeat_AORM5.uexp" 2381
"C:/Users/djd10/OneDrive/Desktop/Game/The-Immortals-Alpha-build/Content/UltimateHorsePack/Textures/Saddle/T_SaddleSeat_C5.ubulk" 2382
"C:/Users/djd10/OneDrive/Desktop/Game/The-Immortals-Alpha-build/Content/UltimateHorsePack/Textures/Saddle/T_SaddleSeat_C5.uasset" 2383
"C:/Users/djd10/OneDrive/Desktop/Game/The-Immortals-Alpha-build/Content/UltimateHorsePack/Textures/Saddle/T_SaddleSeat_C5.uexp" 2384
"C:/Users/djd10/OneDrive/Desktop/Game/The-Immortals-Alpha-build/Content/UltimateHorsePack/Textures/Saddle/T_SaddleSeat_N5.ubulk" 2385
"C:/Users/djd10/OneDrive/Desktop/Game/The-Immortals-Alpha-build/Content/UltimateHorsePack/Textures/Saddle/T_SaddleSeat_N5.uasset" 2386
"C:/Users/djd10/OneDrive/Desktop/Game/The-Immortals-Alpha-build/Content/UltimateHorsePack/Textures/Saddle/T_SaddleSeat_N5.uexp" 2387
"C:/Users/djd10/OneDrive/Desktop/Game/The-Immortals-Alpha-build/Content/UltimateHorsePack/Materials/Saddle/MI_SaddleSeat5.uasset" 2388
"C:/Users/djd10/OneDrive/Desktop/Game/The-Immortals-Alpha-build/Content/UltimateHorsePack/Materials/Saddle/MI_SaddleSeat5.uexp" 2389
"C:/Users/djd10/OneDrive/Desktop/Game/The-Immortals-Alpha-build/Content/UltimateHorsePack/Textures/Saddle/T_SaddleSeat_AORM7.ubulk" 2390
"C:/Users/djd10/OneDrive/Desktop/Game/The-Immortals-Alpha-build/Content/UltimateHorsePack/Textures/Saddle/T_SaddleSeat_AORM7.uasset" 2391
"C:/Users/djd10/OneDrive/Desktop/Game/The-Immortals-Alpha-build/Content/UltimateHorsePack/Textures/Saddle/T_SaddleSeat_AORM7.uexp" 2392
"C:/Users/djd10/OneDrive/Desktop/Game/The-Immortals-Alpha-build/Content/UltimateHorsePack/Textures/Saddle/T_SaddleSeat_C7.ubulk" 2393
"C:/Users/djd10/OneDrive/Desktop/Game/The-Immortals-Alpha-build/Content/UltimateHorsePack/Textures/Saddle/T_SaddleSeat_C7.uasset" 2394
"C:/Users/djd10/OneDrive/Desktop/Game/The-Immortals-Alpha-build/Content/UltimateHorsePack/Textures/Saddle/T_SaddleSeat_C7.uexp" 2395
"C:/Users/djd10/OneDrive/Desktop/Game/The-Immortals-Alpha-build/Content/UltimateHorsePack/Textures/Saddle/T_SaddleSeat_N7.ubulk" 2396
"C:/Users/djd10/OneDrive/Desktop/Game/The-Immortals-Alpha-build/Content/UltimateHorsePack/Textures/Saddle/T_SaddleSeat_N7.uasset" 2397
"C:/Users/djd10/OneDrive/Desktop/Game/The-Immortals-Alpha-build/Content/UltimateHorsePack/Textures/Saddle/T_SaddleSeat_N7.uexp" 2398
"C:/Users/djd10/OneDrive/Desktop/Game/The-Immortals-Alpha-build/Content/UltimateHorsePack/Materials/Saddle/MI_SaddleSeat7.uasset" 2399
"C:/Users/djd10/OneDrive/Desktop/Game/The-Immortals-Alpha-build/Content/UltimateHorsePack/Materials/Saddle/MI_SaddleSeat7.uexp" 2400
"../../../Engine/Content/Functions/Engine_MaterialFunctions03/Blends/Blend_Overlay.uasset" 2401
"../../../Engine/Content/Functions/Engine_MaterialFunctions03/Blends/Blend_Overlay.uexp" 2402
"C:/Users/djd10/OneDrive/Desktop/Game/The-Immortals-Alpha-build/Content/UltimateHorsePack/Textures/Saddle/T_SaddleSeat_Mask7.ubulk" 2403
"C:/Users/djd10/OneDrive/Desktop/Game/The-Immortals-Alpha-build/Content/UltimateHorsePack/Textures/Saddle/T_SaddleSeat_Mask7.uasset" 2404
"C:/Users/djd10/OneDrive/Desktop/Game/The-Immortals-Alpha-build/Content/UltimateHorsePack/Textures/Saddle/T_SaddleSeat_Mask7.uexp" 2405
"C:/Users/djd10/OneDrive/Desktop/Game/The-Immortals-Alpha-build/Content/UltimateHorsePack/Textures/Saddle/T_SaddleSeat_MaskUnderCloth.ubulk" 2406
"C:/Users/djd10/OneDrive/Desktop/Game/The-Immortals-Alpha-build/Content/UltimateHorsePack/Textures/Saddle/T_SaddleSeat_MaskUnderCloth.uasset" 2407
"C:/Users/djd10/OneDrive/Desktop/Game/The-Immortals-Alpha-build/Content/UltimateHorsePack/Textures/Saddle/T_SaddleSeat_MaskUnderCloth.uexp" 2408
"C:/Users/djd10/OneDrive/Desktop/Game/The-Immortals-Alpha-build/Content/UltimateHorsePack/Materials/Saddle/M_SaddleSeat.uasset" 2409
"C:/Users/djd10/OneDrive/Desktop/Game/The-Immortals-Alpha-build/Content/UltimateHorsePack/Materials/Saddle/M_SaddleSeat.uexp" 2410
"C:/Users/djd10/OneDrive/Desktop/Game/The-Immortals-Alpha-build/Content/UltimateHorsePack/Textures/Saddle/T_SaddleSeat_C2.ubulk" 2411
"C:/Users/djd10/OneDrive/Desktop/Game/The-Immortals-Alpha-build/Content/UltimateHorsePack/Textures/Saddle/T_SaddleSeat_C2.uasset" 2412
"C:/Users/djd10/OneDrive/Desktop/Game/The-Immortals-Alpha-build/Content/UltimateHorsePack/Textures/Saddle/T_SaddleSeat_C2.uexp" 2413
"C:/Users/djd10/OneDrive/Desktop/Game/The-Immortals-Alpha-build/Content/UltimateHorsePack/Textures/Saddle/T_SaddleSeat_Mask2.ubulk" 2414
"C:/Users/djd10/OneDrive/Desktop/Game/The-Immortals-Alpha-build/Content/UltimateHorsePack/Textures/Saddle/T_SaddleSeat_Mask2.uasset" 2415
"C:/Users/djd10/OneDrive/Desktop/Game/The-Immortals-Alpha-build/Content/UltimateHorsePack/Textures/Saddle/T_SaddleSeat_Mask2.uexp" 2416
"C:/Users/djd10/OneDrive/Desktop/Game/The-Immortals-Alpha-build/Content/UltimateHorsePack/Materials/Saddle/PickYourOwnColours/MI_Saddle02_01.uasset" 2417
"C:/Users/djd10/OneDrive/Desktop/Game/The-Immortals-Alpha-build/Content/UltimateHorsePack/Materials/Saddle/PickYourOwnColours/MI_Saddle02_01.uexp" 2418
"C:/Users/djd10/OneDrive/Desktop/Game/The-Immortals-Alpha-build/Content/UltimateHorsePack/Blueprints/BP_AdvancedSaddle.uasset" 2419
"C:/Users/djd10/OneDrive/Desktop/Game/The-Immortals-Alpha-build/Content/UltimateHorsePack/Blueprints/BP_AdvancedSaddle.uexp" 2420
"C:/Users/djd10/OneDrive/Desktop/Game/The-Immortals-Alpha-build/Content/UltimateHorsePack/SFX/SFX_Mount_side.ubulk" 2421
"C:/Users/djd10/OneDrive/Desktop/Game/The-Immortals-Alpha-build/Content/UltimateHorsePack/SFX/SFX_Mount_side.uasset" 2422
"C:/Users/djd10/OneDrive/Desktop/Game/The-Immortals-Alpha-build/Content/UltimateHorsePack/SFX/SFX_Mount_side.uexp" 2423
"C:/Users/djd10/OneDrive/Desktop/Game/The-Immortals-Alpha-build/Content/UltimateHorsePack/SFX/Cue_MountUP.uasset" 2424
"C:/Users/djd10/OneDrive/Desktop/Game/The-Immortals-Alpha-build/Content/UltimateHorsePack/SFX/Cue_MountUP.uexp" 2425
"C:/Users/djd10/OneDrive/Desktop/Game/The-Immortals-Alpha-build/Content/UltimateHorsePack/SFX/SFX_Rider_Sound_01.ubulk" 2426
"C:/Users/djd10/OneDrive/Desktop/Game/The-Immortals-Alpha-build/Content/UltimateHorsePack/SFX/SFX_Rider_Sound_01.uasset" 2427
"C:/Users/djd10/OneDrive/Desktop/Game/The-Immortals-Alpha-build/Content/UltimateHorsePack/SFX/SFX_Rider_Sound_01.uexp" 2428
"C:/Users/djd10/OneDrive/Desktop/Game/The-Immortals-Alpha-build/Content/UltimateHorsePack/SFX/SFX_Rider_Sound_02.ubulk" 2429
"C:/Users/djd10/OneDrive/Desktop/Game/The-Immortals-Alpha-build/Content/UltimateHorsePack/SFX/SFX_Rider_Sound_02.uasset" 2430
"C:/Users/djd10/OneDrive/Desktop/Game/The-Immortals-Alpha-build/Content/UltimateHorsePack/SFX/SFX_Rider_Sound_02.uexp" 2431
"C:/Users/djd10/OneDrive/Desktop/Game/The-Immortals-Alpha-build/Content/UltimateHorsePack/SFX/SFX_Rider_Sound_03.ubulk" 2432
"C:/Users/djd10/OneDrive/Desktop/Game/The-Immortals-Alpha-build/Content/UltimateHorsePack/SFX/SFX_Rider_Sound_03.uasset" 2433
"C:/Users/djd10/OneDrive/Desktop/Game/The-Immortals-Alpha-build/Content/UltimateHorsePack/SFX/SFX_Rider_Sound_03.uexp" 2434
"C:/Users/djd10/OneDrive/Desktop/Game/The-Immortals-Alpha-build/Content/UltimateHorsePack/SFX/Cue_Rider_Dismount.uasset" 2435
"C:/Users/djd10/OneDrive/Desktop/Game/The-Immortals-Alpha-build/Content/UltimateHorsePack/SFX/Cue_Rider_Dismount.uexp" 2436
"C:/Users/djd10/OneDrive/Desktop/Game/The-Immortals-Alpha-build/Content/UltimateHorsePack/SFX/SFX_Dismount.ubulk" 2437
"C:/Users/djd10/OneDrive/Desktop/Game/The-Immortals-Alpha-build/Content/UltimateHorsePack/SFX/SFX_Dismount.uasset" 2438
"C:/Users/djd10/OneDrive/Desktop/Game/The-Immortals-Alpha-build/Content/UltimateHorsePack/SFX/SFX_Dismount.uexp" 2439
"C:/Users/djd10/OneDrive/Desktop/Game/The-Immortals-Alpha-build/Content/UltimateHorsePack/Demo/Mannequins_UE5/Rigs/RIG_Mannequin_BasicFootIK.uasset" 2440
"C:/Users/djd10/OneDrive/Desktop/Game/The-Immortals-Alpha-build/Content/UltimateHorsePack/Demo/Mannequins_UE5/Rigs/RIG_Mannequin_BasicFootIK.uexp" 2441
"C:/Users/djd10/OneDrive/Desktop/Game/The-Immortals-Alpha-build/Content/UltimateHorsePack/Demo/Mannequins_UE5/Animations/Manny/A_MM_Fall_Loop.uasset" 2442
"C:/Users/djd10/OneDrive/Desktop/Game/The-Immortals-Alpha-build/Content/UltimateHorsePack/Demo/Mannequins_UE5/Animations/Manny/A_MM_Fall_Loop.uexp" 2443
"C:/Users/djd10/OneDrive/Desktop/Game/The-Immortals-Alpha-build/Content/UltimateHorsePack/Demo/Mannequins_UE5/Animations/Manny/A_MM_Idle.uasset" 2444
"C:/Users/djd10/OneDrive/Desktop/Game/The-Immortals-Alpha-build/Content/UltimateHorsePack/Demo/Mannequins_UE5/Animations/Manny/A_MM_Idle.uexp" 2445
"C:/Users/djd10/OneDrive/Desktop/Game/The-Immortals-Alpha-build/Content/UltimateHorsePack/Demo/Mannequins_UE5/Animations/Manny/A_MM_Jump.uasset" 2446
"C:/Users/djd10/OneDrive/Desktop/Game/The-Immortals-Alpha-build/Content/UltimateHorsePack/Demo/Mannequins_UE5/Animations/Manny/A_MM_Jump.uexp" 2447
"C:/Users/djd10/OneDrive/Desktop/Game/The-Immortals-Alpha-build/Content/UltimateHorsePack/Demo/Mannequins_UE5/Animations/Manny/A_MM_Land.uasset" 2448
"C:/Users/djd10/OneDrive/Desktop/Game/The-Immortals-Alpha-build/Content/UltimateHorsePack/Demo/Mannequins_UE5/Animations/Manny/A_MM_Land.uexp" 2449
"C:/Users/djd10/OneDrive/Desktop/Game/The-Immortals-Alpha-build/Content/UltimateHorsePack/Demo/Mannequins_UE5/Animations/Manny/A_MM_Run_Bwd.uasset" 2450
"C:/Users/djd10/OneDrive/Desktop/Game/The-Immortals-Alpha-build/Content/UltimateHorsePack/Demo/Mannequins_UE5/Animations/Manny/A_MM_Run_Bwd.uexp" 2451
"C:/Users/djd10/OneDrive/Desktop/Game/The-Immortals-Alpha-build/Content/UltimateHorsePack/Demo/Mannequins_UE5/Animations/Manny/A_MM_Run_Fwd.uasset" 2452
"C:/Users/djd10/OneDrive/Desktop/Game/The-Immortals-Alpha-build/Content/UltimateHorsePack/Demo/Mannequins_UE5/Animations/Manny/A_MM_Run_Fwd.uexp" 2453
"C:/Users/djd10/OneDrive/Desktop/Game/The-Immortals-Alpha-build/Content/UltimateHorsePack/Demo/Mannequins_UE5/Animations/Manny/A_MM_Walk_Fwd.uasset" 2454
"C:/Users/djd10/OneDrive/Desktop/Game/The-Immortals-Alpha-build/Content/UltimateHorsePack/Demo/Mannequins_UE5/Animations/Manny/A_MM_Walk_Fwd.uexp" 2455
"C:/Users/djd10/OneDrive/Desktop/Game/The-Immortals-Alpha-build/Content/UltimateHorsePack/Demo/Mannequins_UE5/Animations/Manny/A_MM_Walk_InPlace.uasset" 2456
"C:/Users/djd10/OneDrive/Desktop/Game/The-Immortals-Alpha-build/Content/UltimateHorsePack/Demo/Mannequins_UE5/Animations/Manny/A_MM_Walk_InPlace.uexp" 2457
"C:/Users/djd10/OneDrive/Desktop/Game/The-Immortals-Alpha-build/Content/UltimateHorsePack/Demo/Mannequins_UE5/Animations/Manny/BS_MM_WalkRun.uasset" 2458
"C:/Users/djd10/OneDrive/Desktop/Game/The-Immortals-Alpha-build/Content/UltimateHorsePack/Demo/Mannequins_UE5/Animations/Manny/BS_MM_WalkRun.uexp" 2459
"C:/Users/djd10/OneDrive/Desktop/Game/The-Immortals-Alpha-build/Content/UltimateHorsePack/Animations/ABP_HorseRider.uasset" 2460
"C:/Users/djd10/OneDrive/Desktop/Game/The-Immortals-Alpha-build/Content/UltimateHorsePack/Animations/ABP_HorseRider.uexp" 2461
"C:/Users/djd10/OneDrive/Desktop/Game/The-Immortals-Alpha-build/Content/UltimateHorsePack/Animations/A_Horse_Walk.uasset" 2462
"C:/Users/djd10/OneDrive/Desktop/Game/The-Immortals-Alpha-build/Content/UltimateHorsePack/Animations/A_Horse_Walk.uexp" 2463
"C:/Users/djd10/OneDrive/Desktop/Game/The-Immortals-Alpha-build/Content/UltimateHorsePack/Blueprints/BPI_Interactions.uasset" 2464
"C:/Users/djd10/OneDrive/Desktop/Game/The-Immortals-Alpha-build/Content/UltimateHorsePack/Blueprints/BPI_Interactions.uexp" 2465
"C:/Users/djd10/OneDrive/Desktop/Game/The-Immortals-Alpha-build/Content/UltimateHorsePack/Blueprints/BP_AdvancedSaddle_Preview.uasset" 2466
"C:/Users/djd10/OneDrive/Desktop/Game/The-Immortals-Alpha-build/Content/UltimateHorsePack/Blueprints/BP_AdvancedSaddle_Preview.uexp" 2467
"C:/Users/djd10/OneDrive/Desktop/Game/The-Immortals-Alpha-build/Content/UltimateHorsePack/Blueprints/WBP_TextHint.uasset" 2468
"C:/Users/djd10/OneDrive/Desktop/Game/The-Immortals-Alpha-build/Content/UltimateHorsePack/Blueprints/WBP_TextHint.uexp" 2469
"C:/Users/djd10/OneDrive/Desktop/Game/The-Immortals-Alpha-build/Content/UltimateHorsePack/Blueprints/BP_Hint.uasset" 2470
"C:/Users/djd10/OneDrive/Desktop/Game/The-Immortals-Alpha-build/Content/UltimateHorsePack/Blueprints/BP_Hint.uexp" 2471
"../../../Engine/Content/BasicShapes/Cube.ubulk" 2472
"../../../Engine/Content/BasicShapes/Cube.uasset" 2473
"../../../Engine/Content/BasicShapes/Cube.uexp" 2474
"C:/Users/djd10/OneDrive/Desktop/Game/The-Immortals-Alpha-build/Content/UltimateHorsePack/Materials/Demo_level_Materials/M_Tranparent.uasset" 2475
"C:/Users/djd10/OneDrive/Desktop/Game/The-Immortals-Alpha-build/Content/UltimateHorsePack/Materials/Demo_level_Materials/M_Tranparent.uexp" 2476
"C:/Users/djd10/OneDrive/Desktop/Game/The-Immortals-Alpha-build/Content/UltimateHorsePack/Blueprints/BP_SwimZone.uasset" 2477
"C:/Users/djd10/OneDrive/Desktop/Game/The-Immortals-Alpha-build/Content/UltimateHorsePack/Blueprints/BP_SwimZone.uexp" 2478
"C:/Users/djd10/OneDrive/Desktop/Game/The-Immortals-Alpha-build/Content/UltimateHorsePack/Blueprints/Enum_HandIKVariant.uasset" 2479
"C:/Users/djd10/OneDrive/Desktop/Game/The-Immortals-Alpha-build/Content/UltimateHorsePack/Blueprints/Enum_HandIKVariant.uexp" 2480
"C:/Users/djd10/OneDrive/Desktop/Game/The-Immortals-Alpha-build/Content/UltimateHorsePack/Blueprints/Enum_HorseOutfit.uasset" 2481
"C:/Users/djd10/OneDrive/Desktop/Game/The-Immortals-Alpha-build/Content/UltimateHorsePack/Blueprints/Enum_HorseOutfit.uexp" 2482
"C:/Users/djd10/OneDrive/Desktop/Game/The-Immortals-Alpha-build/Content/UltimateHorsePack/Blueprints/Enum_MountCheck.uasset" 2483
"C:/Users/djd10/OneDrive/Desktop/Game/The-Immortals-Alpha-build/Content/UltimateHorsePack/Blueprints/Enum_MountCheck.uexp" 2484
"C:/Users/djd10/OneDrive/Desktop/Game/The-Immortals-Alpha-build/Content/UltimateHorsePack/Blueprints/Enum_PhysicalSurfaceType.uasset" 2485
"C:/Users/djd10/OneDrive/Desktop/Game/The-Immortals-Alpha-build/Content/UltimateHorsePack/Blueprints/Enum_PhysicalSurfaceType.uexp" 2486
"C:/Users/djd10/OneDrive/Desktop/Game/The-Immortals-Alpha-build/Content/UltimateHorsePack/Blueprints/E_CameraType.uasset" 2487
"C:/Users/djd10/OneDrive/Desktop/Game/The-Immortals-Alpha-build/Content/UltimateHorsePack/Blueprints/E_CameraType.uexp" 2488
"C:/Users/djd10/OneDrive/Desktop/Game/The-Immortals-Alpha-build/Content/UltimateHorsePack/Blueprints/InputAction_Attack.uasset" 2489
"C:/Users/djd10/OneDrive/Desktop/Game/The-Immortals-Alpha-build/Content/UltimateHorsePack/Blueprints/InputAction_Attack.uexp" 2490
"C:/Users/djd10/OneDrive/Desktop/Game/The-Immortals-Alpha-build/Content/UltimateHorsePack/Blueprints/InputAction_CameraControls.uasset" 2491
"C:/Users/djd10/OneDrive/Desktop/Game/The-Immortals-Alpha-build/Content/UltimateHorsePack/Blueprints/InputAction_CameraControls.uexp" 2492
"C:/Users/djd10/OneDrive/Desktop/Game/The-Immortals-Alpha-build/Content/UltimateHorsePack/Blueprints/InputAction_EquipHat.uasset" 2493
"C:/Users/djd10/OneDrive/Desktop/Game/The-Immortals-Alpha-build/Content/UltimateHorsePack/Blueprints/InputAction_EquipHat.uexp" 2494
"C:/Users/djd10/OneDrive/Desktop/Game/The-Immortals-Alpha-build/Content/UltimateHorsePack/Blueprints/InputAction_FPStoggle.uasset" 2495
"C:/Users/djd10/OneDrive/Desktop/Game/The-Immortals-Alpha-build/Content/UltimateHorsePack/Blueprints/InputAction_FPStoggle.uexp" 2496
"C:/Users/djd10/OneDrive/Desktop/Game/The-Immortals-Alpha-build/Content/UltimateHorsePack/Blueprints/InputAction_Jump.uasset" 2497
"C:/Users/djd10/OneDrive/Desktop/Game/The-Immortals-Alpha-build/Content/UltimateHorsePack/Blueprints/InputAction_Jump.uexp" 2498
"C:/Users/djd10/OneDrive/Desktop/Game/The-Immortals-Alpha-build/Content/UltimateHorsePack/Blueprints/InputAction_LegsKick.uasset" 2499
"C:/Users/djd10/OneDrive/Desktop/Game/The-Immortals-Alpha-build/Content/UltimateHorsePack/Blueprints/InputAction_LegsKick.uexp" 2500
"C:/Users/djd10/OneDrive/Desktop/Game/The-Immortals-Alpha-build/Content/UltimateHorsePack/Blueprints/InputAction_Mount.uasset" 2501
"C:/Users/djd10/OneDrive/Desktop/Game/The-Immortals-Alpha-build/Content/UltimateHorsePack/Blueprints/InputAction_Mount.uexp" 2502
"C:/Users/djd10/OneDrive/Desktop/Game/The-Immortals-Alpha-build/Content/UltimateHorsePack/Blueprints/InputAction_Movement.uasset" 2503
"C:/Users/djd10/OneDrive/Desktop/Game/The-Immortals-Alpha-build/Content/UltimateHorsePack/Blueprints/InputAction_Movement.uexp" 2504
"C:/Users/djd10/OneDrive/Desktop/Game/The-Immortals-Alpha-build/Content/UltimateHorsePack/Blueprints/InputAction_Sprint.uasset" 2505
"C:/Users/djd10/OneDrive/Desktop/Game/The-Immortals-Alpha-build/Content/UltimateHorsePack/Blueprints/InputAction_Sprint.uexp" 2506
"C:/Users/djd10/OneDrive/Desktop/Game/The-Immortals-Alpha-build/Content/UltimateHorsePack/Blueprints/Curve_PlaystationInputRemap.uasset" 2507
"C:/Users/djd10/OneDrive/Desktop/Game/The-Immortals-Alpha-build/Content/UltimateHorsePack/Blueprints/Curve_PlaystationInputRemap.uexp" 2508
"C:/Users/djd10/OneDrive/Desktop/Game/The-Immortals-Alpha-build/Content/UltimateHorsePack/Blueprints/InputMappingsPS4.uasset" 2509
"C:/Users/djd10/OneDrive/Desktop/Game/The-Immortals-Alpha-build/Content/UltimateHorsePack/Blueprints/InputMappingsPS4.uexp" 2510
"C:/Users/djd10/OneDrive/Desktop/Game/The-Immortals-Alpha-build/Content/UltimateHorsePack/Blueprints/InputMappingsStandardController.uasset" 2511
"C:/Users/djd10/OneDrive/Desktop/Game/The-Immortals-Alpha-build/Content/UltimateHorsePack/Blueprints/InputMappingsStandardController.uexp" 2512
"C:/Users/djd10/OneDrive/Desktop/Game/The-Immortals-Alpha-build/Content/UltimateHorsePack/Blueprints/WBP_UI.uasset" 2513
"C:/Users/djd10/OneDrive/Desktop/Game/The-Immortals-Alpha-build/Content/UltimateHorsePack/Blueprints/WBP_UI.uexp" 2514
"C:/Users/djd10/OneDrive/Desktop/Game/The-Immortals-Alpha-build/Content/UltimateHorsePack/Textures/T_Horse_AORM.ubulk" 2515
"C:/Users/djd10/OneDrive/Desktop/Game/The-Immortals-Alpha-build/Content/UltimateHorsePack/Textures/T_Horse_AORM.uasset" 2516
"C:/Users/djd10/OneDrive/Desktop/Game/The-Immortals-Alpha-build/Content/UltimateHorsePack/Textures/T_Horse_AORM.uexp" 2517
"C:/Users/djd10/OneDrive/Desktop/Game/The-Immortals-Alpha-build/Content/UltimateHorsePack/Textures/T_Horse_N_Str2.ubulk" 2518
"C:/Users/djd10/OneDrive/Desktop/Game/The-Immortals-Alpha-build/Content/UltimateHorsePack/Textures/T_Horse_N_Str2.uasset" 2519
"C:/Users/djd10/OneDrive/Desktop/Game/The-Immortals-Alpha-build/Content/UltimateHorsePack/Textures/T_Horse_N_Str2.uexp" 2520
"C:/Users/djd10/OneDrive/Desktop/Game/The-Immortals-Alpha-build/Content/UltimateHorsePack/Textures/T_Horse_DarkBrown_C.ubulk" 2521
"C:/Users/djd10/OneDrive/Desktop/Game/The-Immortals-Alpha-build/Content/UltimateHorsePack/Textures/T_Horse_DarkBrown_C.uasset" 2522
"C:/Users/djd10/OneDrive/Desktop/Game/The-Immortals-Alpha-build/Content/UltimateHorsePack/Textures/T_Horse_DarkBrown_C.uexp" 2523
"C:/Users/djd10/OneDrive/Desktop/Game/The-Immortals-Alpha-build/Content/UltimateHorsePack/Materials/M_HorseRealistic.uasset" 2524
"C:/Users/djd10/OneDrive/Desktop/Game/The-Immortals-Alpha-build/Content/UltimateHorsePack/Materials/M_HorseRealistic.uexp" 2525
"C:/Users/djd10/OneDrive/Desktop/Game/The-Immortals-Alpha-build/Content/UltimateHorsePack/Materials/MI_Horse_Brown01_Realistic.uasset" 2526
"C:/Users/djd10/OneDrive/Desktop/Game/The-Immortals-Alpha-build/Content/UltimateHorsePack/Materials/MI_Horse_Brown01_Realistic.uexp" 2527
"C:/Users/djd10/OneDrive/Desktop/Game/The-Immortals-Alpha-build/Content/UltimateHorsePack/Textures/T_Horse_Black_C.ubulk" 2528
"C:/Users/djd10/OneDrive/Desktop/Game/The-Immortals-Alpha-build/Content/UltimateHorsePack/Textures/T_Horse_Black_C.uasset" 2529
"C:/Users/djd10/OneDrive/Desktop/Game/The-Immortals-Alpha-build/Content/UltimateHorsePack/Textures/T_Horse_Black_C.uexp" 2530
"C:/Users/djd10/OneDrive/Desktop/Game/The-Immortals-Alpha-build/Content/UltimateHorsePack/Textures/T_Horse_N_Str3.ubulk" 2531
"C:/Users/djd10/OneDrive/Desktop/Game/The-Immortals-Alpha-build/Content/UltimateHorsePack/Textures/T_Horse_N_Str3.uasset" 2532
"C:/Users/djd10/OneDrive/Desktop/Game/The-Immortals-Alpha-build/Content/UltimateHorsePack/Textures/T_Horse_N_Str3.uexp" 2533
"C:/Users/djd10/OneDrive/Desktop/Game/The-Immortals-Alpha-build/Content/UltimateHorsePack/Materials/M_Horse_Solid_Realistic.uasset" 2534
"C:/Users/djd10/OneDrive/Desktop/Game/The-Immortals-Alpha-build/Content/UltimateHorsePack/Materials/M_Horse_Solid_Realistic.uexp" 2535
"C:/Users/djd10/OneDrive/Desktop/Game/The-Immortals-Alpha-build/Content/UltimateHorsePack/Meshes/PHYS_Horse.uasset" 2536
"C:/Users/djd10/OneDrive/Desktop/Game/The-Immortals-Alpha-build/Content/UltimateHorsePack/Meshes/PHYS_Horse.uexp" 2537
"C:/Users/djd10/OneDrive/Desktop/Game/The-Immortals-Alpha-build/Content/UltimateHorsePack/Textures/SaddleArmor/SaddleSeat/T_ArmoredSeat_New_AORM.ubulk" 2538
"C:/Users/djd10/OneDrive/Desktop/Game/The-Immortals-Alpha-build/Content/UltimateHorsePack/Textures/SaddleArmor/SaddleSeat/T_ArmoredSeat_New_AORM.uasset" 2539
"C:/Users/djd10/OneDrive/Desktop/Game/The-Immortals-Alpha-build/Content/UltimateHorsePack/Textures/SaddleArmor/SaddleSeat/T_ArmoredSeat_New_AORM.uexp" 2540
"C:/Users/djd10/OneDrive/Desktop/Game/The-Immortals-Alpha-build/Content/UltimateHorsePack/Textures/SaddleArmor/SaddleSeat/T_ArmoredSeat_New_C.ubulk" 2541
"C:/Users/djd10/OneDrive/Desktop/Game/The-Immortals-Alpha-build/Content/UltimateHorsePack/Textures/SaddleArmor/SaddleSeat/T_ArmoredSeat_New_C.uasset" 2542
"C:/Users/djd10/OneDrive/Desktop/Game/The-Immortals-Alpha-build/Content/UltimateHorsePack/Textures/SaddleArmor/SaddleSeat/T_ArmoredSeat_New_C.uexp" 2543
"C:/Users/djd10/OneDrive/Desktop/Game/The-Immortals-Alpha-build/Content/UltimateHorsePack/Textures/SaddleArmor/SaddleSeat/T_ArmoredSeat_New_N.ubulk" 2544
"C:/Users/djd10/OneDrive/Desktop/Game/The-Immortals-Alpha-build/Content/UltimateHorsePack/Textures/SaddleArmor/SaddleSeat/T_ArmoredSeat_New_N.uasset" 2545
"C:/Users/djd10/OneDrive/Desktop/Game/The-Immortals-Alpha-build/Content/UltimateHorsePack/Textures/SaddleArmor/SaddleSeat/T_ArmoredSeat_New_N.uexp" 2546
"C:/Users/djd10/OneDrive/Desktop/Game/The-Immortals-Alpha-build/Content/UltimateHorsePack/Materials/SaddleArmor/M_Base.uasset" 2547
"C:/Users/djd10/OneDrive/Desktop/Game/The-Immortals-Alpha-build/Content/UltimateHorsePack/Materials/SaddleArmor/M_Base.uexp" 2548
"C:/Users/djd10/OneDrive/Desktop/Game/The-Immortals-Alpha-build/Content/UltimateHorsePack/Textures/SaddleArmor/SaddleSeat/T_ArmoredSeat_Worn_AORM.ubulk" 2549
"C:/Users/djd10/OneDrive/Desktop/Game/The-Immortals-Alpha-build/Content/UltimateHorsePack/Textures/SaddleArmor/SaddleSeat/T_ArmoredSeat_Worn_AORM.uasset" 2550
"C:/Users/djd10/OneDrive/Desktop/Game/The-Immortals-Alpha-build/Content/UltimateHorsePack/Textures/SaddleArmor/SaddleSeat/T_ArmoredSeat_Worn_AORM.uexp" 2551
"C:/Users/djd10/OneDrive/Desktop/Game/The-Immortals-Alpha-build/Content/UltimateHorsePack/Textures/SaddleArmor/SaddleSeat/T_ArmoredSeat_Worn_C.ubulk" 2552
"C:/Users/djd10/OneDrive/Desktop/Game/The-Immortals-Alpha-build/Content/UltimateHorsePack/Textures/SaddleArmor/SaddleSeat/T_ArmoredSeat_Worn_C.uasset" 2553
"C:/Users/djd10/OneDrive/Desktop/Game/The-Immortals-Alpha-build/Content/UltimateHorsePack/Textures/SaddleArmor/SaddleSeat/T_ArmoredSeat_Worn_C.uexp" 2554
"C:/Users/djd10/OneDrive/Desktop/Game/The-Immortals-Alpha-build/Content/UltimateHorsePack/Textures/SaddleArmor/SaddleSeat/T_ArmoredSeat_Worn_N.ubulk" 2555
"C:/Users/djd10/OneDrive/Desktop/Game/The-Immortals-Alpha-build/Content/UltimateHorsePack/Textures/SaddleArmor/SaddleSeat/T_ArmoredSeat_Worn_N.uasset" 2556
"C:/Users/djd10/OneDrive/Desktop/Game/The-Immortals-Alpha-build/Content/UltimateHorsePack/Textures/SaddleArmor/SaddleSeat/T_ArmoredSeat_Worn_N.uexp" 2557
"C:/Users/djd10/OneDrive/Desktop/Game/The-Immortals-Alpha-build/Content/UltimateHorsePack/Materials/SaddleArmor/MI_ArmoredSeatWorn.uasset" 2558
"C:/Users/djd10/OneDrive/Desktop/Game/The-Immortals-Alpha-build/Content/UltimateHorsePack/Materials/SaddleArmor/MI_ArmoredSeatWorn.uexp" 2559
"C:/Users/djd10/OneDrive/Desktop/Game/The-Immortals-Alpha-build/Content/UltimateHorsePack/Textures/SaddleArmor/MetalPlating/T_MetalPlating_Rusted_AORM.ubulk" 2560
"C:/Users/djd10/OneDrive/Desktop/Game/The-Immortals-Alpha-build/Content/UltimateHorsePack/Textures/SaddleArmor/MetalPlating/T_MetalPlating_Rusted_AORM.uasset" 2561
"C:/Users/djd10/OneDrive/Desktop/Game/The-Immortals-Alpha-build/Content/UltimateHorsePack/Textures/SaddleArmor/MetalPlating/T_MetalPlating_Rusted_AORM.uexp" 2562
"C:/Users/djd10/OneDrive/Desktop/Game/The-Immortals-Alpha-build/Content/UltimateHorsePack/Textures/SaddleArmor/MetalPlating/T_MetalPlating_Rusted_C.ubulk" 2563
"C:/Users/djd10/OneDrive/Desktop/Game/The-Immortals-Alpha-build/Content/UltimateHorsePack/Textures/SaddleArmor/MetalPlating/T_MetalPlating_Rusted_C.uasset" 2564
"C:/Users/djd10/OneDrive/Desktop/Game/The-Immortals-Alpha-build/Content/UltimateHorsePack/Textures/SaddleArmor/MetalPlating/T_MetalPlating_Rusted_C.uexp" 2565
"C:/Users/djd10/OneDrive/Desktop/Game/The-Immortals-Alpha-build/Content/UltimateHorsePack/Textures/SaddleArmor/MetalPlating/T_MetalPlating_Rusted_N.ubulk" 2566
"C:/Users/djd10/OneDrive/Desktop/Game/The-Immortals-Alpha-build/Content/UltimateHorsePack/Textures/SaddleArmor/MetalPlating/T_MetalPlating_Rusted_N.uasset" 2567
"C:/Users/djd10/OneDrive/Desktop/Game/The-Immortals-Alpha-build/Content/UltimateHorsePack/Textures/SaddleArmor/MetalPlating/T_MetalPlating_Rusted_N.uexp" 2568
"C:/Users/djd10/OneDrive/Desktop/Game/The-Immortals-Alpha-build/Content/UltimateHorsePack/Materials/SaddleArmor/MI_MetalPlatingRusty.uasset" 2569
"C:/Users/djd10/OneDrive/Desktop/Game/The-Immortals-Alpha-build/Content/UltimateHorsePack/Materials/SaddleArmor/MI_MetalPlatingRusty.uexp" 2570
"C:/Users/djd10/OneDrive/Desktop/Game/The-Immortals-Alpha-build/Content/UltimateHorsePack/Textures/SaddleArmor/ClothShort/T_ClothShort_Dirty_C.ubulk" 2571
"C:/Users/djd10/OneDrive/Desktop/Game/The-Immortals-Alpha-build/Content/UltimateHorsePack/Textures/SaddleArmor/ClothShort/T_ClothShort_Dirty_C.uasset" 2572
"C:/Users/djd10/OneDrive/Desktop/Game/The-Immortals-Alpha-build/Content/UltimateHorsePack/Textures/SaddleArmor/ClothShort/T_ClothShort_Dirty_C.uexp" 2573
"C:/Users/djd10/OneDrive/Desktop/Game/The-Immortals-Alpha-build/Content/UltimateHorsePack/Materials/SaddleArmor/ClothLong/ML_Dirt.uasset" 2574
"C:/Users/djd10/OneDrive/Desktop/Game/The-Immortals-Alpha-build/Content/UltimateHorsePack/Materials/SaddleArmor/ClothLong/ML_Dirt.uexp" 2575
"C:/Users/djd10/OneDrive/Desktop/Game/The-Immortals-Alpha-build/Content/UltimateHorsePack/Textures/SaddleArmor/ClothLong/T_ClothLong_Mud_AORM.ubulk" 2576
"C:/Users/djd10/OneDrive/Desktop/Game/The-Immortals-Alpha-build/Content/UltimateHorsePack/Textures/SaddleArmor/ClothLong/T_ClothLong_Mud_AORM.uasset" 2577
"C:/Users/djd10/OneDrive/Desktop/Game/The-Immortals-Alpha-build/Content/UltimateHorsePack/Textures/SaddleArmor/ClothLong/T_ClothLong_Mud_AORM.uexp" 2578
"C:/Users/djd10/OneDrive/Desktop/Game/The-Immortals-Alpha-build/Content/UltimateHorsePack/Textures/SaddleArmor/ClothLong/T_ClothLong_Mud_C.ubulk" 2579
"C:/Users/djd10/OneDrive/Desktop/Game/The-Immortals-Alpha-build/Content/UltimateHorsePack/Textures/SaddleArmor/ClothLong/T_ClothLong_Mud_C.uasset" 2580
"C:/Users/djd10/OneDrive/Desktop/Game/The-Immortals-Alpha-build/Content/UltimateHorsePack/Textures/SaddleArmor/ClothLong/T_ClothLong_Mud_C.uexp" 2581
"C:/Users/djd10/OneDrive/Desktop/Game/The-Immortals-Alpha-build/Content/UltimateHorsePack/Textures/SaddleArmor/ClothLong/T_ClothLong_Mud_N.ubulk" 2582
"C:/Users/djd10/OneDrive/Desktop/Game/The-Immortals-Alpha-build/Content/UltimateHorsePack/Textures/SaddleArmor/ClothLong/T_ClothLong_Mud_N.uasset" 2583
"C:/Users/djd10/OneDrive/Desktop/Game/The-Immortals-Alpha-build/Content/UltimateHorsePack/Textures/SaddleArmor/ClothLong/T_ClothLong_Mud_N.uexp" 2584
"C:/Users/djd10/OneDrive/Desktop/Game/The-Immortals-Alpha-build/Content/UltimateHorsePack/Materials/SaddleArmor/ClothLong/ML_Mud.uasset" 2585
"C:/Users/djd10/OneDrive/Desktop/Game/The-Immortals-Alpha-build/Content/UltimateHorsePack/Materials/SaddleArmor/ClothLong/ML_Mud.uexp" 2586
"C:/Users/djd10/OneDrive/Desktop/Game/The-Immortals-Alpha-build/Content/UltimateHorsePack/Textures/SaddleArmor/ClothLong/T_ClothLong_Herringbone_N.ubulk" 2587
"C:/Users/djd10/OneDrive/Desktop/Game/The-Immortals-Alpha-build/Content/UltimateHorsePack/Textures/SaddleArmor/ClothLong/T_ClothLong_Herringbone_N.uasset" 2588
"C:/Users/djd10/OneDrive/Desktop/Game/The-Immortals-Alpha-build/Content/UltimateHorsePack/Textures/SaddleArmor/ClothLong/T_ClothLong_Herringbone_N.uexp" 2589
"C:/Users/djd10/OneDrive/Desktop/Game/The-Immortals-Alpha-build/Content/UltimateHorsePack/Textures/SaddleArmor/ClothLong/T_ClothLong_Herringbone_AORM.ubulk" 2590
"C:/Users/djd10/OneDrive/Desktop/Game/The-Immortals-Alpha-build/Content/UltimateHorsePack/Textures/SaddleArmor/ClothLong/T_ClothLong_Herringbone_AORM.uasset" 2591
"C:/Users/djd10/OneDrive/Desktop/Game/The-Immortals-Alpha-build/Content/UltimateHorsePack/Textures/SaddleArmor/ClothLong/T_ClothLong_Herringbone_AORM.uexp" 2592
"C:/Users/djd10/OneDrive/Desktop/Game/The-Immortals-Alpha-build/Content/UltimateHorsePack/Textures/SaddleArmor/ClothShort/T_ClothShort_C.ubulk" 2593
"C:/Users/djd10/OneDrive/Desktop/Game/The-Immortals-Alpha-build/Content/UltimateHorsePack/Textures/SaddleArmor/ClothShort/T_ClothShort_C.uasset" 2594
"C:/Users/djd10/OneDrive/Desktop/Game/The-Immortals-Alpha-build/Content/UltimateHorsePack/Textures/SaddleArmor/ClothShort/T_ClothShort_C.uexp" 2595
"C:/Users/djd10/OneDrive/Desktop/Game/The-Immortals-Alpha-build/Content/UltimateHorsePack/Textures/SaddleArmor/ClothShort/T_ClothShort_Mask_Recolor.ubulk" 2596
"C:/Users/djd10/OneDrive/Desktop/Game/The-Immortals-Alpha-build/Content/UltimateHorsePack/Textures/SaddleArmor/ClothShort/T_ClothShort_Mask_Recolor.uasset" 2597
"C:/Users/djd10/OneDrive/Desktop/Game/The-Immortals-Alpha-build/Content/UltimateHorsePack/Textures/SaddleArmor/ClothShort/T_ClothShort_Mask_Recolor.uexp" 2598
"C:/Users/djd10/OneDrive/Desktop/Game/The-Immortals-Alpha-build/Content/UltimateHorsePack/Materials/SaddleArmor/ClothLong/ML_SaddleClothShortBase.uasset" 2599
"C:/Users/djd10/OneDrive/Desktop/Game/The-Immortals-Alpha-build/Content/UltimateHorsePack/Materials/SaddleArmor/ClothLong/ML_SaddleClothShortBase.uexp" 2600
"C:/Users/djd10/OneDrive/Desktop/Game/The-Immortals-Alpha-build/Content/UltimateHorsePack/Textures/SaddleArmor/ClothShort/T_ClothShort_Dirt_Mask1.ubulk" 2601
"C:/Users/djd10/OneDrive/Desktop/Game/The-Immortals-Alpha-build/Content/UltimateHorsePack/Textures/SaddleArmor/ClothShort/T_ClothShort_Dirt_Mask1.uasset" 2602
"C:/Users/djd10/OneDrive/Desktop/Game/The-Immortals-Alpha-build/Content/UltimateHorsePack/Textures/SaddleArmor/ClothShort/T_ClothShort_Dirt_Mask1.uexp" 2603
"C:/Users/djd10/OneDrive/Desktop/Game/The-Immortals-Alpha-build/Content/UltimateHorsePack/Textures/SaddleArmor/ClothShort/T_ClothShort_Dirt_Mask2.ubulk" 2604
"C:/Users/djd10/OneDrive/Desktop/Game/The-Immortals-Alpha-build/Content/UltimateHorsePack/Textures/SaddleArmor/ClothShort/T_ClothShort_Dirt_Mask2.uasset" 2605
"C:/Users/djd10/OneDrive/Desktop/Game/The-Immortals-Alpha-build/Content/UltimateHorsePack/Textures/SaddleArmor/ClothShort/T_ClothShort_Dirt_Mask2.uexp" 2606
"C:/Users/djd10/OneDrive/Desktop/Game/The-Immortals-Alpha-build/Content/UltimateHorsePack/Materials/SaddleArmor/ClothLong/M_SaddleShortCloth_Base1.uasset" 2607
"C:/Users/djd10/OneDrive/Desktop/Game/The-Immortals-Alpha-build/Content/UltimateHorsePack/Materials/SaddleArmor/ClothLong/M_SaddleShortCloth_Base1.uexp" 2608
"C:/Users/djd10/OneDrive/Desktop/Game/The-Immortals-Alpha-build/Content/UltimateHorsePack/Textures/SaddleArmor/ClothShort/T_ClothShort_Dirt_Mask3.ubulk" 2609
"C:/Users/djd10/OneDrive/Desktop/Game/The-Immortals-Alpha-build/Content/UltimateHorsePack/Textures/SaddleArmor/ClothShort/T_ClothShort_Dirt_Mask3.uasset" 2610
"C:/Users/djd10/OneDrive/Desktop/Game/The-Immortals-Alpha-build/Content/UltimateHorsePack/Textures/SaddleArmor/ClothShort/T_ClothShort_Dirt_Mask3.uexp" 2611
"C:/Users/djd10/OneDrive/Desktop/Game/The-Immortals-Alpha-build/Content/UltimateHorsePack/Textures/SaddleArmor/ClothShort/T_ClothShort_Dirty_AORM.ubulk" 2612
"C:/Users/djd10/OneDrive/Desktop/Game/The-Immortals-Alpha-build/Content/UltimateHorsePack/Textures/SaddleArmor/ClothShort/T_ClothShort_Dirty_AORM.uasset" 2613
"C:/Users/djd10/OneDrive/Desktop/Game/The-Immortals-Alpha-build/Content/UltimateHorsePack/Textures/SaddleArmor/ClothShort/T_ClothShort_Dirty_AORM.uexp" 2614
"C:/Users/djd10/OneDrive/Desktop/Game/The-Immortals-Alpha-build/Content/UltimateHorsePack/Textures/SaddleArmor/ClothShort/T_ClothShort_Dirty_N.ubulk" 2615
"C:/Users/djd10/OneDrive/Desktop/Game/The-Immortals-Alpha-build/Content/UltimateHorsePack/Textures/SaddleArmor/ClothShort/T_ClothShort_Dirty_N.uasset" 2616
"C:/Users/djd10/OneDrive/Desktop/Game/The-Immortals-Alpha-build/Content/UltimateHorsePack/Textures/SaddleArmor/ClothShort/T_ClothShort_Dirty_N.uexp" 2617
"C:/Users/djd10/OneDrive/Desktop/Game/The-Immortals-Alpha-build/Content/UltimateHorsePack/Materials/SaddleArmor/ClothShort/MI_ClothShort_Dirty.uasset" 2618
"C:/Users/djd10/OneDrive/Desktop/Game/The-Immortals-Alpha-build/Content/UltimateHorsePack/Materials/SaddleArmor/ClothShort/MI_ClothShort_Dirty.uexp" 2619
"C:/Users/djd10/OneDrive/Desktop/Game/The-Immortals-Alpha-build/Content/UltimateHorsePack/Meshes/PHYS_Horse2.uasset" 2620
"C:/Users/djd10/OneDrive/Desktop/Game/The-Immortals-Alpha-build/Content/UltimateHorsePack/Meshes/PHYS_Horse2.uexp" 2621
"C:/Users/djd10/OneDrive/Desktop/Game/The-Immortals-Alpha-build/Content/UltimateHorsePack/Meshes/PHYS_Saddle_Armored2.uasset" 2622
"C:/Users/djd10/OneDrive/Desktop/Game/The-Immortals-Alpha-build/Content/UltimateHorsePack/Meshes/PHYS_Saddle_Armored2.uexp" 2623
"C:/Users/djd10/OneDrive/Desktop/Game/The-Immortals-Alpha-build/Content/UltimateHorsePack/Meshes/SKM_HorseArmorVariant2.uasset" 2624
"C:/Users/djd10/OneDrive/Desktop/Game/The-Immortals-Alpha-build/Content/UltimateHorsePack/Meshes/SKM_HorseArmorVariant2.uexp" 2625
"C:/Users/djd10/OneDrive/Desktop/Game/The-Immortals-Alpha-build/Content/UltimateHorsePack/Textures/SaddleArmor/MetalPlating/T_MetalPlating_Dirty_AORM.ubulk" 2626
"C:/Users/djd10/OneDrive/Desktop/Game/The-Immortals-Alpha-build/Content/UltimateHorsePack/Textures/SaddleArmor/MetalPlating/T_MetalPlating_Dirty_AORM.uasset" 2627
"C:/Users/djd10/OneDrive/Desktop/Game/The-Immortals-Alpha-build/Content/UltimateHorsePack/Textures/SaddleArmor/MetalPlating/T_MetalPlating_Dirty_AORM.uexp" 2628
"C:/Users/djd10/OneDrive/Desktop/Game/The-Immortals-Alpha-build/Content/UltimateHorsePack/Textures/SaddleArmor/MetalPlating/T_MetalPlating_Dirty_C.ubulk" 2629
"C:/Users/djd10/OneDrive/Desktop/Game/The-Immortals-Alpha-build/Content/UltimateHorsePack/Textures/SaddleArmor/MetalPlating/T_MetalPlating_Dirty_C.uasset" 2630
"C:/Users/djd10/OneDrive/Desktop/Game/The-Immortals-Alpha-build/Content/UltimateHorsePack/Textures/SaddleArmor/MetalPlating/T_MetalPlating_Dirty_C.uexp" 2631
"C:/Users/djd10/OneDrive/Desktop/Game/The-Immortals-Alpha-build/Content/UltimateHorsePack/Textures/SaddleArmor/MetalPlating/T_MetalPlating_Dirty_N.ubulk" 2632
"C:/Users/djd10/OneDrive/Desktop/Game/The-Immortals-Alpha-build/Content/UltimateHorsePack/Textures/SaddleArmor/MetalPlating/T_MetalPlating_Dirty_N.uasset" 2633
"C:/Users/djd10/OneDrive/Desktop/Game/The-Immortals-Alpha-build/Content/UltimateHorsePack/Textures/SaddleArmor/MetalPlating/T_MetalPlating_Dirty_N.uexp" 2634
"C:/Users/djd10/OneDrive/Desktop/Game/The-Immortals-Alpha-build/Content/UltimateHorsePack/Materials/SaddleArmor/MI_MetalPlatingDirty.uasset" 2635
"C:/Users/djd10/OneDrive/Desktop/Game/The-Immortals-Alpha-build/Content/UltimateHorsePack/Materials/SaddleArmor/MI_MetalPlatingDirty.uexp" 2636
"C:/Users/djd10/OneDrive/Desktop/Game/The-Immortals-Alpha-build/Content/UltimateHorsePack/Textures/SaddleArmor/ClothLong/T_ClothLong_Mask_Dirt02.ubulk" 2637
"C:/Users/djd10/OneDrive/Desktop/Game/The-Immortals-Alpha-build/Content/UltimateHorsePack/Textures/SaddleArmor/ClothLong/T_ClothLong_Mask_Dirt02.uasset" 2638
"C:/Users/djd10/OneDrive/Desktop/Game/The-Immortals-Alpha-build/Content/UltimateHorsePack/Textures/SaddleArmor/ClothLong/T_ClothLong_Mask_Dirt02.uexp" 2639
"C:/Users/djd10/OneDrive/Desktop/Game/The-Immortals-Alpha-build/Content/UltimateHorsePack/Textures/SaddleArmor/ClothShort/T_ClothShort_AORM.ubulk" 2640
"C:/Users/djd10/OneDrive/Desktop/Game/The-Immortals-Alpha-build/Content/UltimateHorsePack/Textures/SaddleArmor/ClothShort/T_ClothShort_AORM.uasset" 2641
"C:/Users/djd10/OneDrive/Desktop/Game/The-Immortals-Alpha-build/Content/UltimateHorsePack/Textures/SaddleArmor/ClothShort/T_ClothShort_AORM.uexp" 2642
"C:/Users/djd10/OneDrive/Desktop/Game/The-Immortals-Alpha-build/Content/UltimateHorsePack/Textures/SaddleArmor/ClothShort/T_ClothShort_N.ubulk" 2643
"C:/Users/djd10/OneDrive/Desktop/Game/The-Immortals-Alpha-build/Content/UltimateHorsePack/Textures/SaddleArmor/ClothShort/T_ClothShort_N.uasset" 2644
"C:/Users/djd10/OneDrive/Desktop/Game/The-Immortals-Alpha-build/Content/UltimateHorsePack/Textures/SaddleArmor/ClothShort/T_ClothShort_N.uexp" 2645
"C:/Users/djd10/OneDrive/Desktop/Game/The-Immortals-Alpha-build/Content/UltimateHorsePack/Materials/SaddleArmor/ClothShort/MI_ClothShort_Clean.uasset" 2646
"C:/Users/djd10/OneDrive/Desktop/Game/The-Immortals-Alpha-build/Content/UltimateHorsePack/Materials/SaddleArmor/ClothShort/MI_ClothShort_Clean.uexp" 2647
"C:/Users/djd10/OneDrive/Desktop/Game/The-Immortals-Alpha-build/Content/UltimateHorsePack/Meshes/PHYS_Saddle_Armored1.uasset" 2648
"C:/Users/djd10/OneDrive/Desktop/Game/The-Immortals-Alpha-build/Content/UltimateHorsePack/Meshes/PHYS_Saddle_Armored1.uexp" 2649
"C:/Users/djd10/OneDrive/Desktop/Game/The-Immortals-Alpha-build/Content/UltimateHorsePack/Textures/SaddleArmor/ClothLong/T_ClothLong_Mask_Dirt01.ubulk" 2650
"C:/Users/djd10/OneDrive/Desktop/Game/The-Immortals-Alpha-build/Content/UltimateHorsePack/Textures/SaddleArmor/ClothLong/T_ClothLong_Mask_Dirt01.uasset" 2651
"C:/Users/djd10/OneDrive/Desktop/Game/The-Immortals-Alpha-build/Content/UltimateHorsePack/Textures/SaddleArmor/ClothLong/T_ClothLong_Mask_Dirt01.uexp" 2652
"C:/Users/djd10/OneDrive/Desktop/Game/The-Immortals-Alpha-build/Content/UltimateHorsePack/Textures/SaddleArmor/ClothLong/T_ClothLong_Mask_Stitches.ubulk" 2653
"C:/Users/djd10/OneDrive/Desktop/Game/The-Immortals-Alpha-build/Content/UltimateHorsePack/Textures/SaddleArmor/ClothLong/T_ClothLong_Mask_Stitches.uasset" 2654
"C:/Users/djd10/OneDrive/Desktop/Game/The-Immortals-Alpha-build/Content/UltimateHorsePack/Textures/SaddleArmor/ClothLong/T_ClothLong_Mask_Stitches.uexp" 2655
"C:/Users/djd10/OneDrive/Desktop/Game/The-Immortals-Alpha-build/Content/UltimateHorsePack/Textures/SaddleArmor/ClothLong/T_ClothLong_Herringbone_C.ubulk" 2656
"C:/Users/djd10/OneDrive/Desktop/Game/The-Immortals-Alpha-build/Content/UltimateHorsePack/Textures/SaddleArmor/ClothLong/T_ClothLong_Herringbone_C.uasset" 2657
"C:/Users/djd10/OneDrive/Desktop/Game/The-Immortals-Alpha-build/Content/UltimateHorsePack/Textures/SaddleArmor/ClothLong/T_ClothLong_Herringbone_C.uexp" 2658
"C:/Users/djd10/OneDrive/Desktop/Game/The-Immortals-Alpha-build/Content/UltimateHorsePack/Materials/SaddleArmor/ClothLong/ML_SaddleClothBase.uasset" 2659
"C:/Users/djd10/OneDrive/Desktop/Game/The-Immortals-Alpha-build/Content/UltimateHorsePack/Materials/SaddleArmor/ClothLong/ML_SaddleClothBase.uexp" 2660
"C:/Users/djd10/OneDrive/Desktop/Game/The-Immortals-Alpha-build/Content/UltimateHorsePack/Materials/SaddleArmor/ClothLong/M_SaddleArmor_Base.uasset" 2661
"C:/Users/djd10/OneDrive/Desktop/Game/The-Immortals-Alpha-build/Content/UltimateHorsePack/Materials/SaddleArmor/ClothLong/M_SaddleArmor_Base.uexp" 2662
"C:/Users/djd10/OneDrive/Desktop/Game/The-Immortals-Alpha-build/Content/UltimateHorsePack/Materials/SaddleArmor/ClothLong/MI_ClothTest.uasset" 2663
"C:/Users/djd10/OneDrive/Desktop/Game/The-Immortals-Alpha-build/Content/UltimateHorsePack/Materials/SaddleArmor/ClothLong/MI_ClothTest.uexp" 2664
"C:/Users/djd10/OneDrive/Desktop/Game/The-Immortals-Alpha-build/Content/UltimateHorsePack/Textures/SaddleArmor/ClothLong/T_ClothLong_Mask_Dirt03.ubulk" 2665
"C:/Users/djd10/OneDrive/Desktop/Game/The-Immortals-Alpha-build/Content/UltimateHorsePack/Textures/SaddleArmor/ClothLong/T_ClothLong_Mask_Dirt03.uasset" 2666
"C:/Users/djd10/OneDrive/Desktop/Game/The-Immortals-Alpha-build/Content/UltimateHorsePack/Textures/SaddleArmor/ClothLong/T_ClothLong_Mask_Dirt03.uexp" 2667
"C:/Users/djd10/OneDrive/Desktop/Game/The-Immortals-Alpha-build/Content/UltimateHorsePack/Materials/SaddleArmor/ClothLong/MI_ClothLong_Herringbone_Dirty1.uasset" 2668
"C:/Users/djd10/OneDrive/Desktop/Game/The-Immortals-Alpha-build/Content/UltimateHorsePack/Materials/SaddleArmor/ClothLong/MI_ClothLong_Herringbone_Dirty1.uexp" 2669
"C:/Users/djd10/OneDrive/Desktop/Game/The-Immortals-Alpha-build/Content/UltimateHorsePack/Meshes/SKM_HorseArmor_Variant1.uasset" 2670
"C:/Users/djd10/OneDrive/Desktop/Game/The-Immortals-Alpha-build/Content/UltimateHorsePack/Meshes/SKM_HorseArmor_Variant1.uexp" 2671
"C:/Users/djd10/OneDrive/Desktop/Game/The-Immortals-Alpha-build/Content/UltimateHorsePack/Textures/T_Horse_Brown02_C.ubulk" 2672
"C:/Users/djd10/OneDrive/Desktop/Game/The-Immortals-Alpha-build/Content/UltimateHorsePack/Textures/T_Horse_Brown02_C.uasset" 2673
"C:/Users/djd10/OneDrive/Desktop/Game/The-Immortals-Alpha-build/Content/UltimateHorsePack/Textures/T_Horse_Brown02_C.uexp" 2674
"C:/Users/djd10/OneDrive/Desktop/Game/The-Immortals-Alpha-build/Content/UltimateHorsePack/Materials/MI_Horse_Brown02_Realistic.uasset" 2675
"C:/Users/djd10/OneDrive/Desktop/Game/The-Immortals-Alpha-build/Content/UltimateHorsePack/Materials/MI_Horse_Brown02_Realistic.uexp" 2676
"C:/Users/djd10/OneDrive/Desktop/Game/The-Immortals-Alpha-build/Content/UltimateHorsePack/Textures/Hair/T_Hair_A.ubulk" 2677
"C:/Users/djd10/OneDrive/Desktop/Game/The-Immortals-Alpha-build/Content/UltimateHorsePack/Textures/Hair/T_Hair_A.uasset" 2678
"C:/Users/djd10/OneDrive/Desktop/Game/The-Immortals-Alpha-build/Content/UltimateHorsePack/Textures/Hair/T_Hair_A.uexp" 2679
"C:/Users/djd10/OneDrive/Desktop/Game/The-Immortals-Alpha-build/Content/UltimateHorsePack/Textures/Hair/T_hair_Depth.ubulk" 2680
"C:/Users/djd10/OneDrive/Desktop/Game/The-Immortals-Alpha-build/Content/UltimateHorsePack/Textures/Hair/T_hair_Depth.uasset" 2681
"C:/Users/djd10/OneDrive/Desktop/Game/The-Immortals-Alpha-build/Content/UltimateHorsePack/Textures/Hair/T_hair_Depth.uexp" 2682
"C:/Users/djd10/OneDrive/Desktop/Game/The-Immortals-Alpha-build/Content/UltimateHorsePack/Textures/Hair/T_hair_ID.ubulk" 2683
"C:/Users/djd10/OneDrive/Desktop/Game/The-Immortals-Alpha-build/Content/UltimateHorsePack/Textures/Hair/T_hair_ID.uasset" 2684
"C:/Users/djd10/OneDrive/Desktop/Game/The-Immortals-Alpha-build/Content/UltimateHorsePack/Textures/Hair/T_hair_ID.uexp" 2685
"C:/Users/djd10/OneDrive/Desktop/Game/The-Immortals-Alpha-build/Content/UltimateHorsePack/Textures/Hair/T_Hair_Roots.ubulk" 2686
"C:/Users/djd10/OneDrive/Desktop/Game/The-Immortals-Alpha-build/Content/UltimateHorsePack/Textures/Hair/T_Hair_Roots.uasset" 2687
"C:/Users/djd10/OneDrive/Desktop/Game/The-Immortals-Alpha-build/Content/UltimateHorsePack/Textures/Hair/T_Hair_Roots.uexp" 2688
"C:/Users/djd10/OneDrive/Desktop/Game/The-Immortals-Alpha-build/Content/UltimateHorsePack/Textures/Hair/T_HairClump02_DyeMask.ubulk" 2689
"C:/Users/djd10/OneDrive/Desktop/Game/The-Immortals-Alpha-build/Content/UltimateHorsePack/Textures/Hair/T_HairClump02_DyeMask.uasset" 2690
"C:/Users/djd10/OneDrive/Desktop/Game/The-Immortals-Alpha-build/Content/UltimateHorsePack/Textures/Hair/T_HairClump02_DyeMask.uexp" 2691
"C:/Users/djd10/OneDrive/Desktop/Game/The-Immortals-Alpha-build/Content/UltimateHorsePack/Materials/Hair/M_HairSheet_Master2.uasset" 2692
"C:/Users/djd10/OneDrive/Desktop/Game/The-Immortals-Alpha-build/Content/UltimateHorsePack/Materials/Hair/M_HairSheet_Master2.uexp" 2693
"C:/Users/djd10/OneDrive/Desktop/Game/The-Immortals-Alpha-build/Content/UltimateHorsePack/Materials/Hair/MI_HorseHair_brown04.uasset" 2694
"C:/Users/djd10/OneDrive/Desktop/Game/The-Immortals-Alpha-build/Content/UltimateHorsePack/Materials/Hair/MI_HorseHair_brown04.uexp" 2695
"C:/Users/djd10/OneDrive/Desktop/Game/The-Immortals-Alpha-build/Content/UltimateHorsePack/Meshes/SKM_RealisticHorse_Maneless.uasset" 2696
"C:/Users/djd10/OneDrive/Desktop/Game/The-Immortals-Alpha-build/Content/UltimateHorsePack/Meshes/SKM_RealisticHorse_Maneless.uexp" 2697
"C:/Users/djd10/OneDrive/Desktop/Game/The-Immortals-Alpha-build/Content/UltimateHorsePack/Meshes/SK_HorseRealistic.uasset" 2698
"C:/Users/djd10/OneDrive/Desktop/Game/The-Immortals-Alpha-build/Content/UltimateHorsePack/Meshes/SK_HorseRealistic.uexp" 2699
"C:/Users/djd10/OneDrive/Desktop/Game/The-Immortals-Alpha-build/Content/UltimateHorsePack/Textures/T_SaddleRealistic_AORM.ubulk" 2700
"C:/Users/djd10/OneDrive/Desktop/Game/The-Immortals-Alpha-build/Content/UltimateHorsePack/Textures/T_SaddleRealistic_AORM.uasset" 2701
"C:/Users/djd10/OneDrive/Desktop/Game/The-Immortals-Alpha-build/Content/UltimateHorsePack/Textures/T_SaddleRealistic_AORM.uexp" 2702
"C:/Users/djd10/OneDrive/Desktop/Game/The-Immortals-Alpha-build/Content/UltimateHorsePack/Textures/T_SaddleRealistic_Normal.ubulk" 2703
"C:/Users/djd10/OneDrive/Desktop/Game/The-Immortals-Alpha-build/Content/UltimateHorsePack/Textures/T_SaddleRealistic_Normal.uasset" 2704
"C:/Users/djd10/OneDrive/Desktop/Game/The-Immortals-Alpha-build/Content/UltimateHorsePack/Textures/T_SaddleRealistic_Normal.uexp" 2705
"C:/Users/djd10/OneDrive/Desktop/Game/The-Immortals-Alpha-build/Content/UltimateHorsePack/Textures/T_SaddleRealsitic_COlor.ubulk" 2706
"C:/Users/djd10/OneDrive/Desktop/Game/The-Immortals-Alpha-build/Content/UltimateHorsePack/Textures/T_SaddleRealsitic_COlor.uasset" 2707
"C:/Users/djd10/OneDrive/Desktop/Game/The-Immortals-Alpha-build/Content/UltimateHorsePack/Textures/T_SaddleRealsitic_COlor.uexp" 2708
"C:/Users/djd10/OneDrive/Desktop/Game/The-Immortals-Alpha-build/Content/UltimateHorsePack/Materials/M_SaddleRealistic.uasset" 2709
"C:/Users/djd10/OneDrive/Desktop/Game/The-Immortals-Alpha-build/Content/UltimateHorsePack/Materials/M_SaddleRealistic.uexp" 2710
"C:/Users/djd10/OneDrive/Desktop/Game/The-Immortals-Alpha-build/Content/UltimateHorsePack/Meshes/SK_MedievalSaddle.uasset" 2711
"C:/Users/djd10/OneDrive/Desktop/Game/The-Immortals-Alpha-build/Content/UltimateHorsePack/Meshes/SK_MedievalSaddle.uexp" 2712
"C:/Users/djd10/OneDrive/Desktop/Game/The-Immortals-Alpha-build/Content/UltimateHorsePack/SFX/SFX_Horse_Grunt.ubulk" 2713
"C:/Users/djd10/OneDrive/Desktop/Game/The-Immortals-Alpha-build/Content/UltimateHorsePack/SFX/SFX_Horse_Grunt.uasset" 2714
"C:/Users/djd10/OneDrive/Desktop/Game/The-Immortals-Alpha-build/Content/UltimateHorsePack/SFX/SFX_Horse_Grunt.uexp" 2715
"C:/Users/djd10/OneDrive/Desktop/Game/The-Immortals-Alpha-build/Content/UltimateHorsePack/SFX/SFX_Horse_Neigh_03.ubulk" 2716
"C:/Users/djd10/OneDrive/Desktop/Game/The-Immortals-Alpha-build/Content/UltimateHorsePack/SFX/SFX_Horse_Neigh_03.uasset" 2717
"C:/Users/djd10/OneDrive/Desktop/Game/The-Immortals-Alpha-build/Content/UltimateHorsePack/SFX/SFX_Horse_Neigh_03.uexp" 2718
"C:/Users/djd10/OneDrive/Desktop/Game/The-Immortals-Alpha-build/Content/UltimateHorsePack/SFX/Cue_Hit_React.uasset" 2719
"C:/Users/djd10/OneDrive/Desktop/Game/The-Immortals-Alpha-build/Content/UltimateHorsePack/SFX/Cue_Hit_React.uexp" 2720
"C:/Users/djd10/OneDrive/Desktop/Game/The-Immortals-Alpha-build/Content/UltimateHorsePack/SFX/SFX_Footstep_1.ubulk" 2721
"C:/Users/djd10/OneDrive/Desktop/Game/The-Immortals-Alpha-build/Content/UltimateHorsePack/SFX/SFX_Footstep_1.uasset" 2722
"C:/Users/djd10/OneDrive/Desktop/Game/The-Immortals-Alpha-build/Content/UltimateHorsePack/SFX/SFX_Footstep_1.uexp" 2723
"C:/Users/djd10/OneDrive/Desktop/Game/The-Immortals-Alpha-build/Content/UltimateHorsePack/SFX/SFX_Footstep_2.ubulk" 2724
"C:/Users/djd10/OneDrive/Desktop/Game/The-Immortals-Alpha-build/Content/UltimateHorsePack/SFX/SFX_Footstep_2.uasset" 2725
"C:/Users/djd10/OneDrive/Desktop/Game/The-Immortals-Alpha-build/Content/UltimateHorsePack/SFX/SFX_Footstep_2.uexp" 2726
"C:/Users/djd10/OneDrive/Desktop/Game/The-Immortals-Alpha-build/Content/UltimateHorsePack/SFX/SFX_Footstep_3.ubulk" 2727
"C:/Users/djd10/OneDrive/Desktop/Game/The-Immortals-Alpha-build/Content/UltimateHorsePack/SFX/SFX_Footstep_3.uasset" 2728
"C:/Users/djd10/OneDrive/Desktop/Game/The-Immortals-Alpha-build/Content/UltimateHorsePack/SFX/SFX_Footstep_3.uexp" 2729
"C:/Users/djd10/OneDrive/Desktop/Game/The-Immortals-Alpha-build/Content/UltimateHorsePack/SFX/SFX_Footstep_4.ubulk" 2730
"C:/Users/djd10/OneDrive/Desktop/Game/The-Immortals-Alpha-build/Content/UltimateHorsePack/SFX/SFX_Footstep_4.uasset" 2731
"C:/Users/djd10/OneDrive/Desktop/Game/The-Immortals-Alpha-build/Content/UltimateHorsePack/SFX/SFX_Footstep_4.uexp" 2732
"C:/Users/djd10/OneDrive/Desktop/Game/The-Immortals-Alpha-build/Content/UltimateHorsePack/SFX/SFX_Footstep_5.ubulk" 2733
"C:/Users/djd10/OneDrive/Desktop/Game/The-Immortals-Alpha-build/Content/UltimateHorsePack/SFX/SFX_Footstep_5.uasset" 2734
"C:/Users/djd10/OneDrive/Desktop/Game/The-Immortals-Alpha-build/Content/UltimateHorsePack/SFX/SFX_Footstep_5.uexp" 2735
"C:/Users/djd10/OneDrive/Desktop/Game/The-Immortals-Alpha-build/Content/UltimateHorsePack/SFX/SFX_Footstep_6.ubulk" 2736
"C:/Users/djd10/OneDrive/Desktop/Game/The-Immortals-Alpha-build/Content/UltimateHorsePack/SFX/SFX_Footstep_6.uasset" 2737
"C:/Users/djd10/OneDrive/Desktop/Game/The-Immortals-Alpha-build/Content/UltimateHorsePack/SFX/SFX_Footstep_6.uexp" 2738
"C:/Users/djd10/OneDrive/Desktop/Game/The-Immortals-Alpha-build/Content/UltimateHorsePack/SFX/Cue_HorseFootstep_Concrete.uasset" 2739
"C:/Users/djd10/OneDrive/Desktop/Game/The-Immortals-Alpha-build/Content/UltimateHorsePack/SFX/Cue_HorseFootstep_Concrete.uexp" 2740
"C:/Users/djd10/OneDrive/Desktop/Game/The-Immortals-Alpha-build/Content/UltimateHorsePack/SFX/SFX_Horse_Footstep_Hard_1.ubulk" 2741
"C:/Users/djd10/OneDrive/Desktop/Game/The-Immortals-Alpha-build/Content/UltimateHorsePack/SFX/SFX_Horse_Footstep_Hard_1.uasset" 2742
"C:/Users/djd10/OneDrive/Desktop/Game/The-Immortals-Alpha-build/Content/UltimateHorsePack/SFX/SFX_Horse_Footstep_Hard_1.uexp" 2743
"C:/Users/djd10/OneDrive/Desktop/Game/The-Immortals-Alpha-build/Content/UltimateHorsePack/SFX/SFX_Horse_Footstep_Hard_2.ubulk" 2744
"C:/Users/djd10/OneDrive/Desktop/Game/The-Immortals-Alpha-build/Content/UltimateHorsePack/SFX/SFX_Horse_Footstep_Hard_2.uasset" 2745
"C:/Users/djd10/OneDrive/Desktop/Game/The-Immortals-Alpha-build/Content/UltimateHorsePack/SFX/SFX_Horse_Footstep_Hard_2.uexp" 2746
"C:/Users/djd10/OneDrive/Desktop/Game/The-Immortals-Alpha-build/Content/UltimateHorsePack/SFX/SFX_Horse_Footstep_hard_4.ubulk" 2747
"C:/Users/djd10/OneDrive/Desktop/Game/The-Immortals-Alpha-build/Content/UltimateHorsePack/SFX/SFX_Horse_Footstep_hard_4.uasset" 2748
"C:/Users/djd10/OneDrive/Desktop/Game/The-Immortals-Alpha-build/Content/UltimateHorsePack/SFX/SFX_Horse_Footstep_hard_4.uexp" 2749
"C:/Users/djd10/OneDrive/Desktop/Game/The-Immortals-Alpha-build/Content/UltimateHorsePack/SFX/SFX_Horse_Footstep_hard_7.ubulk" 2750
"C:/Users/djd10/OneDrive/Desktop/Game/The-Immortals-Alpha-build/Content/UltimateHorsePack/SFX/SFX_Horse_Footstep_hard_7.uasset" 2751
"C:/Users/djd10/OneDrive/Desktop/Game/The-Immortals-Alpha-build/Content/UltimateHorsePack/SFX/SFX_Horse_Footstep_hard_7.uexp" 2752
"C:/Users/djd10/OneDrive/Desktop/Game/The-Immortals-Alpha-build/Content/UltimateHorsePack/SFX/SFX_horse_footstep_hard_9.ubulk" 2753
"C:/Users/djd10/OneDrive/Desktop/Game/The-Immortals-Alpha-build/Content/UltimateHorsePack/SFX/SFX_horse_footstep_hard_9.uasset" 2754
"C:/Users/djd10/OneDrive/Desktop/Game/The-Immortals-Alpha-build/Content/UltimateHorsePack/SFX/SFX_horse_footstep_hard_9.uexp" 2755
"C:/Users/djd10/OneDrive/Desktop/Game/The-Immortals-Alpha-build/Content/UltimateHorsePack/SFX/SFX_horse_footstep_hard_10.ubulk" 2756
"C:/Users/djd10/OneDrive/Desktop/Game/The-Immortals-Alpha-build/Content/UltimateHorsePack/SFX/SFX_horse_footstep_hard_10.uasset" 2757
"C:/Users/djd10/OneDrive/Desktop/Game/The-Immortals-Alpha-build/Content/UltimateHorsePack/SFX/SFX_horse_footstep_hard_10.uexp" 2758
"C:/Users/djd10/OneDrive/Desktop/Game/The-Immortals-Alpha-build/Content/UltimateHorsePack/SFX/Cue_HorseFootstep_Dirt.uasset" 2759
"C:/Users/djd10/OneDrive/Desktop/Game/The-Immortals-Alpha-build/Content/UltimateHorsePack/SFX/Cue_HorseFootstep_Dirt.uexp" 2760
"C:/Users/djd10/OneDrive/Desktop/Game/The-Immortals-Alpha-build/Content/UltimateHorsePack/SFX/SFX_Grass_Footstep_6.ubulk" 2761
"C:/Users/djd10/OneDrive/Desktop/Game/The-Immortals-Alpha-build/Content/UltimateHorsePack/SFX/SFX_Grass_Footstep_6.uasset" 2762
"C:/Users/djd10/OneDrive/Desktop/Game/The-Immortals-Alpha-build/Content/UltimateHorsePack/SFX/SFX_Grass_Footstep_6.uexp" 2763
"C:/Users/djd10/OneDrive/Desktop/Game/The-Immortals-Alpha-build/Content/UltimateHorsePack/SFX/SFX_Grass_Footstep_8.ubulk" 2764
"C:/Users/djd10/OneDrive/Desktop/Game/The-Immortals-Alpha-build/Content/UltimateHorsePack/SFX/SFX_Grass_Footstep_8.uasset" 2765
"C:/Users/djd10/OneDrive/Desktop/Game/The-Immortals-Alpha-build/Content/UltimateHorsePack/SFX/SFX_Grass_Footstep_8.uexp" 2766
"C:/Users/djd10/OneDrive/Desktop/Game/The-Immortals-Alpha-build/Content/UltimateHorsePack/SFX/SFX_Grass_Footstep_9.ubulk" 2767
"C:/Users/djd10/OneDrive/Desktop/Game/The-Immortals-Alpha-build/Content/UltimateHorsePack/SFX/SFX_Grass_Footstep_9.uasset" 2768
"C:/Users/djd10/OneDrive/Desktop/Game/The-Immortals-Alpha-build/Content/UltimateHorsePack/SFX/SFX_Grass_Footstep_9.uexp" 2769
"C:/Users/djd10/OneDrive/Desktop/Game/The-Immortals-Alpha-build/Content/UltimateHorsePack/SFX/SFX_Grass_Footstep_10.ubulk" 2770
"C:/Users/djd10/OneDrive/Desktop/Game/The-Immortals-Alpha-build/Content/UltimateHorsePack/SFX/SFX_Grass_Footstep_10.uasset" 2771
"C:/Users/djd10/OneDrive/Desktop/Game/The-Immortals-Alpha-build/Content/UltimateHorsePack/SFX/SFX_Grass_Footstep_10.uexp" 2772
"C:/Users/djd10/OneDrive/Desktop/Game/The-Immortals-Alpha-build/Content/UltimateHorsePack/SFX/SFX_Grass_Footstep_13.ubulk" 2773
"C:/Users/djd10/OneDrive/Desktop/Game/The-Immortals-Alpha-build/Content/UltimateHorsePack/SFX/SFX_Grass_Footstep_13.uasset" 2774
"C:/Users/djd10/OneDrive/Desktop/Game/The-Immortals-Alpha-build/Content/UltimateHorsePack/SFX/SFX_Grass_Footstep_13.uexp" 2775
"C:/Users/djd10/OneDrive/Desktop/Game/The-Immortals-Alpha-build/Content/UltimateHorsePack/SFX/SFX_Grass_Footstep_14.ubulk" 2776
"C:/Users/djd10/OneDrive/Desktop/Game/The-Immortals-Alpha-build/Content/UltimateHorsePack/SFX/SFX_Grass_Footstep_14.uasset" 2777
"C:/Users/djd10/OneDrive/Desktop/Game/The-Immortals-Alpha-build/Content/UltimateHorsePack/SFX/SFX_Grass_Footstep_14.uexp" 2778
"C:/Users/djd10/OneDrive/Desktop/Game/The-Immortals-Alpha-build/Content/UltimateHorsePack/SFX/Cue_HorseFootstep_Grass.uasset" 2779
"C:/Users/djd10/OneDrive/Desktop/Game/The-Immortals-Alpha-build/Content/UltimateHorsePack/SFX/Cue_HorseFootstep_Grass.uexp" 2780
"C:/Users/djd10/OneDrive/Desktop/Game/The-Immortals-Alpha-build/Content/UltimateHorsePack/SFX/SFX_horse_Grunt_Wth_Pff.ubulk" 2781
"C:/Users/djd10/OneDrive/Desktop/Game/The-Immortals-Alpha-build/Content/UltimateHorsePack/SFX/SFX_horse_Grunt_Wth_Pff.uasset" 2782
"C:/Users/djd10/OneDrive/Desktop/Game/The-Immortals-Alpha-build/Content/UltimateHorsePack/SFX/SFX_horse_Grunt_Wth_Pff.uexp" 2783
"C:/Users/djd10/OneDrive/Desktop/Game/The-Immortals-Alpha-build/Content/UltimateHorsePack/SFX/SFX_Pff.ubulk" 2784
"C:/Users/djd10/OneDrive/Desktop/Game/The-Immortals-Alpha-build/Content/UltimateHorsePack/SFX/SFX_Pff.uasset" 2785
"C:/Users/djd10/OneDrive/Desktop/Game/The-Immortals-Alpha-build/Content/UltimateHorsePack/SFX/SFX_Pff.uexp" 2786
"C:/Users/djd10/OneDrive/Desktop/Game/The-Immortals-Alpha-build/Content/UltimateHorsePack/SFX/Cue_Horse_Grunt.uasset" 2787
"C:/Users/djd10/OneDrive/Desktop/Game/The-Immortals-Alpha-build/Content/UltimateHorsePack/SFX/Cue_Horse_Grunt.uexp" 2788
"C:/Users/djd10/OneDrive/Desktop/Game/The-Immortals-Alpha-build/Content/UltimateHorsePack/SFX/SFX_Horse_Neigh_02.ubulk" 2789
"C:/Users/djd10/OneDrive/Desktop/Game/The-Immortals-Alpha-build/Content/UltimateHorsePack/SFX/SFX_Horse_Neigh_02.uasset" 2790
"C:/Users/djd10/OneDrive/Desktop/Game/The-Immortals-Alpha-build/Content/UltimateHorsePack/SFX/SFX_Horse_Neigh_02.uexp" 2791
"C:/Users/djd10/OneDrive/Desktop/Game/The-Immortals-Alpha-build/Content/UltimateHorsePack/SFX/Cue_Horse_Neigh.uasset" 2792
"C:/Users/djd10/OneDrive/Desktop/Game/The-Immortals-Alpha-build/Content/UltimateHorsePack/SFX/Cue_Horse_Neigh.uexp" 2793
"C:/Users/djd10/OneDrive/Desktop/Game/The-Immortals-Alpha-build/Content/UltimateHorsePack/SFX/SFX_Jump_Effect_3.ubulk" 2794
"C:/Users/djd10/OneDrive/Desktop/Game/The-Immortals-Alpha-build/Content/UltimateHorsePack/SFX/SFX_Jump_Effect_3.uasset" 2795
"C:/Users/djd10/OneDrive/Desktop/Game/The-Immortals-Alpha-build/Content/UltimateHorsePack/SFX/SFX_Jump_Effect_3.uexp" 2796
"C:/Users/djd10/OneDrive/Desktop/Game/The-Immortals-Alpha-build/Content/UltimateHorsePack/SFX/SFX_Swimming_Loop.ubulk" 2797
"C:/Users/djd10/OneDrive/Desktop/Game/The-Immortals-Alpha-build/Content/UltimateHorsePack/SFX/SFX_Swimming_Loop.uasset" 2798
"C:/Users/djd10/OneDrive/Desktop/Game/The-Immortals-Alpha-build/Content/UltimateHorsePack/SFX/SFX_Swimming_Loop.uexp" 2799
"C:/Users/djd10/OneDrive/Desktop/Game/The-Immortals-Alpha-build/Content/UltimateHorsePack/SFX/SFX_Ya.ubulk" 2800
"C:/Users/djd10/OneDrive/Desktop/Game/The-Immortals-Alpha-build/Content/UltimateHorsePack/SFX/SFX_Ya.uasset" 2801
"C:/Users/djd10/OneDrive/Desktop/Game/The-Immortals-Alpha-build/Content/UltimateHorsePack/SFX/SFX_Ya.uexp" 2802
"C:/Users/djd10/OneDrive/Desktop/Game/The-Immortals-Alpha-build/Content/UltimateHorsePack/Materials/Hair/MI_HorseHair_Matte.uasset" 2803
"C:/Users/djd10/OneDrive/Desktop/Game/The-Immortals-Alpha-build/Content/UltimateHorsePack/Materials/Hair/MI_HorseHair_Matte.uexp" 2804
"C:/Users/djd10/OneDrive/Desktop/Game/The-Immortals-Alpha-build/Content/UltimateHorsePack/Textures/SaddleArmor/SaddleSeat/T_ArmoredSeat_Dirty_AORM.ubulk" 2805
"C:/Users/djd10/OneDrive/Desktop/Game/The-Immortals-Alpha-build/Content/UltimateHorsePack/Textures/SaddleArmor/SaddleSeat/T_ArmoredSeat_Dirty_AORM.uasset" 2806
"C:/Users/djd10/OneDrive/Desktop/Game/The-Immortals-Alpha-build/Content/UltimateHorsePack/Textures/SaddleArmor/SaddleSeat/T_ArmoredSeat_Dirty_AORM.uexp" 2807
"C:/Users/djd10/OneDrive/Desktop/Game/The-Immortals-Alpha-build/Content/UltimateHorsePack/Textures/SaddleArmor/SaddleSeat/T_ArmoredSeat_Dirty_C.ubulk" 2808
"C:/Users/djd10/OneDrive/Desktop/Game/The-Immortals-Alpha-build/Content/UltimateHorsePack/Textures/SaddleArmor/SaddleSeat/T_ArmoredSeat_Dirty_C.uasset" 2809
"C:/Users/djd10/OneDrive/Desktop/Game/The-Immortals-Alpha-build/Content/UltimateHorsePack/Textures/SaddleArmor/SaddleSeat/T_ArmoredSeat_Dirty_C.uexp" 2810
"C:/Users/djd10/OneDrive/Desktop/Game/The-Immortals-Alpha-build/Content/UltimateHorsePack/Textures/SaddleArmor/SaddleSeat/T_ArmoredSeat_Dirty_N.ubulk" 2811
"C:/Users/djd10/OneDrive/Desktop/Game/The-Immortals-Alpha-build/Content/UltimateHorsePack/Textures/SaddleArmor/SaddleSeat/T_ArmoredSeat_Dirty_N.uasset" 2812
"C:/Users/djd10/OneDrive/Desktop/Game/The-Immortals-Alpha-build/Content/UltimateHorsePack/Textures/SaddleArmor/SaddleSeat/T_ArmoredSeat_Dirty_N.uexp" 2813
"C:/Users/djd10/OneDrive/Desktop/Game/The-Immortals-Alpha-build/Content/UltimateHorsePack/Materials/SaddleArmor/MI_ArmoredSeatDirty.uasset" 2814
"C:/Users/djd10/OneDrive/Desktop/Game/The-Immortals-Alpha-build/Content/UltimateHorsePack/Materials/SaddleArmor/MI_ArmoredSeatDirty.uexp" 2815
"C:/Users/djd10/OneDrive/Desktop/Game/The-Immortals-Alpha-build/Content/UltimateHorsePack/Materials/SaddleArmor/MI_ArmoredSeatNew.uasset" 2816
"C:/Users/djd10/OneDrive/Desktop/Game/The-Immortals-Alpha-build/Content/UltimateHorsePack/Materials/SaddleArmor/MI_ArmoredSeatNew.uexp" 2817
"C:/Users/djd10/OneDrive/Desktop/Game/The-Immortals-Alpha-build/Content/UltimateHorsePack/Textures/SaddleArmor/MetalPlating/T_MetalPlating_Old_AORM.ubulk" 2818
"C:/Users/djd10/OneDrive/Desktop/Game/The-Immortals-Alpha-build/Content/UltimateHorsePack/Textures/SaddleArmor/MetalPlating/T_MetalPlating_Old_AORM.uasset" 2819
"C:/Users/djd10/OneDrive/Desktop/Game/The-Immortals-Alpha-build/Content/UltimateHorsePack/Textures/SaddleArmor/MetalPlating/T_MetalPlating_Old_AORM.uexp" 2820
"C:/Users/djd10/OneDrive/Desktop/Game/The-Immortals-Alpha-build/Content/UltimateHorsePack/Textures/SaddleArmor/MetalPlating/T_MetalPlating_Old_C.ubulk" 2821
"C:/Users/djd10/OneDrive/Desktop/Game/The-Immortals-Alpha-build/Content/UltimateHorsePack/Textures/SaddleArmor/MetalPlating/T_MetalPlating_Old_C.uasset" 2822
"C:/Users/djd10/OneDrive/Desktop/Game/The-Immortals-Alpha-build/Content/UltimateHorsePack/Textures/SaddleArmor/MetalPlating/T_MetalPlating_Old_C.uexp" 2823
"C:/Users/djd10/OneDrive/Desktop/Game/The-Immortals-Alpha-build/Content/UltimateHorsePack/Textures/SaddleArmor/MetalPlating/T_MetalPlating_Old_N.ubulk" 2824
"C:/Users/djd10/OneDrive/Desktop/Game/The-Immortals-Alpha-build/Content/UltimateHorsePack/Textures/SaddleArmor/MetalPlating/T_MetalPlating_Old_N.uasset" 2825
"C:/Users/djd10/OneDrive/Desktop/Game/The-Immortals-Alpha-build/Content/UltimateHorsePack/Textures/SaddleArmor/MetalPlating/T_MetalPlating_Old_N.uexp" 2826
"C:/Users/djd10/OneDrive/Desktop/Game/The-Immortals-Alpha-build/Content/UltimateHorsePack/Materials/SaddleArmor/MI_MetalPlatingOld.uasset" 2827
"C:/Users/djd10/OneDrive/Desktop/Game/The-Immortals-Alpha-build/Content/UltimateHorsePack/Materials/SaddleArmor/MI_MetalPlatingOld.uexp" 2828
"C:/Users/djd10/OneDrive/Desktop/Game/The-Immortals-Alpha-build/Content/UltimateHorsePack/Textures/SaddleArmor/MetalPlating/T_MetalPlating_AORM.ubulk" 2829
"C:/Users/djd10/OneDrive/Desktop/Game/The-Immortals-Alpha-build/Content/UltimateHorsePack/Textures/SaddleArmor/MetalPlating/T_MetalPlating_AORM.uasset" 2830
"C:/Users/djd10/OneDrive/Desktop/Game/The-Immortals-Alpha-build/Content/UltimateHorsePack/Textures/SaddleArmor/MetalPlating/T_MetalPlating_AORM.uexp" 2831
"C:/Users/djd10/OneDrive/Desktop/Game/The-Immortals-Alpha-build/Content/UltimateHorsePack/Textures/SaddleArmor/MetalPlating/T_MetalPlating_C.ubulk" 2832
"C:/Users/djd10/OneDrive/Desktop/Game/The-Immortals-Alpha-build/Content/UltimateHorsePack/Textures/SaddleArmor/MetalPlating/T_MetalPlating_C.uasset" 2833
"C:/Users/djd10/OneDrive/Desktop/Game/The-Immortals-Alpha-build/Content/UltimateHorsePack/Textures/SaddleArmor/MetalPlating/T_MetalPlating_C.uexp" 2834
"C:/Users/djd10/OneDrive/Desktop/Game/The-Immortals-Alpha-build/Content/UltimateHorsePack/Textures/SaddleArmor/MetalPlating/T_MetalPlating_N.ubulk" 2835
"C:/Users/djd10/OneDrive/Desktop/Game/The-Immortals-Alpha-build/Content/UltimateHorsePack/Textures/SaddleArmor/MetalPlating/T_MetalPlating_N.uasset" 2836
"C:/Users/djd10/OneDrive/Desktop/Game/The-Immortals-Alpha-build/Content/UltimateHorsePack/Textures/SaddleArmor/MetalPlating/T_MetalPlating_N.uexp" 2837
"C:/Users/djd10/OneDrive/Desktop/Game/The-Immortals-Alpha-build/Content/UltimateHorsePack/Materials/SaddleArmor/MI_MetalPlatingPlain.uasset" 2838
"C:/Users/djd10/OneDrive/Desktop/Game/The-Immortals-Alpha-build/Content/UltimateHorsePack/Materials/SaddleArmor/MI_MetalPlatingPlain.uexp" 2839
"C:/Users/djd10/OneDrive/Desktop/Game/The-Immortals-Alpha-build/Content/UltimateHorsePack/Textures/VFX/Dirt/T_Stones_A.ubulk" 2840
"C:/Users/djd10/OneDrive/Desktop/Game/The-Immortals-Alpha-build/Content/UltimateHorsePack/Textures/VFX/Dirt/T_Stones_A.uasset" 2841
"C:/Users/djd10/OneDrive/Desktop/Game/The-Immortals-Alpha-build/Content/UltimateHorsePack/Textures/VFX/Dirt/T_Stones_A.uexp" 2842
"C:/Users/djd10/OneDrive/Desktop/Game/The-Immortals-Alpha-build/Content/UltimateHorsePack/Textures/VFX/Dirt/T_Stones_D.ubulk" 2843
"C:/Users/djd10/OneDrive/Desktop/Game/The-Immortals-Alpha-build/Content/UltimateHorsePack/Textures/VFX/Dirt/T_Stones_D.uasset" 2844
"C:/Users/djd10/OneDrive/Desktop/Game/The-Immortals-Alpha-build/Content/UltimateHorsePack/Textures/VFX/Dirt/T_Stones_D.uexp" 2845
"C:/Users/djd10/OneDrive/Desktop/Game/The-Immortals-Alpha-build/Content/UltimateHorsePack/Textures/VFX/Dirt/T_Stones_N.ubulk" 2846
"C:/Users/djd10/OneDrive/Desktop/Game/The-Immortals-Alpha-build/Content/UltimateHorsePack/Textures/VFX/Dirt/T_Stones_N.uasset" 2847
"C:/Users/djd10/OneDrive/Desktop/Game/The-Immortals-Alpha-build/Content/UltimateHorsePack/Textures/VFX/Dirt/T_Stones_N.uexp" 2848
"C:/Users/djd10/OneDrive/Desktop/Game/The-Immortals-Alpha-build/Content/UltimateHorsePack/Textures/VFX/Dirt/T_Stones_R.ubulk" 2849
"C:/Users/djd10/OneDrive/Desktop/Game/The-Immortals-Alpha-build/Content/UltimateHorsePack/Textures/VFX/Dirt/T_Stones_R.uasset" 2850
"C:/Users/djd10/OneDrive/Desktop/Game/The-Immortals-Alpha-build/Content/UltimateHorsePack/Textures/VFX/Dirt/T_Stones_R.uexp" 2851
"C:/Users/djd10/OneDrive/Desktop/Game/The-Immortals-Alpha-build/Content/UltimateHorsePack/Materials/M_Dirt.uasset" 2852
"C:/Users/djd10/OneDrive/Desktop/Game/The-Immortals-Alpha-build/Content/UltimateHorsePack/Materials/M_Dirt.uexp" 2853
"C:/Users/djd10/OneDrive/Desktop/Game/The-Immortals-Alpha-build/Content/UltimateHorsePack/Textures/VFX/Horseshoe/T_HorseShoe_A.ubulk" 2854
"C:/Users/djd10/OneDrive/Desktop/Game/The-Immortals-Alpha-build/Content/UltimateHorsePack/Textures/VFX/Horseshoe/T_HorseShoe_A.uasset" 2855
"C:/Users/djd10/OneDrive/Desktop/Game/The-Immortals-Alpha-build/Content/UltimateHorsePack/Textures/VFX/Horseshoe/T_HorseShoe_A.uexp" 2856
"C:/Users/djd10/OneDrive/Desktop/Game/The-Immortals-Alpha-build/Content/UltimateHorsePack/Textures/VFX/Horseshoe/T_HorseShoe_D.ubulk" 2857
"C:/Users/djd10/OneDrive/Desktop/Game/The-Immortals-Alpha-build/Content/UltimateHorsePack/Textures/VFX/Horseshoe/T_HorseShoe_D.uasset" 2858
"C:/Users/djd10/OneDrive/Desktop/Game/The-Immortals-Alpha-build/Content/UltimateHorsePack/Textures/VFX/Horseshoe/T_HorseShoe_D.uexp" 2859
"C:/Users/djd10/OneDrive/Desktop/Game/The-Immortals-Alpha-build/Content/UltimateHorsePack/Textures/VFX/Horseshoe/T_HorseShoe_N.ubulk" 2860
"C:/Users/djd10/OneDrive/Desktop/Game/The-Immortals-Alpha-build/Content/UltimateHorsePack/Textures/VFX/Horseshoe/T_HorseShoe_N.uasset" 2861
"C:/Users/djd10/OneDrive/Desktop/Game/The-Immortals-Alpha-build/Content/UltimateHorsePack/Textures/VFX/Horseshoe/T_HorseShoe_N.uexp" 2862
"C:/Users/djd10/OneDrive/Desktop/Game/The-Immortals-Alpha-build/Content/UltimateHorsePack/Textures/VFX/Horseshoe/T_HorseShoe_R.ubulk" 2863
"C:/Users/djd10/OneDrive/Desktop/Game/The-Immortals-Alpha-build/Content/UltimateHorsePack/Textures/VFX/Horseshoe/T_HorseShoe_R.uasset" 2864
"C:/Users/djd10/OneDrive/Desktop/Game/The-Immortals-Alpha-build/Content/UltimateHorsePack/Textures/VFX/Horseshoe/T_HorseShoe_R.uexp" 2865
"C:/Users/djd10/OneDrive/Desktop/Game/The-Immortals-Alpha-build/Content/UltimateHorsePack/Materials/Decals/M_HorseshoeDecal_01.uasset" 2866
"C:/Users/djd10/OneDrive/Desktop/Game/The-Immortals-Alpha-build/Content/UltimateHorsePack/Materials/Decals/M_HorseshoeDecal_01.uexp" 2867
"C:/Users/djd10/OneDrive/Desktop/Game/The-Immortals-Alpha-build/Content/UltimateHorsePack/Materials/Decals/MI_HorseshoeDecal_Dirt.uasset" 2868
"C:/Users/djd10/OneDrive/Desktop/Game/The-Immortals-Alpha-build/Content/UltimateHorsePack/Materials/Decals/MI_HorseshoeDecal_Dirt.uexp" 2869
"C:/Users/djd10/OneDrive/Desktop/Game/The-Immortals-Alpha-build/Content/UltimateHorsePack/Materials/Decals/MI_HorseshoeDecal_Snow.uasset" 2870
"C:/Users/djd10/OneDrive/Desktop/Game/The-Immortals-Alpha-build/Content/UltimateHorsePack/Materials/Decals/MI_HorseshoeDecal_Snow.uexp" 2871
"C:/Users/djd10/OneDrive/Desktop/Game/The-Immortals-Alpha-build/Content/UltimateHorsePack/Textures/VFX/T_SmokeBurst_RA_01.ubulk" 2872
"C:/Users/djd10/OneDrive/Desktop/Game/The-Immortals-Alpha-build/Content/UltimateHorsePack/Textures/VFX/T_SmokeBurst_RA_01.uasset" 2873
"C:/Users/djd10/OneDrive/Desktop/Game/The-Immortals-Alpha-build/Content/UltimateHorsePack/Textures/VFX/T_SmokeBurst_RA_01.uexp" 2874
"C:/Users/djd10/OneDrive/Desktop/Game/The-Immortals-Alpha-build/Content/UltimateHorsePack/Materials/Smokes/M_SmokeBurst.uasset" 2875
"C:/Users/djd10/OneDrive/Desktop/Game/The-Immortals-Alpha-build/Content/UltimateHorsePack/Materials/Smokes/M_SmokeBurst.uexp" 2876
"C:/Users/djd10/OneDrive/Desktop/Game/The-Immortals-Alpha-build/Content/UltimateHorsePack/Textures/VFX/T_SmokeBurst_RA_02.ubulk" 2877
"C:/Users/djd10/OneDrive/Desktop/Game/The-Immortals-Alpha-build/Content/UltimateHorsePack/Textures/VFX/T_SmokeBurst_RA_02.uasset" 2878
"C:/Users/djd10/OneDrive/Desktop/Game/The-Immortals-Alpha-build/Content/UltimateHorsePack/Textures/VFX/T_SmokeBurst_RA_02.uexp" 2879
"C:/Users/djd10/OneDrive/Desktop/Game/The-Immortals-Alpha-build/Content/UltimateHorsePack/Materials/Smokes/MI_SmokeBurst_02.uasset" 2880
"C:/Users/djd10/OneDrive/Desktop/Game/The-Immortals-Alpha-build/Content/UltimateHorsePack/Materials/Smokes/MI_SmokeBurst_02.uexp" 2881
"C:/Users/djd10/OneDrive/Desktop/Game/The-Immortals-Alpha-build/Content/UltimateHorsePack/VFX/NiagaraSystems/FXS_HorseCanterFootstep_Dirt.uasset" 2882
"C:/Users/djd10/OneDrive/Desktop/Game/The-Immortals-Alpha-build/Content/UltimateHorsePack/VFX/NiagaraSystems/FXS_HorseCanterFootstep_Dirt.uexp" 2883
"../../../Engine/Plugins/FX/Niagara/Content/VectorFields/Assets/TilingCurl32.uasset" 2884
"../../../Engine/Plugins/FX/Niagara/Content/VectorFields/Assets/TilingCurl32.uexp" 2885
"C:/Users/djd10/OneDrive/Desktop/Game/The-Immortals-Alpha-build/Content/UltimateHorsePack/VFX/NiagaraSystems/FXS_HorseDecelerate_Dirt.uasset" 2886
"C:/Users/djd10/OneDrive/Desktop/Game/The-Immortals-Alpha-build/Content/UltimateHorsePack/VFX/NiagaraSystems/FXS_HorseDecelerate_Dirt.uexp" 2887
"C:/Users/djd10/OneDrive/Desktop/Game/The-Immortals-Alpha-build/Content/UltimateHorsePack/Textures/VFX/T_GrungeNoise_02.ubulk" 2888
"C:/Users/djd10/OneDrive/Desktop/Game/The-Immortals-Alpha-build/Content/UltimateHorsePack/Textures/VFX/T_GrungeNoise_02.uasset" 2889
"C:/Users/djd10/OneDrive/Desktop/Game/The-Immortals-Alpha-build/Content/UltimateHorsePack/Textures/VFX/T_GrungeNoise_02.uexp" 2890
"C:/Users/djd10/OneDrive/Desktop/Game/The-Immortals-Alpha-build/Content/UltimateHorsePack/Textures/VFX/T_BlurredCaustic_01.ubulk" 2891
"C:/Users/djd10/OneDrive/Desktop/Game/The-Immortals-Alpha-build/Content/UltimateHorsePack/Textures/VFX/T_BlurredCaustic_01.uasset" 2892
"C:/Users/djd10/OneDrive/Desktop/Game/The-Immortals-Alpha-build/Content/UltimateHorsePack/Textures/VFX/T_BlurredCaustic_01.uexp" 2893
"C:/Users/djd10/OneDrive/Desktop/Game/The-Immortals-Alpha-build/Content/UltimateHorsePack/Materials/M_BodyWind.uasset" 2894
"C:/Users/djd10/OneDrive/Desktop/Game/The-Immortals-Alpha-build/Content/UltimateHorsePack/Materials/M_BodyWind.uexp" 2895
"C:/Users/djd10/OneDrive/Desktop/Game/The-Immortals-Alpha-build/Content/UltimateHorsePack/Textures/VFX/T_GrungeNoise_01.ubulk" 2896
"C:/Users/djd10/OneDrive/Desktop/Game/The-Immortals-Alpha-build/Content/UltimateHorsePack/Textures/VFX/T_GrungeNoise_01.uasset" 2897
"C:/Users/djd10/OneDrive/Desktop/Game/The-Immortals-Alpha-build/Content/UltimateHorsePack/Textures/VFX/T_GrungeNoise_01.uexp" 2898
"C:/Users/djd10/OneDrive/Desktop/Game/The-Immortals-Alpha-build/Content/UltimateHorsePack/Materials/MI_BodyWind.uasset" 2899
"C:/Users/djd10/OneDrive/Desktop/Game/The-Immortals-Alpha-build/Content/UltimateHorsePack/Materials/MI_BodyWind.uexp" 2900
"C:/Users/djd10/OneDrive/Desktop/Game/The-Immortals-Alpha-build/Content/UltimateHorsePack/Meshes/SM_HeadVFX.ubulk" 2901
"C:/Users/djd10/OneDrive/Desktop/Game/The-Immortals-Alpha-build/Content/UltimateHorsePack/Meshes/SM_HeadVFX.uasset" 2902
"C:/Users/djd10/OneDrive/Desktop/Game/The-Immortals-Alpha-build/Content/UltimateHorsePack/Meshes/SM_HeadVFX.uexp" 2903
"C:/Users/djd10/OneDrive/Desktop/Game/The-Immortals-Alpha-build/Content/UltimateHorsePack/VFX/NiagaraSystems/FXS_SpeedWind.uasset" 2904
"C:/Users/djd10/OneDrive/Desktop/Game/The-Immortals-Alpha-build/Content/UltimateHorsePack/VFX/NiagaraSystems/FXS_SpeedWind.uexp" 2905
"C:/Users/djd10/OneDrive/Desktop/Game/The-Immortals-Alpha-build/Content/UltimateHorsePack/Textures/SaddleArmor/ClothLong/T_ClothLong_AORM.ubulk" 2906
"C:/Users/djd10/OneDrive/Desktop/Game/The-Immortals-Alpha-build/Content/UltimateHorsePack/Textures/SaddleArmor/ClothLong/T_ClothLong_AORM.uasset" 2907
"C:/Users/djd10/OneDrive/Desktop/Game/The-Immortals-Alpha-build/Content/UltimateHorsePack/Textures/SaddleArmor/ClothLong/T_ClothLong_AORM.uexp" 2908
"C:/Users/djd10/OneDrive/Desktop/Game/The-Immortals-Alpha-build/Content/UltimateHorsePack/Textures/SaddleArmor/ClothLong/T_ClothLong_C.ubulk" 2909
"C:/Users/djd10/OneDrive/Desktop/Game/The-Immortals-Alpha-build/Content/UltimateHorsePack/Textures/SaddleArmor/ClothLong/T_ClothLong_C.uasset" 2910
"C:/Users/djd10/OneDrive/Desktop/Game/The-Immortals-Alpha-build/Content/UltimateHorsePack/Textures/SaddleArmor/ClothLong/T_ClothLong_C.uexp" 2911
"C:/Users/djd10/OneDrive/Desktop/Game/The-Immortals-Alpha-build/Content/UltimateHorsePack/Materials/SaddleArmor/ClothLong/MI_ClothLong_Dirty1.uasset" 2912
"C:/Users/djd10/OneDrive/Desktop/Game/The-Immortals-Alpha-build/Content/UltimateHorsePack/Materials/SaddleArmor/ClothLong/MI_ClothLong_Dirty1.uexp" 2913
"C:/Users/djd10/OneDrive/Desktop/Game/The-Immortals-Alpha-build/Content/UltimateHorsePack/Textures/SaddleArmor/ClothLong/T_ClothLong_Quilt_AORM.ubulk" 2914
"C:/Users/djd10/OneDrive/Desktop/Game/The-Immortals-Alpha-build/Content/UltimateHorsePack/Textures/SaddleArmor/ClothLong/T_ClothLong_Quilt_AORM.uasset" 2915
"C:/Users/djd10/OneDrive/Desktop/Game/The-Immortals-Alpha-build/Content/UltimateHorsePack/Textures/SaddleArmor/ClothLong/T_ClothLong_Quilt_AORM.uexp" 2916
"C:/Users/djd10/OneDrive/Desktop/Game/The-Immortals-Alpha-build/Content/UltimateHorsePack/Textures/SaddleArmor/ClothLong/T_ClothLong_Quilt_C.ubulk" 2917
"C:/Users/djd10/OneDrive/Desktop/Game/The-Immortals-Alpha-build/Content/UltimateHorsePack/Textures/SaddleArmor/ClothLong/T_ClothLong_Quilt_C.uasset" 2918
"C:/Users/djd10/OneDrive/Desktop/Game/The-Immortals-Alpha-build/Content/UltimateHorsePack/Textures/SaddleArmor/ClothLong/T_ClothLong_Quilt_C.uexp" 2919
"C:/Users/djd10/OneDrive/Desktop/Game/The-Immortals-Alpha-build/Content/UltimateHorsePack/Textures/SaddleArmor/ClothLong/T_ClothLong_Quilt_Dirty_N.ubulk" 2920
"C:/Users/djd10/OneDrive/Desktop/Game/The-Immortals-Alpha-build/Content/UltimateHorsePack/Textures/SaddleArmor/ClothLong/T_ClothLong_Quilt_Dirty_N.uasset" 2921
"C:/Users/djd10/OneDrive/Desktop/Game/The-Immortals-Alpha-build/Content/UltimateHorsePack/Textures/SaddleArmor/ClothLong/T_ClothLong_Quilt_Dirty_N.uexp" 2922
"C:/Users/djd10/OneDrive/Desktop/Game/The-Immortals-Alpha-build/Content/UltimateHorsePack/Materials/SaddleArmor/ClothLong/MI_ClothLong_Quilt_Dirty1.uasset" 2923
"C:/Users/djd10/OneDrive/Desktop/Game/The-Immortals-Alpha-build/Content/UltimateHorsePack/Materials/SaddleArmor/ClothLong/MI_ClothLong_Quilt_Dirty1.uexp" 2924
"C:/Users/djd10/OneDrive/Desktop/Game/The-Immortals-Alpha-build/Content/UltimateHorsePack/Textures/SaddleArmor/ClothLong/T_ClothLong_SilkPlain_AORM.ubulk" 2925
"C:/Users/djd10/OneDrive/Desktop/Game/The-Immortals-Alpha-build/Content/UltimateHorsePack/Textures/SaddleArmor/ClothLong/T_ClothLong_SilkPlain_AORM.uasset" 2926
"C:/Users/djd10/OneDrive/Desktop/Game/The-Immortals-Alpha-build/Content/UltimateHorsePack/Textures/SaddleArmor/ClothLong/T_ClothLong_SilkPlain_AORM.uexp" 2927
"C:/Users/djd10/OneDrive/Desktop/Game/The-Immortals-Alpha-build/Content/UltimateHorsePack/Textures/SaddleArmor/ClothLong/T_ClothLong_SilkPlain_C.ubulk" 2928
"C:/Users/djd10/OneDrive/Desktop/Game/The-Immortals-Alpha-build/Content/UltimateHorsePack/Textures/SaddleArmor/ClothLong/T_ClothLong_SilkPlain_C.uasset" 2929
"C:/Users/djd10/OneDrive/Desktop/Game/The-Immortals-Alpha-build/Content/UltimateHorsePack/Textures/SaddleArmor/ClothLong/T_ClothLong_SilkPlain_C.uexp" 2930
"C:/Users/djd10/OneDrive/Desktop/Game/The-Immortals-Alpha-build/Content/UltimateHorsePack/Textures/SaddleArmor/ClothLong/T_ClothLong_SilkPlain_N.ubulk" 2931
"C:/Users/djd10/OneDrive/Desktop/Game/The-Immortals-Alpha-build/Content/UltimateHorsePack/Textures/SaddleArmor/ClothLong/T_ClothLong_SilkPlain_N.uasset" 2932
"C:/Users/djd10/OneDrive/Desktop/Game/The-Immortals-Alpha-build/Content/UltimateHorsePack/Textures/SaddleArmor/ClothLong/T_ClothLong_SilkPlain_N.uexp" 2933
"C:/Users/djd10/OneDrive/Desktop/Game/The-Immortals-Alpha-build/Content/UltimateHorsePack/Materials/SaddleArmor/ClothLong/MI_ClothLong_SilkPlain_Clean.uasset" 2934
"C:/Users/djd10/OneDrive/Desktop/Game/The-Immortals-Alpha-build/Content/UltimateHorsePack/Materials/SaddleArmor/ClothLong/MI_ClothLong_SilkPlain_Clean.uexp" 2935
"C:/Users/djd10/OneDrive/Desktop/Game/The-Immortals-Alpha-build/Content/UltimateHorsePack/Textures/SaddleArmor/ClothLong/T_ClothLong_Silk_Dirty_AORM.ubulk" 2936
"C:/Users/djd10/OneDrive/Desktop/Game/The-Immortals-Alpha-build/Content/UltimateHorsePack/Textures/SaddleArmor/ClothLong/T_ClothLong_Silk_Dirty_AORM.uasset" 2937
"C:/Users/djd10/OneDrive/Desktop/Game/The-Immortals-Alpha-build/Content/UltimateHorsePack/Textures/SaddleArmor/ClothLong/T_ClothLong_Silk_Dirty_AORM.uexp" 2938
"C:/Users/djd10/OneDrive/Desktop/Game/The-Immortals-Alpha-build/Content/UltimateHorsePack/Textures/SaddleArmor/ClothLong/T_ClothLong_Silk_Dirty_C.ubulk" 2939
"C:/Users/djd10/OneDrive/Desktop/Game/The-Immortals-Alpha-build/Content/UltimateHorsePack/Textures/SaddleArmor/ClothLong/T_ClothLong_Silk_Dirty_C.uasset" 2940
"C:/Users/djd10/OneDrive/Desktop/Game/The-Immortals-Alpha-build/Content/UltimateHorsePack/Textures/SaddleArmor/ClothLong/T_ClothLong_Silk_Dirty_C.uexp" 2941
"C:/Users/djd10/OneDrive/Desktop/Game/The-Immortals-Alpha-build/Content/UltimateHorsePack/Textures/SaddleArmor/ClothLong/T_ClothLong_Silk_Dirty_N.ubulk" 2942
"C:/Users/djd10/OneDrive/Desktop/Game/The-Immortals-Alpha-build/Content/UltimateHorsePack/Textures/SaddleArmor/ClothLong/T_ClothLong_Silk_Dirty_N.uasset" 2943
"C:/Users/djd10/OneDrive/Desktop/Game/The-Immortals-Alpha-build/Content/UltimateHorsePack/Textures/SaddleArmor/ClothLong/T_ClothLong_Silk_Dirty_N.uexp" 2944
"C:/Users/djd10/OneDrive/Desktop/Game/The-Immortals-Alpha-build/Content/UltimateHorsePack/Materials/SaddleArmor/ClothLong/MI_ClothLong_SilkPlain_Dirty3.uasset" 2945
"C:/Users/djd10/OneDrive/Desktop/Game/The-Immortals-Alpha-build/Content/UltimateHorsePack/Materials/SaddleArmor/ClothLong/MI_ClothLong_SilkPlain_Dirty3.uexp" 2946
"C:/Users/djd10/OneDrive/Desktop/Game/The-Immortals-Alpha-build/Content/UltimateHorsePack/Textures/SaddleArmor/ClothLong/T_ClothLong_Woven_AORM.ubulk" 2947
"C:/Users/djd10/OneDrive/Desktop/Game/The-Immortals-Alpha-build/Content/UltimateHorsePack/Textures/SaddleArmor/ClothLong/T_ClothLong_Woven_AORM.uasset" 2948
"C:/Users/djd10/OneDrive/Desktop/Game/The-Immortals-Alpha-build/Content/UltimateHorsePack/Textures/SaddleArmor/ClothLong/T_ClothLong_Woven_AORM.uexp" 2949
"C:/Users/djd10/OneDrive/Desktop/Game/The-Immortals-Alpha-build/Content/UltimateHorsePack/Textures/SaddleArmor/ClothLong/T_ClothLong_Woven_C.ubulk" 2950
"C:/Users/djd10/OneDrive/Desktop/Game/The-Immortals-Alpha-build/Content/UltimateHorsePack/Textures/SaddleArmor/ClothLong/T_ClothLong_Woven_C.uasset" 2951
"C:/Users/djd10/OneDrive/Desktop/Game/The-Immortals-Alpha-build/Content/UltimateHorsePack/Textures/SaddleArmor/ClothLong/T_ClothLong_Woven_C.uexp" 2952
"C:/Users/djd10/OneDrive/Desktop/Game/The-Immortals-Alpha-build/Content/UltimateHorsePack/Textures/SaddleArmor/ClothLong/T_ClothLong_Woven_N.ubulk" 2953
"C:/Users/djd10/OneDrive/Desktop/Game/The-Immortals-Alpha-build/Content/UltimateHorsePack/Textures/SaddleArmor/ClothLong/T_ClothLong_Woven_N.uasset" 2954
"C:/Users/djd10/OneDrive/Desktop/Game/The-Immortals-Alpha-build/Content/UltimateHorsePack/Textures/SaddleArmor/ClothLong/T_ClothLong_Woven_N.uexp" 2955
"C:/Users/djd10/OneDrive/Desktop/Game/The-Immortals-Alpha-build/Content/UltimateHorsePack/Materials/SaddleArmor/ClothLong/MI_ClothLong_Woven_Clean1.uasset" 2956
"C:/Users/djd10/OneDrive/Desktop/Game/The-Immortals-Alpha-build/Content/UltimateHorsePack/Materials/SaddleArmor/ClothLong/MI_ClothLong_Woven_Clean1.uexp" 2957
"C:/Users/djd10/OneDrive/Desktop/Game/The-Immortals-Alpha-build/Content/UltimateHorsePack/Materials/SaddleArmor/ClothShort/MI_ClothShort_Clean1.uasset" 2958
"C:/Users/djd10/OneDrive/Desktop/Game/The-Immortals-Alpha-build/Content/UltimateHorsePack/Materials/SaddleArmor/ClothShort/MI_ClothShort_Clean1.uexp" 2959
"C:/Users/djd10/OneDrive/Desktop/Game/The-Immortals-Alpha-build/Content/UltimateHorsePack/Materials/SaddleArmor/ClothShort/MI_ClothShort_Clean2.uasset" 2960
"C:/Users/djd10/OneDrive/Desktop/Game/The-Immortals-Alpha-build/Content/UltimateHorsePack/Materials/SaddleArmor/ClothShort/MI_ClothShort_Clean2.uexp" 2961
"C:/Users/djd10/OneDrive/Desktop/Game/The-Immortals-Alpha-build/Content/UltimateHorsePack/Materials/SaddleArmor/ClothShort/MI_ClothShort_Dirty2.uasset" 2962
"C:/Users/djd10/OneDrive/Desktop/Game/The-Immortals-Alpha-build/Content/UltimateHorsePack/Materials/SaddleArmor/ClothShort/MI_ClothShort_Dirty2.uexp" 2963
"C:/Users/djd10/OneDrive/Desktop/Game/The-Immortals-Alpha-build/Content/UltimateHorsePack/Materials/SaddleArmor/ClothShort/MI_ClothShort_Dirty3.uasset" 2964
"C:/Users/djd10/OneDrive/Desktop/Game/The-Immortals-Alpha-build/Content/UltimateHorsePack/Materials/SaddleArmor/ClothShort/MI_ClothShort_Dirty3.uexp" 2965
"C:/Users/djd10/OneDrive/Desktop/Game/The-Immortals-Alpha-build/Content/UltimateHorsePack/Blueprints/BP_Horse.uasset" 2966
"C:/Users/djd10/OneDrive/Desktop/Game/The-Immortals-Alpha-build/Content/UltimateHorsePack/Blueprints/BP_Horse.uexp" 2967
"C:/Users/djd10/OneDrive/Desktop/Game/The-Immortals-Alpha-build/Content/UltimateHorsePack/Blueprints/BP_RiderX.uasset" 2968
"C:/Users/djd10/OneDrive/Desktop/Game/The-Immortals-Alpha-build/Content/UltimateHorsePack/Blueprints/BP_RiderX.uexp" 2969
"C:/Users/djd10/OneDrive/Desktop/Game/The-Immortals-Alpha-build/Content/DemoTemplate/_Core/BP_GM_Template.uasset" 2970
"C:/Users/djd10/OneDrive/Desktop/Game/The-Immortals-Alpha-build/Content/DemoTemplate/_Core/BP_GM_Template.uexp" 2971
"C:/Users/djd10/OneDrive/Desktop/Game/The-Immortals-Alpha-build/Content/DemoTemplate/_Core/BP_UI_Update.uasset" 2972
"C:/Users/djd10/OneDrive/Desktop/Game/The-Immortals-Alpha-build/Content/DemoTemplate/_Core/BP_UI_Update.uexp" 2973
"../../../Engine/Content/Functions/Engine_MaterialFunctions02/ExampleContent/Textures/flipbook.ubulk" 2974
"../../../Engine/Content/Functions/Engine_MaterialFunctions02/ExampleContent/Textures/flipbook.uasset" 2975
"../../../Engine/Content/Functions/Engine_MaterialFunctions02/ExampleContent/Textures/flipbook.uexp" 2976
"../../../Engine/Content/Functions/Engine_MaterialFunctions01/Texturing/ComputeMipLevel.uasset" 2977
"../../../Engine/Content/Functions/Engine_MaterialFunctions01/Texturing/ComputeMipLevel.uexp" 2978
"../../../Engine/Content/Functions/Engine_MaterialFunctions02/ExampleContent/Textures/DebugNumberPeriod.uasset" 2979
"../../../Engine/Content/Functions/Engine_MaterialFunctions02/ExampleContent/Textures/DebugNumberPeriod.uexp" 2980
"../../../Engine/Content/Functions/Engine_MaterialFunctions02/Utility/DebugScalarValues.uasset" 2981
"../../../Engine/Content/Functions/Engine_MaterialFunctions02/Utility/DebugScalarValues.uexp" 2982
"../../../Engine/Content/Functions/Engine_MaterialFunctions02/Utility/DebugFloat2Values.uasset" 2983
"../../../Engine/Content/Functions/Engine_MaterialFunctions02/Utility/DebugFloat2Values.uexp" 2984
"../../../Engine/Content/Functions/Engine_MaterialFunctions02/Texturing/FlipBook.uasset" 2985
"../../../Engine/Content/Functions/Engine_MaterialFunctions02/Texturing/FlipBook.uexp" 2986
"C:/Users/djd10/OneDrive/Desktop/Game/The-Immortals-Alpha-build/Content/DemoTemplate/_Core/T_CoinRender_Tex.uasset" 2987
"C:/Users/djd10/OneDrive/Desktop/Game/The-Immortals-Alpha-build/Content/DemoTemplate/_Core/T_CoinRender_Tex.uexp" 2988
"C:/Users/djd10/OneDrive/Desktop/Game/The-Immortals-Alpha-build/Content/DemoTemplate/_Core/M_Helper.uasset" 2989
"C:/Users/djd10/OneDrive/Desktop/Game/The-Immortals-Alpha-build/Content/DemoTemplate/_Core/M_Helper.uexp" 2990
"C:/Users/djd10/OneDrive/Desktop/Game/The-Immortals-Alpha-build/Content/DemoTemplate/_Core/DevCom/BP_DevCom.uasset" 2991
"C:/Users/djd10/OneDrive/Desktop/Game/The-Immortals-Alpha-build/Content/DemoTemplate/_Core/DevCom/BP_DevCom.uexp" 2992
"C:/Users/djd10/OneDrive/Desktop/Game/The-Immortals-Alpha-build/Content/DemoTemplate/_Core/DevCom/BP_TextSwitcher.uasset" 2993
"C:/Users/djd10/OneDrive/Desktop/Game/The-Immortals-Alpha-build/Content/DemoTemplate/_Core/DevCom/BP_TextSwitcher.uexp" 2994
"C:/Users/djd10/OneDrive/Desktop/Game/The-Immortals-Alpha-build/Content/DemoTemplate/_Core/DevCom/BP_Titles.uasset" 2995
"C:/Users/djd10/OneDrive/Desktop/Game/The-Immortals-Alpha-build/Content/DemoTemplate/_Core/DevCom/BP_Titles.uexp" 2996
"C:/Users/djd10/OneDrive/Desktop/Game/The-Immortals-Alpha-build/Content/DemoTemplate/_Core/DevCom/DL_DevCom.uasset" 2997
"C:/Users/djd10/OneDrive/Desktop/Game/The-Immortals-Alpha-build/Content/DemoTemplate/_Core/DevCom/DL_DevCom.uexp" 2998
"C:/Users/djd10/OneDrive/Desktop/Game/The-Immortals-Alpha-build/Content/DemoTemplate/_Core/KeyboardKey/BP_KeyboardKey.uasset" 2999
"C:/Users/djd10/OneDrive/Desktop/Game/The-Immortals-Alpha-build/Content/DemoTemplate/_Core/KeyboardKey/BP_KeyboardKey.uexp" 3000
"C:/Users/djd10/OneDrive/Desktop/Game/The-Immortals-Alpha-build/Content/DemoTemplate/_Core/KeyboardKey/UIE_Mouse.uasset" 3001
"C:/Users/djd10/OneDrive/Desktop/Game/The-Immortals-Alpha-build/Content/DemoTemplate/_Core/KeyboardKey/UIE_Mouse.uexp" 3002
"C:/Users/djd10/OneDrive/Desktop/Game/The-Immortals-Alpha-build/Content/DemoTemplate/_Core/KeyboardKey/BP_MouseKey.uasset" 3003
"C:/Users/djd10/OneDrive/Desktop/Game/The-Immortals-Alpha-build/Content/DemoTemplate/_Core/KeyboardKey/BP_MouseKey.uexp" 3004
"C:/Users/djd10/OneDrive/Desktop/Game/The-Immortals-Alpha-build/Content/DemoTemplate/_Core/BP_SpawnPoint.uasset" 3005
"C:/Users/djd10/OneDrive/Desktop/Game/The-Immortals-Alpha-build/Content/DemoTemplate/_Core/BP_SpawnPoint.uexp" 3006
"../../../Engine/Content/Maps/Entry_BuiltData.uasset" 3007
"../../../Engine/Content/Maps/Entry_BuiltData.uexp" 3008
"../../../Engine/Content/Maps/Entry.uexp" 3009
"../../../Engine/Content/Maps/Entry.umap" 3010
"C:/Users/djd10/OneDrive/Desktop/Game/The-Immortals-Alpha-build/Content/DemoTemplate/_Core/Lvl_IntroRoom.uexp" 3011
"C:/Users/djd10/OneDrive/Desktop/Game/The-Immortals-Alpha-build/Content/DemoTemplate/_Core/Lvl_IntroRoom.umap" 3012
"C:/Users/djd10/OneDrive/Desktop/Game/The-Immortals-Alpha-build/Content/DemoTemplate/_Core/Lvl_IntroRoom/_Generated_/E6T2BWSXPDFHV9BD5ZDCM47SA.uexp" 3013
"C:/Users/djd10/OneDrive/Desktop/Game/The-Immortals-Alpha-build/Content/DemoTemplate/_Core/Lvl_IntroRoom/_Generated_/E6T2BWSXPDFHV9BD5ZDCM47SA.umap" 3014
